Unnamed: 0,id,created_at,journal,identifier,date,counterpart,label,number,quantity,unit_price,VAT_code,debit,credit,balance,gl_account_number,customer_id,needs_review,balance_num,start_fiscal_year,end_fiscal_year,bank_transaction_id,import_page,auto_corrected,balance_order,document_id,invoice_id,validated
2000,dbdd060d-ad66-4b10-bf78-fe44173500b2,2025-03-11 10:19:18,AI,24080382,2024-08-31,,TERRENA FACTURE APPORT LAIT DE VACHE,,,,,0.0,41904.97,,70210852,16450bc2-f930-4052-a3f7-a602646e64cc,False,,,,,1,False,1,cb20ab1d-854d-48ba-8fd8-120f3028132d,f860208c-0cdb-47c3-8c8e-9907a62b9a87,False
2002,079fca74-d556-404c-866f-907f7a5c792e,2025-03-11 10:19:18,AI,24080382,2024-08-31,,TERRENA FACTURE APPORT LAIT DE VACHE,,,,,44209.74,0.0,,41110000,16450bc2-f930-4052-a3f7-a602646e64cc,False,,,,,1,False,1,cb20ab1d-854d-48ba-8fd8-120f3028132d,f860208c-0cdb-47c3-8c8e-9907a62b9a87,False
2200,ad5424f8-909c-454a-91fe-280af94d5fb0,2025-03-11 10:19:46,AI,24070383,2024-07-31,,TERRENA FACTURE APPORT LAIT DE VACHE,,,,,55576.59,0.0,,41110000,16450bc2-f930-4052-a3f7-a602646e64cc,False,,,,,1,False,1,08fdb6fa-a37f-4cde-a0f6-6971343e2ada,8475910e-7e38-42d5-9b2d-071afcd9910c,False
2201,7a8a5a1e-2713-43cc-85b5-2d37267abc18,2025-03-11 10:19:46,AI,24070383,2024-07-31,,TERRENA FACTURE LAIT DE VACHE,,,,,0.0,53295.03,,70210852,16450bc2-f930-4052-a3f7-a602646e64cc,False,,,,,1,False,1,08fdb6fa-a37f-4cde-a0f6-6971343e2ada,8475910e-7e38-42d5-9b2d-071afcd9910c,False
2445,4b918f6a-52e2-4909-a91b-f3fc6898ae8d,2025-03-11 10:21:13,AI,24060385,2024-06-30,,TERRENA FACTURE APPORT LAIT DE VACHE,,,,,0.0,55110.79,,70210852,16450bc2-f930-4052-a3f7-a602646e64cc,False,,,,,1,False,1,ad573f54-7ce2-4789-b7a8-49f053296460,7d6652b6-8573-403d-a0aa-8a4cd0e78aa1,False
2451,c8848b7d-416a-4841-99a9-6304526bf2e3,2025-03-11 10:21:13,AI,24060385,2024-06-30,,TERRENA FACTURE APPORT LAIT DE VACHE,,,,,57461.05,0.0,,41110000,16450bc2-f930-4052-a3f7-a602646e64cc,False,,,,,1,False,1,ad573f54-7ce2-4789-b7a8-49f053296460,7d6652b6-8573-403d-a0aa-8a4cd0e78aa1,False
2589,dbb17951-fe9b-41f3-9852-c61f53c6d3d8,2025-03-11 10:22:51,AI,T270611,2024-06-12,,TERRENA REMISE EXCEP ALIM BOVIN,,,,,0.0,2039.0,,60910000,16450bc2-f930-4052-a3f7-a602646e64cc,False,,,,,1,False,1,ca3fb77a-2bb2-4f44-854a-695c78eeb1b6,b89e19d7-5314-4816-b6d8-dc36ef8cea78,False
2648,37d706ab-bf16-45ac-b4ca-073e9fd1c564,2025-03-11 10:22:19,AI,24050386,2024-05-31,,TERRENA FACTURE APPORT LAIT DE VACHE,,,,,59408.49,0.0,,41110000,16450bc2-f930-4052-a3f7-a602646e64cc,False,,,,,1,False,1,d7b1b324-8dfa-4e95-b8ad-1073abea614f,61d5e586-c252-4ab2-9f83-fe4623dad935,False
2649,da153f30-c5ae-4350-a00b-78c6a37e501c,2025-03-11 10:22:19,AI,24050386,2024-05-31,,TERRENA FACTURE LAIT DE VACHE,,,,,0.0,56968.31,,70210852,16450bc2-f930-4052-a3f7-a602646e64cc,False,,,,,1,False,1,d7b1b324-8dfa-4e95-b8ad-1073abea614f,61d5e586-c252-4ab2-9f83-fe4623dad935,False
2849,72daec31-9423-463a-a0df-323b408a21dd,2025-03-11 10:23:03,AI,24040386,2024-04-30,,TERRENA FACTURE APPORT LAIT DE VACHE,,,,,0.0,57314.77,,70210852,16450bc2-f930-4052-a3f7-a602646e64cc,False,,,,,1,False,1,e596bdda-2f08-4791-8455-162615dac973,125a2431-e983-4a0d-b94e-bc6e3c907fb6,False
2853,68e98647-5b3b-4f19-8b67-86142c7cb098,2025-03-11 10:23:03,AI,24040386,2024-04-30,,TERRENA FACTURE APPORT LAIT DE VACHE,,,,,59776.11,0.0,,41110000,16450bc2-f930-4052-a3f7-a602646e64cc,False,,,,,1,False,1,e596bdda-2f08-4791-8455-162615dac973,125a2431-e983-4a0d-b94e-bc6e3c907fb6,False
2977,66b9ac55-b840-48af-af46-ccfa7ae19d93,2025-03-11 10:24:30,AI,FMC92265,2024-04-15,,TERRENA ALT CHAT ADLT BOEUF 3KG P,,,,,12.08,0.0,,60141852,16450bc2-f930-4052-a3f7-a602646e64cc,False,,,,,1,False,1,e493bea2-eb01-462a-855e-2d06d9afa88a,683850c1-a7e8-442e-b506-a584f08c543c,False
3037,2a04e59e-9e8e-467f-9791-d8f6437619ff,2025-03-11 10:24:07,AI,24030387,2024-03-31,,TERRENA FACTURE APPORT LAIT DE VACHE,,,,,64110.73,0.0,,41110000,16450bc2-f930-4052-a3f7-a602646e64cc,False,,,,,1,False,1,d8e966fc-ff41-4d1d-9550-d1d296db6051,e7f2da4d-95f8-45ca-96aa-f9aac648da30,False
3114,0e1e9e8c-759c-4421-94ae-776d377b362f,2025-02-13 12:45:08,AI,INO2402697,2024-03-24,,INOVALYS SEROLOGIE BOVIN PARATUBERCULOSE,,,,,9.65,0.0,,60540852,16450bc2-f930-4052-a3f7-a602646e64cc,False,,,,,1,False,1,e6433097-2402-4e2c-bd82-ad30d82dd11a,409e76ac-f64a-4247-9d3a-de6853416de0,False
3262,d3bd950d-9069-4a1c-8ad2-5b34e95e2e45,2025-03-11 10:25:05,AI,24020388,2024-02-29,,TERRENA FACTURE APPORT LAIT DE VACHE,,,,,0.0,52697.93,,70210852,16450bc2-f930-4052-a3f7-a602646e64cc,False,,,,,1,False,1,d861b9ff-9c87-48ab-bc58-c4391ac6605d,ffd46e91-4a83-4d62-a56c-c308ffb0109c,False
3268,efdbd964-7f6f-40bb-8377-dd4ac0d96a22,2025-03-11 10:25:05,AI,24020388,2024-02-29,,TERRENA FACTURE APPORT LAIT DE VACHE,,,,,54960.47,0.0,,41110000,16450bc2-f930-4052-a3f7-a602646e64cc,False,,,,,1,False,1,d861b9ff-9c87-48ab-bc58-c4391ac6605d,ffd46e91-4a83-4d62-a56c-c308ffb0109c,False
3374,d73e9ac9-3e38-4e59-a9b3-89b2f5401ae4,2025-03-11 10:26:42,AI,FMC75587,2024-02-15,,TERRENA ALT CHAT ADLT BOEUF 3KG P,,,,,11.62,0.0,,60141852,16450bc2-f930-4052-a3f7-a602646e64cc,False,,,,,1,False,1,1f013c7b-b437-4adf-8850-e5c377a1ead6,d141734d-d140-46c5-84b8-5920d3594130,False
3476,03238727-c7af-4197-876d-e2bce5738641,2025-03-11 10:26:21,AI,24010389,2024-01-31,,TERRENA FACTURE LAIT DE VACHE,,,,,0.0,57408.23,,70210852,16450bc2-f930-4052-a3f7-a602646e64cc,False,,,,,1,False,1,585801cb-5433-4c79-99a5-fc68c8d222aa,181d25dc-1f62-43a8-ac74-e0d9da231912,False
3477,2557b79c-b5d2-4e5d-9315-24fb55c65b3a,2025-03-11 10:26:21,AI,24010389,2024-01-31,,TERRENA FACTURE APPORT LAIT DE VACHE,,,,,59884.82,0.0,,41110000,16450bc2-f930-4052-a3f7-a602646e64cc,False,,,,,1,False,1,585801cb-5433-4c79-99a5-fc68c8d222aa,181d25dc-1f62-43a8-ac74-e0d9da231912,False
3631,4dc16f41-2579-48b5-982d-1168de0def2f,2025-03-11 10:27:04,AI,23120392,2023-12-31,,TERRENA FACTURE APPORT LAIT DE VACHE,,,,,0.0,50099.09,,70210852,16450bc2-f930-4052-a3f7-a602646e64cc,False,,,,,1,False,1,529d80f1-6fbb-49de-8cbe-3e632cad8d61,16ee040f-cda6-4d24-a7e1-8c29485f4e76,False
3637,6c8ed114-d62a-42ea-b6af-1fc2d68a2213,2025-03-11 10:27:04,AI,23120392,2023-12-31,,TERRENA FACTURE APPORT LAIT DE VACHE,,,,,52258.96,0.0,,41110000,16450bc2-f930-4052-a3f7-a602646e64cc,False,,,,,1,False,1,529d80f1-6fbb-49de-8cbe-3e632cad8d61,16ee040f-cda6-4d24-a7e1-8c29485f4e76,False
3701,27d240bb-48fb-42d7-a6e0-1abaab2307d6,2025-02-14 13:18:41,09,,2023-12-31,32000000,Stock ST-BOVINS Vaches Laitières,,139.0,1162.3,,0.0,161568.0,,71210000,16450bc2-f930-4052-a3f7-a602646e64cc,False,7419.0,2023-01-01,2023-12-31,,223,False,1,,,False
3702,2886033f-c28e-4e56-8c9a-e427c5de4de1,2025-02-14 13:18:41,09,,2023-12-31,32000000,Stock ST-BOVINS Génisses pour Repro,,137.0,840.67,,0.0,115172.0,,71220000,16450bc2-f930-4052-a3f7-a602646e64cc,False,16833.0,2023-01-01,2023-12-31,,223,False,1,,,False
3703,67506817-80de-4441-935d-dff99d442c46,2025-02-14 13:18:41,09,,2023-12-31,32000000,Stock ST-BOVINS Veaux Laitiers 8 Jour,,11.0,331.45,,0.0,3646.0,,71320000,16450bc2-f930-4052-a3f7-a602646e64cc,False,250.0,2023-01-01,2023-12-31,,223,False,1,,,False
3924,87d2a9f9-921f-4dd6-9578-06a1209bcd0f,2025-02-14 07:45:18,09,,2023-12-31,71320000,Stock ST-BOVINS Veaux Laitiers 8 Jour,,11.0,331.45,,3646.0,0.0,,32000000,16450bc2-f930-4052-a3f7-a602646e64cc,False,-3646.0,2023-01-01,2023-12-31,,29,False,1,,,False
3964,f4aac8ee-4749-4e51-90ad-fd9f6a83ae5d,2025-02-14 07:52:43,60,DF22,2023-12-31,60160000,INNOVAL TRAV.TIERS VACHE L,,,,,0.0,810.92,,401DEBIT,16450bc2-f930-4052-a3f7-a602646e64cc,False,20460.1,2023-01-01,2023-12-31,,36,False,1,,,False
3965,4b8f2de3-98e1-45b1-ab73-80234682b923,2025-02-14 07:52:43,60,DF21,2023-12-31,60160000,INNOVAL TRAV.TIERS VACHE L,,,,,0.0,79.74,,401DEBIT,16450bc2-f930-4052-a3f7-a602646e64cc,False,19649.18,2023-01-01,2023-12-31,,36,False,1,,,False
4016,8e5a6071-dbcb-4aff-b7e4-0332a1cabdc2,2025-02-14 10:00:21,60,DF21,2023-12-31,401DEBIT,INNOVAL TRAV.TIERS VACHE L,,,,,4.16,0.0,,44566000,16450bc2-f930-4052-a3f7-a602646e64cc,False,-104905.1,2023-01-01,2023-12-31,,70,False,1,,,False
4017,0bfd6212-71fe-443a-b753-16a3f8730279,2025-02-14 10:00:21,60,DF22,2023-12-31,401DEBIT,INNOVAL TRAV.TIERS VACHE L,,,,,37.4,0.0,,44566000,16450bc2-f930-4052-a3f7-a602646e64cc,False,-104942.5,2023-01-01,2023-12-31,,70,False,1,,,False
4018,919c9cd5-9acf-447a-a460-f60df654c18c,2025-02-14 10:00:58,60,DF22,2023-12-31,401DEBIT,INNOVAL TRAV.TIERS VACHE L,,,,,30.58,0.0,,44566000,16450bc2-f930-4052-a3f7-a602646e64cc,False,-104973.08,2023-01-01,2023-12-31,,70,False,1,,,False
4061,c6ae6a6c-dbc9-4fe8-b818-2897775c59f9,2025-02-14 07:42:05,09,,2023-12-31,71320000,Stock ST-BOVINS Vaches Laitières,,139.0,1162.3,,161568.0,0.0,,24100000,16450bc2-f930-4052-a3f7-a602646e64cc,False,-161568.0,2023-01-01,2023-12-31,,24,False,1,,,False
4062,9d58271a-08d7-41b7-9201-956d8b6e187c,2025-02-14 07:42:05,09,,2023-12-31,71320000,Stock ST-BOVINS Génisses pour Repro,,137.0,840.67,,115172.0,0.0,,24200000,16450bc2-f930-4052-a3f7-a602646e64cc,False,-115172.0,2023-01-01,2023-12-31,,24,False,1,,,False
4087,92f3f5bb-2691-498a-940f-fa099f60a788,2025-02-14 07:55:04,60,DF42,2023-12-28,60540852,INOVALYS TRAV.TIERS VACHE L,,,,,0.0,350.4,,401ENCAIS,16450bc2-f930-4052-a3f7-a602646e64cc,False,26297.1,2023-01-01,2023-12-31,,38,False,1,,,False
4096,2d53fe0e-f20e-4b95-b3ea-e4b6baa0ff9f,2025-02-14 10:00:21,60,DF42,2023-12-28,401ENCAIS,INOVALYS TRAV.TIERS VACHE L,,,,,58.4,0.0,,44566000,16450bc2-f930-4052-a3f7-a602646e64cc,False,-101934.53,2023-01-01,2023-12-31,,70,False,1,,,False
4113,d5fff0fd-bd59-48a5-b67e-4cf2dfc7a1c4,2025-02-14 12:21:22,60,DF42,2023-12-28,401ENCAIS,INOVALYS TRAV.TIERS VACHE L,,,,P4,292.0,0.0,,60540852,16450bc2-f930-4052-a3f7-a602646e64cc,False,-12514.29,2023-01-01,2023-12-31,,167,False,1,,,False
4276,d2a96d0d-be83-4fff-b94d-89ccb01a49c7,2025-02-14 12:44:48,21,595,2023-12-22,51210000,BLANCHARD TRANSPORT BOVIN,,,,P4,175.0,0.0,,62480000,16450bc2-f930-4052-a3f7-a602646e64cc,False,-175.0,2023-01-01,2023-12-31,,188,False,1,,,False
4968,884c1909-ca76-4267-a31d-04f3cafb9ebb,2025-02-14 10:06:31,21,,2023-11-23,51210000,ASP AIDE BOVINE HEXAG,,,,,0.0,0.0,,44571900,16450bc2-f930-4052-a3f7-a602646e64cc,False,0.0,2023-01-01,2023-12-31,,75,False,1,,,False
4978,6e73e454-6939-48ab-b6b2-11a90ed21887,2025-02-14 13:21:49,21,,2023-11-23,51210000,ASP AIDE BOVINE HEXAG,,,,EZ,0.0,136.08,,74540000,16450bc2-f930-4052-a3f7-a602646e64cc,False,3270.96,2023-01-01,2023-12-31,,227,False,1,,,False
5122,03341d0d-2b47-4c1d-bd88-d7587fcb591c,2025-02-14 07:55:04,60,DF39,2023-11-15,60540852,INOVALYS TRAV.TIERS VACHE L,,,,,0.0,220.2,,401ENCAIS,16450bc2-f930-4052-a3f7-a602646e64cc,False,8791.3,2023-01-01,2023-12-31,,38,False,1,,,False
5123,dad5350f-0cdc-4685-933d-0589736d990f,2025-02-14 09:56:00,60,DF39,2023-11-15,401ENCAIS,INOVALYS TRAV.TIERS VACHE L,,,,,36.7,0.0,,44566000,16450bc2-f930-4052-a3f7-a602646e64cc,False,-84465.98,2023-01-01,2023-12-31,,66,False,1,,,False
5125,c9a7cc8e-45c5-4a17-9dd7-248f6c830504,2025-02-14 12:21:22,60,DF39,2023-11-15,401ENCAIS,INOVALYS TRAV.TIERS VACHE L,,,,P4,183.5,0.0,,60540852,16450bc2-f930-4052-a3f7-a602646e64cc,False,-11697.36,2023-01-01,2023-12-31,,167,False,1,,,False
5254,b6373b92-0e6f-4094-9ec2-2ad1fd335792,2025-02-14 10:55:05,21,494,2023-11-05,60541000,TERROIR ANCENIS ABATTAGE N°3406 - 7,N°8530886,,,,0.0,372.9,,51210000,16450bc2-f930-4052-a3f7-a602646e64cc,False,26082.53,2023-01-01,2023-12-31,,119,False,1,,,False
5255,62e1236b-f403-4263-99b5-e355ab9d0d16,2025-02-14 12:21:22,21,494,2023-11-05,51210000,TERROIR ANCENIS ABATTAGE N°3406 - 7 N°8530886,,,,P4,29.42,0.0,,60541000,16450bc2-f930-4052-a3f7-a602646e64cc,False,-29.42,2023-01-01,2023-12-31,,167,False,1,,,False
5256,c1597a1b-c3ef-425d-9a4b-aa27bb1e5589,2025-02-14 12:21:22,21,494,2023-11-05,51210000,TERROIR ANCENIS ABATTAGE N°3406 - 7,,,,P2,320.0,0.0,,60541000,16450bc2-f930-4052-a3f7-a602646e64cc,False,-349.42,2023-01-01,2023-12-31,,167,False,1,,,False
5720,5b166d85-76ce-481d-9978-bbe5c17c3ca4,2025-02-14 13:21:49,21,,2023-10-17,51210000,ASP AIDE BOVINE HEXAG,,,,EZ,0.0,3134.88,,74540000,16450bc2-f930-4052-a3f7-a602646e64cc,False,3134.88,2023-01-01,2023-12-31,,227,False,1,,,False
5725,c48a278a-ecec-4e59-bb48-e545187ccc48,2025-02-14 10:06:30,21,,2023-10-17,51210000,ASP AIDE BOVINE HEXAG,,,,,0.0,0.0,,44571900,16450bc2-f930-4052-a3f7-a602646e64cc,False,0.0,2023-01-01,2023-12-31,,75,False,1,,,False
6929,ace32366-7e91-4396-b337-95f2e6b027f7,2025-02-14 12:12:03,21,329,2023-08-02,51210000,SYNETICS DOSES BOVINES,,,,P5,200.0,0.0,,60160000,16450bc2-f930-4052-a3f7-a602646e64cc,False,-10310.95,2023-01-01,2023-12-31,,158,False,1,,,False
10896,5e2a5882-568e-462a-ba55-71d989d2af2b,2025-02-14 13:18:41,09,,2023-01-01,24100000,Stock ST-BOVINS Vaches Laitières,,-136.0,1133.4,,154149.0,0.0,,71210000,16450bc2-f930-4052-a3f7-a602646e64cc,False,-154149.0,2023-01-01,2023-12-31,,223,False,1,,,False
10897,05b33e30-09f6-47de-83bc-b3647ae6c293,2025-02-14 13:18:41,09,,2023-01-01,24100000,Stock ST-BOVINS Génisses pour Repro,,-131.0,750.68,,98339.0,0.0,,71220000,16450bc2-f930-4052-a3f7-a602646e64cc,False,-98339.0,2023-01-01,2023-12-31,,223,False,1,,,False
10898,6b66d7e4-34f1-4b88-9c35-1e9b98eb2590,2025-02-14 13:18:41,09,,2023-01-01,24100000,Stock ST-BOVINS Veaux Laitiers 8 Jour,,-12.0,283.0,,3396.0,0.0,,71320000,16450bc2-f930-4052-a3f7-a602646e64cc,False,-3396.0,2023-01-01,2023-12-31,,223,False,1,,,False
10936,33d2e4c3-a9a1-43aa-bc8e-db2a26a05bc5,2025-02-14 07:42:05,09,,2023-01-01,71210000,Stock ST-BOVINS Vaches Laitières,,-136.0,1133.4,,0.0,154149.0,,24100000,16450bc2-f930-4052-a3f7-a602646e64cc,False,0.0,2023-01-01,2023-12-31,,24,False,1,,,False
10938,92fcf550-0ba6-4a09-bf0c-dddfca5b5a54,2025-02-14 07:42:05,09,,2023-01-01,71210000,Stock ST-BOVINS Génisses pour Repro,,-131.0,750.68,,0.0,98339.0,,24200000,16450bc2-f930-4052-a3f7-a602646e64cc,False,0.0,2023-01-01,2023-12-31,,24,False,1,,,False
10976,22240d41-039b-4636-b817-23a84acf7622,2025-02-14 07:45:18,09,,2023-01-01,71210000,Stock ST-BOVINS Veaux Laitiers 8 Jour,,-12.0,283.0,,0.0,3396.0,,32000000,16450bc2-f930-4052-a3f7-a602646e64cc,False,0.0,2023-01-01,2023-12-31,,29,False,1,,,False
11215,3d0f2146-95a6-48bf-9981-943592bec040,2025-01-16 16:54:39,09,,2022-12-31,32000000,Stock ST-BOVINS Vaches Laitières,,136.0,133.45,,,154149.0,"C 16365,99",71210000,16450bc2-f930-4052-a3f7-a602646e64cc,False,16365.99,2022-01-01,2022-12-31,,1,False,1,,,False
11216,7742eea6-4a2d-415d-a3b9-d9debaf2fff7,2025-01-16 16:54:48,09,,2022-12-31,32000000,Stock ST-BOVINS Veaux Laitiers 8 Jours,,12.0,283.0,,,3396.0,"C 1649,00",71320000,16450bc2-f930-4052-a3f7-a602646e64cc,False,1649.0,2022-01-01,2022-12-31,,1,False,1,,,False
11227,68c2c943-9752-4c5e-a599-e004461f3825,2025-01-16 16:54:48,09,,2022-12-31,32000000,Stock ST-BOVINS Génisses pour Reprodu,,131.0,750.68,,,98339.0,"C 24 544,00",71220000,16450bc2-f930-4052-a3f7-a602646e64cc,False,24544.0,2022-01-01,2022-12-31,,1,False,1,,,False
11403,3ffacec2-e05f-4ca0-8ff1-600cbcf064f1,2025-01-16 16:37:49,09,,2022-12-31,71320000,Stock ST-BOVINS Génisses pour Reprodu,,131.0,750.68,,98339.0,,"D 98 339,00",24200000,16450bc2-f930-4052-a3f7-a602646e64cc,False,-98339.0,2022-01-01,2022-12-31,,1,False,1,,,False
11404,f71ac224-ba07-4a74-b8a5-7ebfd3d4853d,2025-01-16 16:37:49,09,,2022-12-31,71320000,Stock ST-BOVINS Vaches Laitières,,136.0,1133.45,,154149.0,,"D 154149,00",24100000,16450bc2-f930-4052-a3f7-a602646e64cc,False,-154149.0,2022-01-01,2022-12-31,,1,False,1,,,False
11419,121714e0-e0c1-4d01-bbed-9f1e82fa4b7f,2025-01-16 16:38:30,09,,2022-12-31,71320000,Stock ST-BOVINS Veaux Laitiers 8 Jours,,12.0,283.0,,3396.0,,"D 3 396,00",32000000,16450bc2-f930-4052-a3f7-a602646e64cc,False,-3396.0,2022-01-01,2022-12-31,,1,False,1,,,False
11532,d18507f1-885e-4de4-a47c-7510a118ab07,2025-01-16 16:52:45,21,65,2022-12-30,51210000,CHARRON SAS TAXE BOVINS,,,,A4,0.4,,"D 181,58",63440000,16450bc2-f930-4052-a3f7-a602646e64cc,False,-181.58,2022-01-01,2022-12-31,,1,False,1,,,False
11533,b85a06be-1b70-4420-a6c2-3465091f5ea8,2025-01-16 16:52:45,21,65,2022-12-30,51210000,CHARRON SAS TAXE BOVINS,,,,,7.33,,"D 181,18",63440000,16450bc2-f930-4052-a3f7-a602646e64cc,False,-181.18,2022-01-01,2022-12-31,,1,False,1,,,False
11957,65091ce7-08fe-42f9-8ee0-47e240ea54e4,2025-01-16 16:52:07,21,79,2022-12-06,51210000,SOFIMAT TRANSPORT BOVIN,,,,P4,500.0,,"D 1002,00",62480000,16450bc2-f930-4052-a3f7-a602646e64cc,False,-1002.0,2022-01-01,2022-12-31,,1,False,1,,,False
12364,65f65a88-8ec8-4423-9175-14da34e9baef,2025-01-16 16:52:45,21,42,2022-11-18,51210000,CHARRON SAS TAXE BOVINS,,,,,47.04,,"D 173,85",63440000,16450bc2-f930-4052-a3f7-a602646e64cc,False,-173.85,2022-01-01,2022-12-31,,1,False,1,,,False
12365,d619d9f3-7219-4895-81e2-7ce77697fe4c,2025-01-16 16:52:45,21,42,2022-11-18,51210000,CHARRON SAS TAXE BOVINS,,,,A4,2.8,,"D 126,81",63440000,16450bc2-f930-4052-a3f7-a602646e64cc,False,-126.81,2022-01-01,2022-12-31,,1,False,1,,,False
12435,b7e1d4e3-450e-44ac-9adc-08be617d63f3,2025-01-16 16:41:29,21,33,2022-11-12,51210000,TERROIR ANCENI ABATT 8446,,,,,25.81,,"D 69092,76",44566000,16450bc2-f930-4052-a3f7-a602646e64cc,False,-69092.76,2022-01-01,2022-12-31,,1,False,1,,,False
12436,8f286061-cf49-4832-abbc-a073c4ca0de2,2025-01-16 16:41:29,21,33,2022-11-12,51210000,TERROIR ANCENI ABATT 8446,,,,,60.06,,"D 69066,95",44566000,16450bc2-f930-4052-a3f7-a602646e64cc,False,-69066.95,2022-01-01,2022-12-31,,1,False,1,,,False
12437,0e848aba-c064-4e7f-a44b-42e162c9d595,2025-01-16 16:46:17,21,33,2022-11-12,60541000,TERROIR ANCENI ABATT 8446,N°8530873,,,,,1306.9,"C 23 275,91",51210000,16450bc2-f930-4052-a3f7-a602646e64cc,False,23275.91,2022-01-01,2022-12-31,,1,False,1,,,False
12438,e19d9cbd-9589-48b8-b113-f72201b92436,2025-01-16 16:50:31,21,33,2022-11-12,51210000,TERROIR ANCENI ABATT 8446,N°8530873,,,A2,1091.98,,"D 1091,98",60541000,16450bc2-f930-4052-a3f7-a602646e64cc,False,-1091.98,2022-01-01,2022-12-31,,1,False,1,,,False
12439,994c040e-51ac-4471-b7fe-6c5e0a13baf0,2025-01-16 16:50:31,21,33,2022-11-12,51210000,TERROIR ANCENI ABATT 8446,,,,P4,129.05,,"D 1221,03",60541000,16450bc2-f930-4052-a3f7-a602646e64cc,False,-1221.03,2022-01-01,2022-12-31,,1,False,1,,,False
12883,d5a708ca-fab4-403f-9467-2ad46d56c2c7,2025-01-16 16:52:45,21,37,2022-10-21,51210000,CHARRON SAS TAXE BOVINS,,,,A4,2.0,,"D 124,01",63440000,16450bc2-f930-4052-a3f7-a602646e64cc,False,-124.01,2022-01-01,2022-12-31,,1,False,1,,,False
12884,81a717c4-e1a6-4c44-aae0-b8e38cb220bd,2025-01-16 16:52:45,21,37,2022-10-21,51210000,CHARRON SAS TAXE BOVINS,,,,,35.41,,"D 122,01",63440000,16450bc2-f930-4052-a3f7-a602646e64cc,False,-122.01,2022-01-01,2022-12-31,,1,False,1,,,False
13896,5698822c-a53f-4783-bf94-93633eb548d9,2025-01-16 16:52:45,21,19,2022-08-19,51210000,CHARRON SAS TAXE BOVINS,,,,A,15.17,,"D 86,60",63440000,16450bc2-f930-4052-a3f7-a602646e64cc,False,-86.6,2022-01-01,2022-12-31,,1,False,1,,,False
14514,0477ace3-b292-4318-81b3-17b9bacbbbb6,2025-01-16 16:52:45,21,5,2022-07-08,51210000,CHARRON SAS TAXE BOVINS,,,,A,13.8,,"D 71,43",63440000,16450bc2-f930-4052-a3f7-a602646e64cc,False,-71.43,2022-01-01,2022-12-31,,1,False,1,,,False
15129,64f3f6e9-1b23-4123-b4f3-8e0f1b7ef86a,2025-01-16 16:52:45,21,48,2022-05-31,51210000,CHARRON SAS TAXE BOVINS,,,,A,6.37,,"D 57,63",63440000,16450bc2-f930-4052-a3f7-a602646e64cc,False,-57.63,2022-01-01,2022-12-31,,1,False,1,,,False
15167,2959f0a4-387e-4491-908f-53e310e08ebf,2025-01-16 16:41:50,21,48,2022-05-31,51210000,CHARRON SAS VACHE 8398,,,,,0.08,,"D 766,67",44566100,16450bc2-f930-4052-a3f7-a602646e64cc,False,-766.67,2022-01-01,2022-12-31,,1,False,1,,,False
15182,d81232c0-6605-4098-ae65-04cdb57c3829,2025-01-16 16:44:56,21,48,2022-05-31,70400852,CHARRON SAS VACHE 8398,,,,,1047.17,,"C 16938,87",51210000,16450bc2-f930-4052-a3f7-a602646e64cc,False,16938.87,2022-01-01,2022-12-31,,1,False,1,,,False
15434,73791acd-24ef-46e7-816f-3f1209908eea,2025-01-16 16:41:50,21,10,2022-05-13,51210000,CHARRON SAS VACHES 8332+8167,,,,,0.24,,"D 560,37",44566100,16450bc2-f930-4052-a3f7-a602646e64cc,False,-560.37,2022-01-01,2022-12-31,,1,False,1,,,False
15436,131797af-4fb6-45e4-96d1-b023c3c317ee,2025-01-16 16:44:39,21,10,2022-05-13,70400852,CHARRON SAS VACHES 8332+8167,,,,,5235.24,,"C 17361,69",51210000,16450bc2-f930-4052-a3f7-a602646e64cc,False,17361.69,2022-01-01,2022-12-31,,1,False,1,,,False
15437,76c483d6-c9a9-491f-a06f-abd273f6932c,2025-01-16 16:52:45,21,10,2022-05-13,51210000,CHARRON SAS TAXE BOVINS,,,,A,22.82,,"D 51,26",63440000,16450bc2-f930-4052-a3f7-a602646e64cc,False,-51.26,2022-01-01,2022-12-31,,1,False,1,,,False
16078,a22efefc-26ba-4100-9e98-3445ea156838,2025-01-16 16:41:46,21,46,2022-04-01,51210000,CHARRON SAS VACHES 8128+8242,,,,,0.24,,"D 559,57",44566100,16450bc2-f930-4052-a3f7-a602646e64cc,False,-559.57,2022-01-01,2022-12-31,,1,False,1,,,False
16085,31259610-2443-4128-a9c4-e22e3efc23a3,2025-01-16 16:44:16,21,46,2022-04-01,70400852,CHARRON SAS VACHES 8128+8242,,,,,4563.35,,"C 18079,83",51210000,16450bc2-f930-4052-a3f7-a602646e64cc,False,18079.83,2022-01-01,2022-12-31,,1,False,1,,,False
16090,181ac8c3-8197-4df6-8e35-8f9caa116199,2025-01-16 16:52:45,21,46,2022-04-01,51210000,CHARRON SAS TAXE BOVINS,,,,A,22.08,,"D 28,44",63440000,16450bc2-f930-4052-a3f7-a602646e64cc,False,-28.44,2022-01-01,2022-12-31,,1,False,1,,,False
16842,8243ac2f-a7d3-43ef-bb25-6d8dd23a4389,2025-01-16 16:41:51,21,31,2022-02-18,51210000,CHARRON SAS VACHES,,,,,,49.57,"C 2442,87",44571020,16450bc2-f930-4052-a3f7-a602646e64cc,False,2442.87,2022-01-01,2022-12-31,,1,False,1,,,False
16849,e2559bdd-5671-4aee-87c2-1d083736e37c,2025-01-16 16:52:45,21,31,2022-02-18,51210000,CHARRON SAS TAXE BOVINS,,,,A,6.36,,"D 6,36",63440000,16450bc2-f930-4052-a3f7-a602646e64cc,False,-6.36,2022-01-01,2022-12-31,,1,False,1,,,False
17306,e69d89f7-eda7-4e3a-aee6-e745eeaa0bdc,2025-01-16 16:41:55,21,21,2022-01-21,51210000,CHARRON SAS VACHES,,,,,,24.0,"C 83,95",44571050,16450bc2-f930-4052-a3f7-a602646e64cc,False,83.95,2022-01-01,2022-12-31,,1,False,1,,,False
17311,58aa5513-6642-4cf9-8c81-60c23ff40259,2025-01-16 16:43:41,21,21,2022-01-21,70400854,CHARRON SAS VACHES,,,,,264.0,,"C 3 584,38",51210000,16450bc2-f930-4052-a3f7-a602646e64cc,False,3584.38,2022-01-01,2022-12-31,,1,False,1,,,False
17356,bba46c50-bfaf-45dc-89c3-b8932dfff8bb,2025-01-16 16:41:55,21,18,2022-01-14,51210000,CHARRON SAS VACHES,,,,,,12.0,"C 59,95",44571050,16450bc2-f930-4052-a3f7-a602646e64cc,False,59.95,2022-01-01,2022-12-31,,1,False,1,,,False
17360,ce71d9d6-a9ee-423a-8a8f-c950ad3f57d1,2025-01-16 16:43:41,21,18,2022-01-14,70400854,CHARRON SAS VACHES,,,,,132.0,,"D 6497,66",51210000,16450bc2-f930-4052-a3f7-a602646e64cc,False,-6497.66,2022-01-01,2022-12-31,,1,False,1,,,False
17418,94215375-b4b4-4459-9cff-211411db2043,2025-01-16 16:41:55,21,5.2,2022-01-11,51210000,CHARRON SAS VACHES,,,,,,47.0,"C 47,95",44571050,16450bc2-f930-4052-a3f7-a602646e64cc,False,47.95,2022-01-01,2022-12-31,,1,False,1,,,False
17421,4bf83e83-6cdc-4ffc-a37a-edaaa2a0cb74,2025-01-16 16:43:37,21,5.2,2022-01-11,70400854,CHARRON SAS VACHES,,,,,517.0,,"C 15777,75",51210000,16450bc2-f930-4052-a3f7-a602646e64cc,False,15777.75,2022-01-01,2022-12-31,,1,False,1,,,False
17674,d964ec9e-cf66-4488-acf1-c83b076c5d33,2025-01-16 16:54:39,09,,2022-01-01,24100000,Stock ST-BOVINS Vaches Laitières,,-122.0,1129.37,,137783.01,,"D 137 783,01",71210000,16450bc2-f930-4052-a3f7-a602646e64cc,False,-137783.01,2022-01-01,2022-12-31,,1,False,1,,,False
17675,a3d39e13-af32-474f-8d7b-de1e4ca4749a,2025-01-16 16:54:48,09,,2022-01-01,24100000,Stock ST-BOVINS Veaux Laitiers 8 Jours,,-11.0,158.82,,1747.0,,"D 1747,00",71320000,16450bc2-f930-4052-a3f7-a602646e64cc,False,-1747.0,2022-01-01,2022-12-31,,1,False,1,,,False
17676,f7a7c251-0628-4a0a-90d3-aa938c220fa6,2025-01-16 16:54:48,09,,2022-01-01,24100000,Stock ST-BOVINS Génisses pour Reprodu,,-116.0,636.16,,73795.0,,"D 73795,00",71220000,16450bc2-f930-4052-a3f7-a602646e64cc,False,-73795.0,2022-01-01,2022-12-31,,1,False,1,,,False
17884,bf6dad61-3fa4-4b52-aabe-125a7af2de0f,2025-01-16 16:37:49,09,,2022-01-01,71220000,Stock ST-BOVINS Vaches Laitières,,-122.0,1129.37,,,137783.01,,24100000,16450bc2-f930-4052-a3f7-a602646e64cc,False,0.0,2022-01-01,2022-12-31,,1,False,1,,,False
17889,4252ff76-6f5b-4c11-9ad9-a030c4176516,2025-01-16 16:37:49,09,,2022-01-01,71220000,Stock ST-BOVINS Génisses pour Reprodu,,-116.0,636.16,,,73795.0,,24200000,16450bc2-f930-4052-a3f7-a602646e64cc,False,0.0,2022-01-01,2022-12-31,,1,False,1,,,False
17942,718d210e-90d6-4336-a8ee-d25f85779ca1,2025-01-16 16:38:30,09,,2022-01-01,71220000,Stock ST-BOVINS Veaux Laitiers 8 Jours,,-11.0,158.82,,,1747.0,,32000000,16450bc2-f930-4052-a3f7-a602646e64cc,False,0.0,2022-01-01,2022-12-31,,1,False,1,,,False
18029,a1ba391a-4314-4953-95cf-03d19d969d4e,2025-01-16 16:48:40,09,,2021-12-31,32000000,Stock ST-BOVINS Génisses pour Reprodu,,116.0,636.16,,,73795.0,"C 13 561,00",71220000,16450bc2-f930-4052-a3f7-a602646e64cc,False,13561.0,2021-01-01,2021-12-31,,1,False,1,,,False
18034,c6eb851f-93e8-4f03-a93e-b439d8fc6f03,2025-01-16 16:48:40,09,,2021-12-31,32000000,Stock ST-BOVINS Vaches Laitières,,122.0,1129.37,,,137783.01,"D 15924,99",71210000,16450bc2-f930-4052-a3f7-a602646e64cc,False,-15924.99,2021-01-01,2021-12-31,,1,False,1,,,False
18035,97f74bad-2e14-4438-ba2a-1d2e89e03661,2025-01-16 16:48:40,09,,2021-12-31,32000000,Stock ST-BOVINS Veaux Laitiers 8 Jours,,11.0,158.82,,,1747.0,"C 1255,00",71320000,16450bc2-f930-4052-a3f7-a602646e64cc,False,1255.0,2021-01-01,2021-12-31,,1,False,1,,,False
18199,60f2a111-0045-402c-864b-bb61d63af5ce,2025-01-16 16:37:00,09,,2021-12-31,71320000,Stock ST-BOVINS Vaches Laitières,,122.0,1129.37,,137783.01,,"D 137 783,01",24100000,16450bc2-f930-4052-a3f7-a602646e64cc,False,-137783.01,2021-01-01,2021-12-31,,1,False,1,,,False
18200,effa6904-ee29-4936-aaf6-fbfb60655289,2025-01-16 16:37:03,09,,2021-12-31,71320000,Stock ST-BOVINS Génisses pour Reprodu,,116.0,636.16,,73795.0,,"D 73 795,00",24200000,16450bc2-f930-4052-a3f7-a602646e64cc,False,-73795.0,2021-01-01,2021-12-31,,1,False,1,,,False
18234,85834bef-6de7-4e48-95e2-f5d4ec0153b3,2025-01-16 16:37:30,09,,2021-12-31,71320000,Stock ST-BOVINS Veaux Laitiers 8 Jours,,11.0,158.82,,1747.0,,"D 1747,00",32000000,16450bc2-f930-4052-a3f7-a602646e64cc,False,-1747.0,2021-01-01,2021-12-31,,1,False,1,,,False
19187,67cde3b7-8b03-4fe2-bc5f-9d99c9c17ff0,2025-01-16 16:48:36,21,MQ12,2021-11-12,51210000,VTE DIRECTE VENTE DE VIANDE,N°3297101,,,V2,,1691.13,"C 1691,13",70410000,16450bc2-f930-4052-a3f7-a602646e64cc,False,1691.13,2021-01-01,2021-12-31,,1,False,1,,,False
19243,0c66f300-c3df-443f-8ede-2a3e133480ab,2025-01-16 16:42:58,21,CA316,2021-11-05,65800000,SARL VIOL FR ABATT/DECOUPE B,N°5584593,,,,,452.93,"C 12605,17",51210000,16450bc2-f930-4052-a3f7-a602646e64cc,False,12605.17,2021-01-01,2021-12-31,,1,False,1,,,False
19250,2fa5f175-68bb-4f1f-a23c-b1b8457b1b98,2025-01-16 16:45:31,21,CA316,2021-11-05,51210000,SARL VIOL FR ABATT/DECOUPE B,N°5584593,,,P2,428.65,,"D 428,65",60541000,16450bc2-f930-4052-a3f7-a602646e64cc,False,-428.65,2021-01-01,2021-12-31,,1,False,1,,,False
23427,ea0b51cf-68ee-42da-8bac-b55a22d3aeb4,2025-01-16 16:47:41,EX,,2021-01-01,16880000,OD Clôture Emprun VACHES ET GÉNISS,N°09918,,,,,0.28,"C 327,22",66120000,16450bc2-f930-4052-a3f7-a602646e64cc,False,327.22,2021-01-01,2021-12-31,,1,False,1,,,False
23452,bf3bb86e-b393-4200-b835-e703adc25e3c,2025-01-16 16:48:40,09,,2021-01-01,32000000,Stock ST-BOVINS Vaches Laitières,,-134.0,1147.07,,153708.0,,"D 153 708,00",71210000,16450bc2-f930-4052-a3f7-a602646e64cc,False,-153708.0,2021-01-01,2021-12-31,,1,False,1,,,False
23453,792e84b3-0979-44ea-9cd7-927c81116344,2025-01-16 16:48:40,09,,2021-01-01,32000000,Stock ST-BOVINS Veaux Laitiers 8 Jours,,-4.0,123.0,,492.0,,"D 492,00",71320000,16450bc2-f930-4052-a3f7-a602646e64cc,False,-492.0,2021-01-01,2021-12-31,,1,False,1,,,False
23458,ccc9cb88-eedb-4d6e-acd8-cdce7502c9ee,2025-01-16 16:48:40,09,,2021-01-01,32000000,Stock ST-BOVINS Génisses pour Reprodu,,-101.0,596.38,,60234.0,,"D 60234,00",71220000,16450bc2-f930-4052-a3f7-a602646e64cc,False,-60234.0,2021-01-01,2021-12-31,,1,False,1,,,False
23639,7f34fab5-ec24-4298-b8ac-6263e770c7c0,2025-01-16 16:36:53,EX,,2021-01-01,66120000,OD Clôture Emprun VACHES ET GÉNISS,N°09918,,,,0.28,,"C 1925,31",16880000,16450bc2-f930-4052-a3f7-a602646e64cc,False,1925.31,2021-01-01,2021-12-31,,1,False,1,,,False
23663,1580384a-9de0-43d7-a7f6-0a96952e602e,2025-01-16 16:37:00,09,,2021-01-01,71320000,Stock ST-BOVINS Vaches Laitières,,-134.0,1147.07,,,153708.0,,24100000,16450bc2-f930-4052-a3f7-a602646e64cc,False,0.0,2021-01-01,2021-12-31,,1,False,1,,,False
23670,afb6184a-1029-4dac-ba68-575c6bed1d3a,2025-01-16 16:37:03,09,,2021-01-01,71320000,Stock ST-BOVINS Génisses pour Reprodu,,-101.0,596.38,,,60234.0,,24200000,16450bc2-f930-4052-a3f7-a602646e64cc,False,0.0,2021-01-01,2021-12-31,,1,False,1,,,False
23709,51d6a663-4578-4759-a065-aec4ec50b932,2025-01-16 16:37:30,09,,2021-01-01,71320000,Stock ST-BOVINS Veaux Laitiers 8 Jours,,-4.0,123.0,,,492.0,,32000000,16450bc2-f930-4052-a3f7-a602646e64cc,False,0.0,2021-01-01,2021-12-31,,1,False,1,,,False
23802,6b6444e5-78a1-46df-b29c-b230d82bfc88,2025-01-16 16:35:09,EX,,2020-12-31,16880000,OD Clôture Emprun VACHES ET GÉNISS,N°09918,,,,0.28,,"D 10958,30",66120000,16450bc2-f930-4052-a3f7-a602646e64cc,False,-10958.3,2020-01-01,2020-12-31,,1,False,1,,,False
23810,63372c6a-4a79-42f8-abe1-4ea62dd461b3,2025-01-16 16:35:43,09,,2020-12-31,32000000,Stock ST-BOVINS Vaches Laitières,,134.0,1147.07,,,153708.0,"C 8 146,00",71210000,16450bc2-f930-4052-a3f7-a602646e64cc,False,8146.0,2020-01-01,2020-12-31,,1,False,1,,,False
23811,4f3a6a40-65e3-45ba-8768-e2089b2f2c88,2025-01-16 16:35:43,09,,2020-12-31,32000000,Stock ST-BOVINS Génisses pour Reprodu,,101.0,596.38,,,60234.0,"D 12468,00",71220000,16450bc2-f930-4052-a3f7-a602646e64cc,False,-12468.0,2020-01-01,2020-12-31,,1,False,1,,,False
23817,84d5e7d1-0393-4ee2-8ba9-50fa5fcf2929,2025-01-16 16:35:43,09,,2020-12-31,32000000,Stock ST-BOVINS Veaux Laitiers 8 Jours,,4.0,123.0,,,492.0,"C 417,00",71320000,16450bc2-f930-4052-a3f7-a602646e64cc,False,417.0,2020-01-01,2020-12-31,,1,False,1,,,False
24142,ab1bec9e-9ff8-421e-9f68-bdcd527e7590,2025-01-16 16:23:44,EX,,2020-12-31,66120000,OD Clôture Emprun VACHES ET GÉNISS,N°09918,,,,,0.28,"C 2 280,57",16880000,16450bc2-f930-4052-a3f7-a602646e64cc,False,2280.57,2020-01-01,2020-12-31,,1,False,1,,,False
24149,fc9f5dbc-000e-4f54-94e1-64cbb33a5eb0,2025-01-16 16:23:52,09,,2020-12-31,71320000,Stock ST-BOVINS Génisses pour Reprodu,,101.0,596.38,,60234.0,,"D 60234,00",24200000,16450bc2-f930-4052-a3f7-a602646e64cc,False,-60234.0,2020-01-01,2020-12-31,,1,False,1,,,False
24150,728d3ccf-4ec6-4714-95e5-d21077a866c1,2025-01-16 16:23:48,09,,2020-12-31,71320000,Stock ST-BOVINS Vaches Laitières,,134.0,1147.07,,153708.0,,"D 153 708,00",24100000,16450bc2-f930-4052-a3f7-a602646e64cc,False,-153708.0,2020-01-01,2020-12-31,,1,False,1,,,False
24168,2e078884-a885-4adc-a057-77b756fb65bf,2025-01-16 16:24:42,09,,2020-12-31,71320000,Stock ST-BOVINS Veaux Laitiers 8 Jours,,4.0,123.0,,492.0,,"D 492,00",32000000,16450bc2-f930-4052-a3f7-a602646e64cc,False,-492.0,2020-01-01,2020-12-31,,1,False,1,,,False
24843,5fe8b1b2-9c22-4e93-8d38-a510de22a6a4,2025-01-16 16:26:57,21,131,2020-11-18,51210000,BELLANNE PREPA VACHE,,,,,39.23,,"D 51020,80",44566000,16450bc2-f930-4052-a3f7-a602646e64cc,False,-51020.8,2020-01-01,2020-12-31,,1,False,1,,,False
24850,bc4f0481-5dc9-48fa-91b2-67e1b904d248,2025-01-16 16:29:51,21,131,2020-11-18,60141852,BELLANNE PREPA VACHE,N°00,,,,,431.48,"D 3045,00",51210000,16450bc2-f930-4052-a3f7-a602646e64cc,False,-3045.0,2020-01-01,2020-12-31,,1,False,1,,,False
24854,de6e40f5-00f4-457a-8544-7dec923cef8f,2025-01-16 16:31:38,21,131,2020-11-18,51210000,BELLANNE PREPA VACHE,,500.0,0.78,A5,392.25,,"D 81970,20",60141852,16450bc2-f930-4052-a3f7-a602646e64cc,False,-81970.2,2020-01-01,2020-12-31,,1,False,1,,,False
28810,5d01ef63-8c2f-46c2-a83e-1fc673600ac8,2025-01-16 16:25:08,90,SEE2,2020-01-02,60540852,SEENOVIA ADH VIANDE,,,,AAB,,163.47,"C 5324,77",401ELEVAGE,16450bc2-f930-4052-a3f7-a602646e64cc,False,5324.77,2020-01-01,2020-12-31,,1,False,1,,,False
28815,58315946-a569-4b02-ac58-ffeca3f94eb6,2025-01-16 16:25:11,90,SEE2,2020-01-02,60540852,SEENOVIA ADH VIANDE,,,,AAD,,163.47,"C 5488,24",401ELEVAGE,16450bc2-f930-4052-a3f7-a602646e64cc,False,5488.24,2020-01-01,2020-12-31,,1,False,1,,,False
28817,56ef2d13-83b8-4ded-8369-b05e45ec7d75,2025-01-16 16:25:08,90,SEE2,2020-01-02,60540852,SEENOVIA ADH VIANDE,,,,AAB,,163.47,"C 5161,30",401ELEVAGE,16450bc2-f930-4052-a3f7-a602646e64cc,False,5161.3,2020-01-01,2020-12-31,,1,False,1,,,False
28821,2c50ddf2-3fe7-4734-8c54-4806d73bc77a,2025-01-16 16:25:11,90,SEE2,2020-01-02,60540852,SEENOVIA ADH VIANDE,,,,AAD,,163.47,"C 5 651,71",401ELEVAGE,16450bc2-f930-4052-a3f7-a602646e64cc,False,5651.71,2020-01-01,2020-12-31,,1,False,1,,,False
28822,bdf92093-f292-4740-aa23-696c9954157c,2025-01-16 16:26:02,90,SEE2,2020-01-02,401ELEVAG,SEENOVIA ADH VIANDE,,,,,108.98,,"D 5369,23",44566000,16450bc2-f930-4052-a3f7-a602646e64cc,False,-5369.23,2020-01-01,2020-12-31,,1,False,1,,,False
28827,eee92234-cd7a-43c4-95c2-597c1340c5df,2025-01-16 16:32:16,90,SEE2,2020-01-02,401ELEVAG,SEENOVIA ADH VIANDE,,,,P4,544.9,,"D 4 764,16",60540852,16450bc2-f930-4052-a3f7-a602646e64cc,False,-4764.16,2020-01-01,2020-12-31,,1,False,1,,,False
28866,a2639e97-5f1e-46b3-b476-c1e2f4cd8d40,2025-01-16 16:34:40,EX,,2020-01-01,16880000,OD Clôture Emprun VACHES ET GÉNISS,N°09918,,,,,1.1,"C 2571,70",66120000,16450bc2-f930-4052-a3f7-a602646e64cc,False,2571.7,2020-01-01,2020-12-31,,1,False,1,,,False
28872,84c2d756-36d4-41c5-83c3-61a2fea3e448,2025-01-16 16:35:43,09,,2020-01-01,32000000,Stock ST-BOVINS Vaches Laitières,,-125.0,1164.5,,145562.0,,"D 145 562,00",71210000,16450bc2-f930-4052-a3f7-a602646e64cc,False,-145562.0,2020-01-01,2020-12-31,,1,False,1,,,False
28873,600f5be3-161a-42e1-a4c2-382b014f89fb,2025-01-16 16:35:43,09,,2020-01-01,32000000,Stock ST-BOVINS Génisses pour Reprodu,,-111.0,654.97,,72702.0,,"D 72702,00",71220000,16450bc2-f930-4052-a3f7-a602646e64cc,False,-72702.0,2020-01-01,2020-12-31,,1,False,1,,,False
28874,a779b1a7-3ca3-495a-87e9-fa3356b484fa,2025-01-16 16:35:43,09,,2020-01-01,32000000,Stock ST-BOVINS Veaux Laitiers 8 Jours,,-1.0,75.0,,75.0,,"D 75,00",71320000,16450bc2-f930-4052-a3f7-a602646e64cc,False,-75.0,2020-01-01,2020-12-31,,1,False,1,,,False
29031,c72e8ac6-065e-4396-b096-2f6e57e6501d,2025-01-16 16:23:39,EX,,2020-01-01,66120000,OD Clôture Emprun VACHES ET GÉNISS,N°09918,,,,1.1,,"C 281,93",16880000,16450bc2-f930-4052-a3f7-a602646e64cc,False,281.93,2020-01-01,2020-12-31,,1,False,1,,,False
29043,4bd24d51-d3ee-4f03-992b-c517eb84151a,2025-01-16 16:23:48,09,,2020-01-01,71220000,Stock ST-BOVINS Vaches Laitières,,-125.0,1164.5,,,145562.0,,24100000,16450bc2-f930-4052-a3f7-a602646e64cc,False,0.0,2020-01-01,2020-12-31,,1,False,1,,,False
29045,0119588d-963f-4575-a8ed-0e4e7ebc07da,2025-01-16 16:23:52,09,,2020-01-01,71220000,Stock ST-BOVINS Génisses pour Reprodu,,-111.0,654.97,,,72702.0,,24200000,16450bc2-f930-4052-a3f7-a602646e64cc,False,0.0,2020-01-01,2020-12-31,,1,False,1,,,False
29094,ab797490-c925-4e15-b985-aa7b9b1c889d,2025-01-16 16:24:42,09,,2020-01-01,71220000,Stock ST-BOVINS Veaux Laitiers 8 Jours,,-1.0,75.0,,,75.0,,32000000,16450bc2-f930-4052-a3f7-a602646e64cc,False,0.0,2020-01-01,2020-12-31,,1,False,1,,,False
29130,2450ac38-6b89-4e94-8b20-158bbc95fea0,2025-01-16 16:25:02,60,,2020-01-01,401EVOLUT,EVOLUTION COO TRAV.TIERS VACHE,,,,AAL,4479.24,,"C 14182,53",401DEBIT,16450bc2-f930-4052-a3f7-a602646e64cc,False,14182.53,2020-01-01,2020-12-31,,1,False,1,,,False
29209,668e3f6c-a555-4bc9-ac18-11b52c0e63c5,2025-01-16 16:35:05,EX,,2019-12-31,16880000,OD Clôture Emprun VACHES ET GÉNISS,N°09918,,,,1.1,,"D 12 923,60",66120000,16450bc2-f930-4052-a3f7-a602646e64cc,False,-12923.6,2019-01-01,2019-12-31,,1,False,1,,,False
29247,d65bfc31-212b-4e44-b319-91d73ec6f65f,2025-01-16 16:35:36,09,,2019-12-31,32000000,Stock ST-BOVINS Vaches Laitières,,125.0,1164.5,,,145562.0,"D 356,00",71210000,16450bc2-f930-4052-a3f7-a602646e64cc,False,-356.0,2019-01-01,2019-12-31,,1,False,1,,,False
29248,014fbbcb-3b2b-4dbf-921b-8029fb24cd7c,2025-01-16 16:35:36,09,,2019-12-31,32000000,Stock ST-BOVINS Génisses pour Reprodu,,111.0,654.97,,,72702.0,"C 2 313,00",71220000,16450bc2-f930-4052-a3f7-a602646e64cc,False,2313.0,2019-01-01,2019-12-31,,1,False,1,,,False
29249,359135d1-7222-4e8e-bfac-848a45695d64,2025-01-16 16:35:36,09,,2019-12-31,32000000,Stock ST-BOVINS Veaux Laitiers 8 Jours,,1.0,75.0,,,75.0,"D 2 273,00",71320000,16450bc2-f930-4052-a3f7-a602646e64cc,False,-2273.0,2019-01-01,2019-12-31,,1,False,1,,,False
29308,d2f2e6ac-0037-4ba9-9752-4ed2455a95a5,2025-01-16 16:32:13,60,DF26,2019-12-31,401DEBIT,EVOLUTION COO TRAV.TIERS VACHE,,,,P4,1058.27,,"D 13 975,19",60160000,16450bc2-f930-4052-a3f7-a602646e64cc,False,-13975.19,2019-01-01,2019-12-31,,1,False,1,,,False
29309,2055687e-c92d-4484-9039-e446203f9347,2025-01-16 16:32:13,60,DF26,2019-12-31,401DEBIT,EVOLUTION COO TRAV.TIERS VACHE,,,,P5,2917.56,,"D 12 916,92",60160000,16450bc2-f930-4052-a3f7-a602646e64cc,False,-12916.92,2019-01-01,2019-12-31,,1,False,1,,,False
29372,03c0b583-f776-45ba-beaf-427b03121d6f,2025-01-16 16:32:40,60,DF25,2019-12-31,401DEBIT,CHBRE AGR ADN TAUREAU,,,,P4,56.5,,"D 11 134,73",60540852,16450bc2-f930-4052-a3f7-a602646e64cc,False,-11134.73,2019-01-01,2019-12-31,,1,False,1,,,False
29479,588e698e-f3ca-4d20-85ef-6a7e5fb0e255,2025-01-16 16:26:57,60,DF26,2019-12-31,401DEBIT,EVOLUTION COO TRAV.TIERS VACHE,,,,,291.75,,"D 55 146,93",44566000,16450bc2-f930-4052-a3f7-a602646e64cc,False,-55146.93,2019-01-01,2019-12-31,,1,False,1,,,False
29480,cbf4517d-72ff-4976-85bd-5cfdf776f6ea,2025-01-16 16:26:57,60,DF26,2019-12-31,401DEBIT,EVOLUTION COO TRAV.TIERS VACHE,,,,,211.66,,"D 55 358,59",44566000,16450bc2-f930-4052-a3f7-a602646e64cc,False,-55358.59,2019-01-01,2019-12-31,,1,False,1,,,False
29501,04b9f833-9fbc-41a5-8f28-22248f9f4767,2025-01-16 16:26:57,60,DF25,2019-12-31,401DEBIT,CHBRE AGR ADN TAUREAU,,,,,11.3,,"D 54 855,18",44566000,16450bc2-f930-4052-a3f7-a602646e64cc,False,-54855.18,2019-01-01,2019-12-31,,1,False,1,,,False
29563,60644021-2d07-4055-86a7-e228847912c3,2025-01-16 16:23:52,EX,,2019-12-31,66120000,OD Clôture Emprun VACHES ET GÉNISS,N°09918,,,,,1.1,"C 2 933,35",16880000,16450bc2-f930-4052-a3f7-a602646e64cc,False,2933.35,2019-01-01,2019-12-31,,1,False,1,,,False
29575,a4dc0d10-267d-483b-860c-0c401f937796,2025-01-16 16:24:05,09,,2019-12-31,71320000,Stock ST-BOVINS Génisses pour Reprodu,,111.0,654.97,,72702.0,,"D 72 702,00",24200000,16450bc2-f930-4052-a3f7-a602646e64cc,False,-72702.0,2019-01-01,2019-12-31,,1,False,1,,,False
29577,71a4cb63-6478-4bf0-9943-44b78923a951,2025-01-16 16:24:05,09,,2019-12-31,71320000,Stock ST-BOVINS Vaches Laitières,,125.0,1164.5,,145562.0,,"D 145 562,00",24100000,16450bc2-f930-4052-a3f7-a602646e64cc,False,-145562.0,2019-01-01,2019-12-31,,1,False,1,,,False
29591,02225448-26c1-42bc-a98f-b62a1145c02e,2025-01-16 16:24:41,09,,2019-12-31,71320000,Stock ST-BOVINS Veaux Laitiers 8 Jours,,1.0,75.0,,75.0,,"D 75,00",32000000,16450bc2-f930-4052-a3f7-a602646e64cc,False,-75.0,2019-01-01,2019-12-31,,1,False,1,,,False
29630,ac425d25-fe30-428d-bfcc-024c4d6acabe,2025-01-16 16:25:18,60,DF26,2019-12-31,60160000,EVOLUTION COO TRAV.TIERS VACHE,,,,,,4479.24,"C 17 433,89",401DEBIT,16450bc2-f930-4052-a3f7-a602646e64cc,False,17433.89,2019-01-01,2019-12-31,,1,False,1,,,False
29635,1b6c55d8-7305-4ddc-ba94-a060c7ade81e,2025-01-16 16:25:18,60,DF25,2019-12-31,60540852,CHBRE AGR ADN TAUREAU,,,,,,67.8,"C 12 954,65",401DEBIT,16450bc2-f930-4052-a3f7-a602646e64cc,False,12954.65,2019-01-01,2019-12-31,,1,False,1,,,False
30138,13a775b1-4fb3-46b7-9762-ad471e4a792d,2025-01-16 16:27:03,21,SJ,2019-11-26,51210000,DETAIL VIANDE REMISE CHQ 533828,,,,,,4.56,"C 15874,01",44571020,16450bc2-f930-4052-a3f7-a602646e64cc,False,15874.01,2019-01-01,2019-12-31,,1,False,1,,,False
30141,d309d2d9-9f41-4227-a3d8-4e1eed45b189,2025-01-16 16:29:46,21,SJ,2019-11-26,70410000,DETAIL VIANDE REMISE CHQ 533828,N°5338282,,,AAM,87.5,,"C 23 168,47",51210000,16450bc2-f930-4052-a3f7-a602646e64cc,False,23168.47,2019-01-01,2019-12-31,,1,False,1,,,False
30149,a39ed055-b723-4b7b-9fcb-852ef1cebe8d,2025-01-16 16:35:35,21,SJ,2019-11-26,51210000,DETAIL VIANDE REMISE CHQ 533828,N°5338282,,,V2,,82.94,"C 1011,87",70410000,16450bc2-f930-4052-a3f7-a602646e64cc,False,1011.87,2019-01-01,2019-12-31,,1,False,1,,,False
30999,d72434d8-9f85-422b-80fb-23052b504f10,2025-01-16 16:26:35,22,CM13,2019-09-24,51220000,TERRIEN TRANSPORT BOVIN,,,,,4.5,,"D 36 695,44",44566000,16450bc2-f930-4052-a3f7-a602646e64cc,False,-36695.44,2019-01-01,2019-12-31,,1,False,1,,,False
31003,1fea14f1-c48b-4c22-85dd-a71843248b79,2025-01-16 16:30:31,22,CM13,2019-09-24,62480000,TERRIEN TRANSPORT BOVIN,N°4528508,,,,,49.5,"C 2 825,06",51220000,16450bc2-f930-4052-a3f7-a602646e64cc,False,2825.06,2019-01-01,2019-12-31,,1,False,1,,,False
31009,9c8f8624-2f90-4af8-9bcb-ff78d69184f2,2025-01-16 16:33:45,22,CM13,2019-09-24,51220000,TERRIEN TRANSPORT BOVIN,N°4528508,,,P5,45.0,,"D 365,00",62480000,16450bc2-f930-4052-a3f7-a602646e64cc,False,-365.0,2019-01-01,2019-12-31,,1,False,1,,,False
31111,2e3515e3-7fb8-44b5-99ce-712858e86fc9,2025-01-16 16:26:31,21,677,2019-09-11,51210000,TERROIR ANCENI ABATTAGE 8245 185,,,,,45.44,,"D 33 592,57",44566000,16450bc2-f930-4052-a3f7-a602646e64cc,False,-33592.57,2019-01-01,2019-12-31,,1,False,1,,,False
31112,bfa6c919-dc8a-4584-ae1a-cbe998c6dcc8,2025-01-16 16:26:31,21,677,2019-09-11,51210000,TERROIR ANCENI ABATTAGE 8245 185,,,,,17.21,,"D 33609,78",44566000,16450bc2-f930-4052-a3f7-a602646e64cc,False,-33609.78,2019-01-01,2019-12-31,,1,False,1,,,False
31114,c45d47ff-9fd9-458d-ba0b-5b223f51b2bf,2025-01-16 16:29:16,21,677,2019-09-11,60540852,TERROIR ANCENI ABATTAGE 8245 185,N°6025975,,,,,974.82,"C 15088,71",51210000,16450bc2-f930-4052-a3f7-a602646e64cc,False,15088.71,2019-01-01,2019-12-31,,1,False,1,,,False
31116,0ae6ea4d-1884-42ea-b2b9-f086927148c5,2025-01-16 16:32:36,21,677,2019-09-11,51210000,TERROIR ANCENI ABATTAGE 8245 185,N°6025975,,,A2,826.18,,"D 7538,19",60540852,16450bc2-f930-4052-a3f7-a602646e64cc,False,-7538.19,2019-01-01,2019-12-31,,1,False,1,,,False
31117,d6bee249-16ef-4f68-b59b-3e07be95ff47,2025-01-16 16:32:36,21,677,2019-09-11,51210000,TERROIR ANCENI ABATTAGE 8245 185,,,,A4,85.99,,"D 7624,18",60540852,16450bc2-f930-4052-a3f7-a602646e64cc,False,-7624.18,2019-01-01,2019-12-31,,1,False,1,,,False
31143,ffc6e958-b13f-438b-bab0-ba9b314941b1,2025-01-16 16:27:03,21,668,2019-09-05,51210000,DETAIL VIANDE TVA COLLECTÉE 5.,,,,,,4.48,"C 12 563,61",44571020,16450bc2-f930-4052-a3f7-a602646e64cc,False,12563.61,2019-01-01,2019-12-31,,1,False,1,,,False
31144,78eaab2c-2b9b-4dca-9aa2-ec967d04bf00,2025-01-16 16:29:16,21,668,2019-09-05,70410000,DETAIL VIANDE REMISE CHQ 533828,N°5338281,,,AAO,86.0,,"C 14795,98",51210000,16450bc2-f930-4052-a3f7-a602646e64cc,False,14795.98,2019-01-01,2019-12-31,,1,False,1,,,False
31155,85971d38-e654-4c3d-ba61-07413c82110b,2025-01-16 16:35:35,21,668,2019-09-05,51210000,DETAIL VIANDE REMISE CHQ 533828,N°5338281,,,V2,,81.52,"C 928,93",70410000,16450bc2-f930-4052-a3f7-a602646e64cc,False,928.93,2019-01-01,2019-12-31,,1,False,1,,,False
31164,75aa6514-32dc-434d-8c2e-aef32623659d,2025-01-16 16:27:02,21,662,2019-09-03,51210000,DETAIL VIANDE TVA COLLECTÉE 5.,,,,,,46.61,"C 12 559,13",44571020,16450bc2-f930-4052-a3f7-a602646e64cc,False,12559.13,2019-01-01,2019-12-31,,1,False,1,,,False
31166,a87aeea1-7b9a-45af-81f1-9087b0a3107c,2025-01-16 16:29:16,21,662,2019-09-03,70410000,DETAIL VIANDE REMISE CHQ 533828,N°5338280,,,,894.02,,"C 11 508,57",51210000,16450bc2-f930-4052-a3f7-a602646e64cc,False,11508.57,2019-01-01,2019-12-31,,1,False,1,,,False
31170,2b10c5a6-4cc4-434d-af08-24e97c4f5118,2025-01-16 16:35:35,21,662,2019-09-03,51210000,DETAIL VIANDE REMISE CHQ 533828,N°5338280,,,V2,,847.41,"C 847,41",70410000,16450bc2-f930-4052-a3f7-a602646e64cc,False,847.41,2019-01-01,2019-12-31,,1,False,1,,,False
33546,01bddfe1-f421-48c6-894a-bd7504a65821,2025-01-16 16:25:58,21,128,2019-02-20,51210000,MISYF KINE VACHE,,,,,22.5,,"D 7 941,11",44566000,16450bc2-f930-4052-a3f7-a602646e64cc,False,-7941.11,2019-01-01,2019-12-31,,1,False,1,,,False
33556,0afe95c6-8866-4c2e-b2c1-eb0749c2765f,2025-01-16 16:28:16,21,128,2019-02-20,62250852,MISYF KINE VACHE,N°0000000,,,,,135.0,"C 18724,21",51210000,16450bc2-f930-4052-a3f7-a602646e64cc,False,18724.21,2019-01-01,2019-12-31,,1,False,1,,,False
33570,c497bc22-5a7c-47ef-9da7-d50a86eff44d,2025-01-16 16:33:40,21,128,2019-02-20,51210000,MISYF KINE VACHE,N°0000000,,,P4,112.5,,"D 112,50",62250852,16450bc2-f930-4052-a3f7-a602646e64cc,False,-112.5,2019-01-01,2019-12-31,,1,False,1,,,False
33621,578f496d-8eb3-4f4c-8d57-6b31c6d73b61,2025-01-16 16:31:45,21,111,2019-02-14,51210000,PLOCHER ALIMENTS VACHE L,,,,A5,300.0,,"D 15 970,39",60141852,16450bc2-f930-4052-a3f7-a602646e64cc,False,-15970.39,2019-01-01,2019-12-31,,1,False,1,,,False
34027,1af2293f-82c8-4cdf-9eb1-27e0f4a1a113,2025-01-16 16:25:19,90,OD2,2019-01-02,60540852,SEENOVIA ADHESION VIANDE,,,,AAH,,161.1,"C 6385,14",401ELEVAGE,16450bc2-f930-4052-a3f7-a602646e64cc,False,6385.14,2019-01-01,2019-12-31,,1,False,1,,,False
34032,965b049f-d669-46d1-9308-9115c36df8bb,2025-01-16 16:25:19,90,OD2,2019-01-02,60540852,SEENOVIA ADHESION VIANDE,,,,AAE,,161.1,"C 6062,94",401ELEVAGE,16450bc2-f930-4052-a3f7-a602646e64cc,False,6062.94,2019-01-01,2019-12-31,,1,False,1,,,False
34035,91d24a3f-0937-4183-b4be-02d7b2ec2d72,2025-01-16 16:25:19,90,OD2,2019-01-02,60540852,SEENOVIA ADHESION VIANDE,,,,AAF,,161.1,"C 6 224,04",401ELEVAGE,16450bc2-f930-4052-a3f7-a602646e64cc,False,6224.04,2019-01-01,2019-12-31,,1,False,1,,,False
34040,2eeb0ce9-7163-4af1-9b35-7d8986244044,2025-01-16 16:25:54,90,OD2,2019-01-02,401ELEVAG,SEENOVIA ADHESION VIANDE,,,,,107.4,,"D 5 575,88",44566000,16450bc2-f930-4052-a3f7-a602646e64cc,False,-5575.88,2019-01-01,2019-12-31,,1,False,1,,,False
34048,9375e0f6-4b32-4d47-94d5-c28b2fb70d28,2025-01-16 16:32:35,90,OD2,2019-01-02,401ELEVAG,SEENOVIA ADHESION VIANDE,,,,P4,537.0,,"D 4437,30",60540852,16450bc2-f930-4052-a3f7-a602646e64cc,False,-4437.3,2019-01-01,2019-12-31,,1,False,1,,,False
34073,a1c452f1-9542-46ac-bde2-8edb4a07b09b,2025-01-16 16:34:33,EX,,2019-01-01,16880000,OD Clôture Emprun VACHES ET GÉNISS,N°09918,,,,,1.91,"C 2793,78",66120000,16450bc2-f930-4052-a3f7-a602646e64cc,False,2793.78,2019-01-01,2019-12-31,,1,False,1,,,False
34084,ed5f5ecd-0282-45b6-bb52-d4a2d06ab224,2025-01-16 16:35:36,09,,2019-01-01,32000000,Stock ST-BOVINS Veaux Laitiers 8 Jours,,-4.0,70.0,,280.0,,"D 280,00",71320000,16450bc2-f930-4052-a3f7-a602646e64cc,False,-280.0,2019-01-01,2019-12-31,,1,False,1,,,False
34085,6d4f48ec-9947-4c9c-b9b5-bdfba94fbaae,2025-01-16 16:35:36,09,,2019-01-01,32000000,Stock ST-BOVINS Vaches Laitières,,-120.0,1215.98,,145918.0,,"D 145918,00",71210000,16450bc2-f930-4052-a3f7-a602646e64cc,False,-145918.0,2019-01-01,2019-12-31,,1,False,1,,,False
34086,353ae9d7-4ab8-4752-82ce-adec5703ee4c,2025-01-16 16:35:36,09,,2019-01-01,32000000,Stock ST-BOVINS Génisses pour Reprodu,,-111.0,634.14,,70389.0,,"D 70 389,00",71220000,16450bc2-f930-4052-a3f7-a602646e64cc,False,-70389.0,2019-01-01,2019-12-31,,1,False,1,,,False
34103,7ca47273-fef3-4c2b-8a10-03dcff15d061,2025-01-16 16:35:36,09,,2019-01-01,32000000,Stock ST-BOVINS Taurillons (issus Veau,,-2.0,1034.0,,2068.0,,"D 2 348,00",71320000,16450bc2-f930-4052-a3f7-a602646e64cc,False,-2348.0,2019-01-01,2019-12-31,,1,False,1,,,False
34269,b6e38708-af34-4040-9ac3-dd1d7e13eaeb,2025-01-16 16:24:05,09,,2019-01-01,71320000,Stock ST-BOVINS Vaches Laitières,,-120.0,1215.98,,,145918.0,,24100000,16450bc2-f930-4052-a3f7-a602646e64cc,False,0.0,2019-01-01,2019-12-31,,1,False,1,,,False
34278,96dee1d5-5969-4798-bd77-20d80d942292,2025-01-16 16:24:05,09,,2019-01-01,71320000,Stock ST-BOVINS Génisses pour Reprodu,,-111.0,634.14,,,70389.0,,24200000,16450bc2-f930-4052-a3f7-a602646e64cc,False,0.0,2019-01-01,2019-12-31,,1,False,1,,,False
34313,0b4fb3fe-411e-4c1d-be07-d8f18c70d91e,2025-01-16 16:24:41,09,,2019-01-01,71320000,Stock ST-BOVINS Veaux Laitiers 8 Jours,,-4.0,70.0,,,280.0,"D 2068,00",32000000,16450bc2-f930-4052-a3f7-a602646e64cc,False,-2068.0,2019-01-01,2019-12-31,,1,False,1,,,False
34317,097ea072-d9b2-47af-8841-c161271b36e6,2025-01-16 16:24:41,09,,2019-01-01,71320000,Stock ST-BOVINS Taurillons (issus Veau,,-2.0,1034.0,,,2068.0,,32000000,16450bc2-f930-4052-a3f7-a602646e64cc,False,0.0,2019-01-01,2019-12-31,,1,False,1,,,False
34410,38e7481d-8316-4d07-8273-9405bb1704fd,2025-01-16 16:23:48,EX,,2019-01-01,66120000,OD Clôture Emprun VACHES ET GÉNISS,N°09918,,,,1.91,,"C 623,86",16880000,16450bc2-f930-4052-a3f7-a602646e64cc,False,623.86,2019-01-01,2019-12-31,,1,False,1,,,False
34433,31153d82-fc7a-4e7a-b3e3-8a6d5f168de4,2025-01-16 16:35:02,09,,2018-12-31,32000000,Stock ST-BOVINS Taurillons (issus Veau,,2.0,1034.0,,,2068.0,"D 4088,00",71320000,16450bc2-f930-4052-a3f7-a602646e64cc,False,-4088.0,2018-01-01,2018-12-31,,1,False,1,,,False
34542,8a70a5f3-5202-48f9-988f-4577d7edd15e,2025-01-16 16:34:33,EX,,2018-12-31,16880000,OD Clôture Emprun VACHES ET GÉNISS,N°09918,,,,1.91,,"D 13856,56",66120000,16450bc2-f930-4052-a3f7-a602646e64cc,False,-13856.56,2018-01-01,2018-12-31,,1,False,1,,,False
34592,42436feb-bff7-4848-8c1d-63c1607867e0,2025-01-16 16:35:01,09,,2018-12-31,32000000,Stock ST-BOVINS Génisses pour Reprodu,,111.0,634.14,,,70389.0,"C 12404,00",71220000,16450bc2-f930-4052-a3f7-a602646e64cc,False,12404.0,2018-01-01,2018-12-31,,1,False,1,,,False
34593,e41e7370-f304-4120-89ab-a550177cd92a,2025-01-16 16:35:01,09,,2018-12-31,32000000,Stock ST-BOVINS Veaux Laitiers 8 Jours,,4.0,70.0,,,280.0,"D 6156,00",71320000,16450bc2-f930-4052-a3f7-a602646e64cc,False,-6156.0,2018-01-01,2018-12-31,,1,False,1,,,False
34598,99281cc8-dcc9-4ec6-abd4-a921c33eadb3,2025-01-16 16:35:01,09,,2018-12-31,32000000,Stock ST-BOVINS Vaches Laitières,,120.0,1215.98,,,145918.0,"C 6754,00",71210000,16450bc2-f930-4052-a3f7-a602646e64cc,False,6754.0,2018-01-01,2018-12-31,,1,False,1,,,False
34747,44074d59-c499-4c26-aad2-95552d3c8a51,2025-01-16 16:23:44,EX,,2018-12-31,66120000,OD Clôture Emprun VACHES ET GÉNISS,N°09918,,,,,1.91,"C 2 530,97",16880000,16450bc2-f930-4052-a3f7-a602646e64cc,False,2530.97,2018-01-01,2018-12-31,,1,False,1,,,False
34764,e8f6611c-6c6b-4cb1-8a6a-7d27f1241edf,2025-01-16 16:23:56,09,,2018-12-31,71320000,Stock ST-BOVINS Vaches Laitières,,120.0,1215.98,,145918.0,,"D 145918,00",24100000,16450bc2-f930-4052-a3f7-a602646e64cc,False,-145918.0,2018-01-01,2018-12-31,,1,False,1,,,False
34765,ae3ff6b5-e4e4-4d60-855f-1a8f2e54c35b,2025-01-16 16:23:56,09,,2018-12-31,71320000,Stock ST-BOVINS Génisses pour Reprodu,,111.0,634.14,,70389.0,,"D 70389,00",24200000,16450bc2-f930-4052-a3f7-a602646e64cc,False,-70389.0,2018-01-01,2018-12-31,,1,False,1,,,False
34791,df8570ba-abc7-4f99-a9ae-006edbf7e669,2025-01-16 16:24:38,09,,2018-12-31,71320000,Stock ST-BOVINS Veaux Laitiers 8 Jours,,4.0,70.0,,280.0,,"D 280,00",32000000,16450bc2-f930-4052-a3f7-a602646e64cc,False,-280.0,2018-01-01,2018-12-31,,1,False,1,,,False
34796,6e2b5899-8cb4-424a-9634-79296a75827d,2025-01-16 16:24:38,09,,2018-12-31,71320000,Stock ST-BOVINS Taurillons (issus Veau,,2.0,1034.0,,2068.0,,"D 2 348,00",32000000,16450bc2-f930-4052-a3f7-a602646e64cc,False,-2348.0,2018-01-01,2018-12-31,,1,False,1,,,False
34979,8458de94-5163-4fc1-b7e8-3215263917f1,2025-01-16 16:26:33,21,342,2018-12-18,51210000,MISYF KINE VACHE 8200,,,,,15.0,,"D 48 052,22",44566000,16450bc2-f930-4052-a3f7-a602646e64cc,False,-48052.22,2018-01-01,2018-12-31,,1,False,1,,,False
34984,1e8deea3-a08b-4b3a-88e4-e59a264be7fb,2025-01-16 16:29:22,21,342,2018-12-18,62250852,MISYF KINE VACHE 8200,N°0000000,,,,,90.0,"C 18 638,63",51210000,16450bc2-f930-4052-a3f7-a602646e64cc,False,18638.63,2018-01-01,2018-12-31,,1,False,1,,,False
34989,0fca72bc-c271-4d94-87ee-64ee568e3c1b,2025-01-16 16:33:15,21,342,2018-12-18,51210000,MISYF KINE VACHE 8200,N°0000000,,,P4,75.0,,"D 2733,13",62250852,16450bc2-f930-4052-a3f7-a602646e64cc,False,-2733.13,2018-01-01,2018-12-31,,1,False,1,,,False
36985,2052b26e-58dd-444f-a747-c4a6f4bce605,2025-01-16 16:25:59,21,133,2018-07-03,51210000,MISYF KINE VACHE 8199,,,,,15.0,,"D 21 204,57",44566000,16450bc2-f930-4052-a3f7-a602646e64cc,False,-21204.57,2018-01-01,2018-12-31,,1,False,1,,,False
36988,d0567894-d4e1-4926-a7c3-1b34b5d3f5d8,2025-01-16 16:25:59,21,134,2018-07-03,51210000,MISYF KINE VACHE 8217,,,,,15.0,,"D 21 219,57",44566000,16450bc2-f930-4052-a3f7-a602646e64cc,False,-21219.57,2018-01-01,2018-12-31,,1,False,1,,,False
36993,7d12e846-de28-4364-bf33-030589493aa1,2025-01-16 16:28:41,21,134,2018-07-03,62250852,MISYF KINE VACHE 8217,N°0000000,,,,,90.0,"C 6895,17",51210000,16450bc2-f930-4052-a3f7-a602646e64cc,False,6895.17,2018-01-01,2018-12-31,,1,False,1,,,False
36997,2820aa31-fa5d-4227-84ec-4b28608e5051,2025-01-16 16:28:41,21,133,2018-07-03,62250852,MISYF KINE VACHE 8199,N°0000000,,,,,90.0,"C 6805,17",51210000,16450bc2-f930-4052-a3f7-a602646e64cc,False,6805.17,2018-01-01,2018-12-31,,1,False,1,,,False
37004,fe2cb2b9-407b-4b99-af79-aa20410a7d73,2025-01-16 16:33:15,21,133,2018-07-03,51210000,MISYF KINE VACHE 8199,N°0000000,,,P4,75.0,,"D 866,48",62250852,16450bc2-f930-4052-a3f7-a602646e64cc,False,-866.48,2018-01-01,2018-12-31,,1,False,1,,,False
37006,b676b5bc-e06e-4c12-962e-2a7a5cf88f87,2025-01-16 16:33:15,21,134,2018-07-03,51210000,MISYF KINE VACHE 8217,N°0000000,,,P4,75.0,,"D 941,48",62250852,16450bc2-f930-4052-a3f7-a602646e64cc,False,-941.48,2018-01-01,2018-12-31,,1,False,1,,,False
38698,00a5bdd1-7184-441c-8409-87b6d5d85ba2,2025-01-16 16:29:33,22,,2018-02-02,62250852,KINE VACHE KINESITHERAPEUT,N°4108514,,,,,90.0,"D 6 289,24",51220000,16450bc2-f930-4052-a3f7-a602646e64cc,False,-6289.24,2018-01-01,2018-12-31,,1,False,1,,,False
38702,82468f7e-bd56-4d3f-b6db-9c0668cfff8d,2025-01-16 16:33:14,22,,2018-02-02,51220000,KINE VACHE KINESITHERAPEUT,N°4108514,,,,90.0,,"D 90,00",62250852,16450bc2-f930-4052-a3f7-a602646e64cc,False,-90.0,2018-01-01,2018-12-31,,1,False,1,,,False
38786,a0d8e08e-42dc-4f8c-bb43-51cf3cd0a52c,2025-01-16 16:25:03,22,,2018-01-29,51220000,DUVACHER CHEQUE 3778630,N°3778630,,,AAR,858.25,,"C 19682,21",40120000,16450bc2-f930-4052-a3f7-a602646e64cc,False,19682.21,2018-01-01,2018-12-31,,1,False,1,,,False
38788,7b456509-0f76-4e18-afa5-64583385db37,2025-01-16 16:29:32,22,,2018-01-29,40120000,DUVACHER CHEQUE 3778630,N°3778630,,,,,858.25,"D 8458,64",51220000,16450bc2-f930-4052-a3f7-a602646e64cc,False,-8458.64,2018-01-01,2018-12-31,,1,False,1,,,False
39042,60947f6e-83a1-496c-8b2b-4d693783fc45,2025-01-16 16:25:13,60,DF54,2018-01-02,60540852,ELEVAGE CONSE ADH VIANDE 2018,,,,AAD,,670.73,"C 3 916,43",401ELEVAGE,16450bc2-f930-4052-a3f7-a602646e64cc,False,3916.43,2018-01-01,2018-12-31,,1,False,1,,,False
39044,0f926778-afb3-400f-8d63-35d7d276c03c,2025-01-16 16:25:24,70,02,2018-01-02,70400852,CHARRON SAS VACHES,,,,AAA,6434.03,,"D 34463,44",41110000,16450bc2-f930-4052-a3f7-a602646e64cc,False,-34463.44,2018-01-01,2018-12-31,,1,False,1,,,False
39045,910f6c23-150a-4897-a379-b8d86a908231,2025-01-16 16:25:32,60,DF54,2018-01-02,401ELEVAG,ELEVAGE CONSE ADH VIANDE 2018,,,,,111.79,,"D 4017,11",44566000,16450bc2-f930-4052-a3f7-a602646e64cc,False,-4017.11,2018-01-01,2018-12-31,,1,False,1,,,False
39048,0cd1224c-b5e2-4bd8-8bbd-8169ed0c1ba0,2025-01-16 16:26:48,70,02,2018-01-02,41110000,CHARRON SAS VACHES,,,,,,589.38,"C 589,38",44571050,16450bc2-f930-4052-a3f7-a602646e64cc,False,589.38,2018-01-01,2018-12-31,,1,False,1,,,False
39054,b036b2e0-2f5a-4f59-947e-32e6ba3102a1,2025-01-16 16:32:11,60,DF54,2018-01-02,401ELEVAG,ELEVAGE CONSE ADH VIANDE 2018,,,,P4,558.94,,"D 2757,66",60540852,16450bc2-f930-4052-a3f7-a602646e64cc,False,-2757.66,2018-01-01,2018-12-31,,1,False,1,,,False
39078,6db6933e-ff20-4d7f-817b-ed3e98024c80,2025-01-16 16:34:07,EX,,2018-01-01,16880000,OD Clôture Emprun VACHES ET GÉNISS,N°09918,,,,,2.7,"C 984,37",66120000,16450bc2-f930-4052-a3f7-a602646e64cc,False,984.37,2018-01-01,2018-12-31,,1,False,1,,,False
39093,621b7d58-0cdd-44a5-bd5c-41c16f74cb72,2025-01-16 16:35:01,09,,2018-01-01,32000000,Stock ST-BOVINS Taurillons (issus Veau,,-4.0,1083.75,,4335.0,,"D 4855,00",71320000,16450bc2-f930-4052-a3f7-a602646e64cc,False,-4855.0,2018-01-01,2018-12-31,,1,False,1,,,False
39103,e5634bb7-df6d-43a6-8c19-b8f41e1f0614,2025-01-16 16:35:01,09,,2018-01-01,32000000,Stock ST-BOVINS Génisses pour Reprodu,,-99.0,585.71,,57985.0,,"D 57985,00",71220000,16450bc2-f930-4052-a3f7-a602646e64cc,False,-57985.0,2018-01-01,2018-12-31,,1,False,1,,,False
39104,6413f919-c116-410b-9d1f-15dc739be6a4,2025-01-16 16:35:01,09,,2018-01-01,32000000,Stock ST-BOVINS Boeufs Laitiers,,-2.0,790.5,,1581.0,,"D 6436,00",71320000,16450bc2-f930-4052-a3f7-a602646e64cc,False,-6436.0,2018-01-01,2018-12-31,,1,False,1,,,False
39110,37b163ff-9717-47ad-86b0-639a34677e1f,2025-01-16 16:35:01,09,,2018-01-01,32000000,Stock ST-BOVINS Vaches Laitières,,-110.0,1265.13,,139164.0,,"D 139 164,00",71210000,16450bc2-f930-4052-a3f7-a602646e64cc,False,-139164.0,2018-01-01,2018-12-31,,1,False,1,,,False
39111,786f48c8-4f93-41dc-9ea8-7e8e1705b8ea,2025-01-16 16:35:01,09,,2018-01-01,32000000,Stock ST-BOVINS Veaux Laitiers 8 Jours,,-4.0,130.0,,520.0,,"D 520,00",71320000,16450bc2-f930-4052-a3f7-a602646e64cc,False,-520.0,2018-01-01,2018-12-31,,1,False,1,,,False
39408,e7fe52ce-c43e-4108-9d50-d47ef1b99261,2025-01-16 16:24:37,09,,2018-01-01,71210000,Stock ST-BOVINS Taurillons (issus Veau,,-4.0,1083.75,,,4335.0,"D 2101,00",32000000,16450bc2-f930-4052-a3f7-a602646e64cc,False,-2101.0,2018-01-01,2018-12-31,,1,False,1,,,False
39505,712ece0e-84d4-4918-983f-eea460279df0,2025-01-16 16:24:58,AN,DF35,2018-01-01,51220000,A-Nouveau DUVACHER-ABATT,,,,AAR,,858.25,"C 31 553,19",40120000,16450bc2-f930-4052-a3f7-a602646e64cc,False,31553.19,2018-01-01,2018-12-31,,1,False,1,,,False
39560,85fee953-e4b3-46b7-89da-8bbf8e92c1a1,2025-01-16 16:23:43,EX,,2018-01-01,66120000,OD Clôture Emprun VACHES ET GÉNISS,N°09918,,,,2.7,,"C 3033,11",16880000,16450bc2-f930-4052-a3f7-a602646e64cc,False,3033.11,2018-01-01,2018-12-31,,1,False,1,,,False
39585,dbb1e640-4adb-4717-9d2f-2d40d3b36b5c,2025-01-16 16:23:56,09,,2018-01-01,71210000,Stock ST-BOVINS Génisses pour Reprodu,,-99.0,585.71,,,57985.0,,24200000,16450bc2-f930-4052-a3f7-a602646e64cc,False,0.0,2018-01-01,2018-12-31,,1,False,1,,,False
39589,749401d3-99a3-4c0b-bf13-98d144b335f7,2025-01-16 16:23:56,09,,2018-01-01,71210000,Stock ST-BOVINS Vaches Laitières,,-110.0,1265.13,,,139164.0,,24100000,16450bc2-f930-4052-a3f7-a602646e64cc,False,0.0,2018-01-01,2018-12-31,,1,False,1,,,False
39622,d1603b2b-6f69-411d-83f1-12e6d5099c3e,2025-01-16 16:24:37,09,,2018-01-01,71210000,Stock ST-BOVINS Boeufs Laitiers,,-2.0,790.5,,,1581.0,"D 520,00",32000000,16450bc2-f930-4052-a3f7-a602646e64cc,False,-520.0,2018-01-01,2018-12-31,,1,False,1,,,False
39635,84d985ae-de32-4fe6-a607-099d399a988a,2025-01-16 16:24:38,09,,2018-01-01,71210000,Stock ST-BOVINS Veaux Laitiers 8 Jours,,-4.0,130.0,,,520.0,,32000000,16450bc2-f930-4052-a3f7-a602646e64cc,False,0.0,2018-01-01,2018-12-31,,1,False,1,,,False
