"","AniLifeNumber","total_milk","avg_daily_milk","milk_span_days","avg_milkings_per_day","fat_pct_avg","protein_pct_avg","AniGenId","AniBirthday","AniActive","entry_code","entry_date","exit_code","exit_date","date","weight","birth_year","still_active"
"1","",251.7,27.9666666666667,1203,1,5.19222222222222,3.38222222222222,2,2011-07-15,FALSE,NA,NA,NA,NA,NA,NA,2011,TRUE
"2","",251.7,27.9666666666667,1203,1,5.19222222222222,3.38222222222222,2,2016-07-24,FALSE,NA,NA,NA,NA,NA,NA,2016,TRUE
"3","",251.7,27.9666666666667,1203,1,5.19222222222222,3.38222222222222,2,2016-08-25,FALSE,NA,NA,NA,NA,NA,NA,2016,TRUE
"4","",251.7,27.9666666666667,1203,1,5.19222222222222,3.38222222222222,2,2016-08-26,FALSE,NA,NA,NA,NA,NA,NA,2016,TRUE
"5","",251.7,27.9666666666667,1203,1,5.19222222222222,3.38222222222222,2,2016-07-22,FALSE,NA,NA,NA,NA,NA,NA,2016,TRUE
"6","FR3511030992",120.2,30.05,190,NA,5.15,3.565,2,2018-12-27,FALSE,NA,NA,NA,NA,NA,NA,2018,TRUE
"7","FR3511031000",8.6,8.6,0,NA,NA,NA,2,2018-12-27,FALSE,NA,NA,NA,NA,NA,NA,2018,TRUE
"8","FR3511031001",105.8,35.2666666666667,122,NA,3.08,2.84666666666667,2,2018-12-29,FALSE,NA,NA,NA,NA,NA,NA,2018,TRUE
"9","FR3511031005",18.3,18.3,0,NA,4.37,3.17,2,2019-01-01,FALSE,NA,NA,NA,NA,NA,NA,2019,TRUE
"10","FR3526708960",245.7,22.3363636363636,733,NA,4.53444444444444,3.51555555555556,2,2015-10-05,FALSE,NA,NA,NA,NA,NA,NA,2015,TRUE
"11","FR3527660505",89.5,17.9,244,NA,3.858,3.47,2,2014-01-08,FALSE,NA,NA,NA,NA,NA,NA,2014,TRUE
"12","FR4124295420",110.4,13.8,483,NA,5.09375,3.57625,2,2015-09-01,FALSE,NA,NA,NA,NA,NA,NA,2015,TRUE
"13","FR4124295424",188.4,18.84,665,NA,4.556,3.603,2,2015-09-28,FALSE,NA,NA,NA,NA,NA,NA,2015,TRUE
"14","FR4124295428",34.3,17.15,63,NA,5.17,3.715,2,2015-10-25,FALSE,NA,NA,NA,NA,NA,NA,2015,TRUE
"15","FR4401541353",9.8,9.8,0,NA,6.04,4.95,2,2010-08-22,FALSE,NA,NA,NA,NA,NA,NA,2010,TRUE
"16","FR4401541370",29.3,14.65,63,NA,4.215,3.065,2,2012-04-01,FALSE,NA,NA,NA,NA,NA,NA,2012,TRUE
"17","FR4401541379",89.1,22.275,244,NA,4.79,3.2075,2,2012-11-15,FALSE,NA,NA,NA,NA,NA,NA,2012,TRUE
"18","FR4401541380",54.9,18.3,123,NA,4.52,3.45333333333333,2,2012-12-21,FALSE,NA,NA,NA,NA,NA,NA,2012,TRUE
"19","FR4401541383",299.8,33.3111111111111,600,NA,4.225,3.3075,2,2013-03-30,FALSE,NA,NA,NA,NA,NA,NA,2013,TRUE
"20","FR4401541384",48.4,16.1333333333333,121,NA,5.025,3.305,2,2013-04-17,FALSE,NA,NA,NA,NA,NA,NA,2013,TRUE
"21","FR4401541386",7.8,7.8,0,NA,NA,NA,2,2013-05-24,FALSE,NA,NA,NA,NA,NA,NA,2013,TRUE
"22","FR4401541390",182.2,22.775,483,NA,4.57625,3.5225,2,2013-08-17,FALSE,NA,NA,NA,NA,NA,NA,2013,TRUE
"23","FR4401541395",244.3,24.43,600,NA,3.828,3.077,2,2013-09-14,FALSE,NA,NA,NA,NA,NA,NA,2013,TRUE
"24","FR4401541402",263.3,26.33,733,NA,4.43777777777778,3.31222222222222,2,2014-01-18,FALSE,NA,NA,NA,NA,NA,NA,2014,TRUE
"25","FR4401541403",284.2,35.525,419,NA,3.295,2.92,2,2014-02-28,FALSE,NA,NA,NA,NA,NA,NA,2014,TRUE
"26","FR4401541407",323.1,29.3727272727273,665,NA,3.87363636363636,3.13090909090909,2,2014-04-30,FALSE,NA,NA,NA,NA,NA,NA,2014,TRUE
"27","FR4401541408",27.1,9.03333333333333,123,NA,4.195,3.39,2,2014-05-05,FALSE,NA,NA,NA,NA,NA,NA,2014,TRUE
"28","FR4401541409",369.8,33.6181818181818,733,NA,3.86909090909091,3.36,2,2014-05-09,FALSE,NA,NA,NA,NA,NA,NA,2014,TRUE
"29","FR4401541411",263.9,20.3,733,NA,5.40615384615385,4.20615384615385,2,2014-08-31,FALSE,NA,NA,NA,NA,NA,NA,2014,TRUE
"30","FR4401541412",169.8,18.8666666666667,543,NA,4.50142857142857,3.93714285714286,2,2014-08-31,FALSE,NA,NA,NA,NA,NA,NA,2014,TRUE
"31","FR4401541418",309,25.75,733,NA,4.69833333333333,3.63416666666667,2,2014-11-18,FALSE,NA,NA,NA,NA,NA,NA,2014,TRUE
"32","FR4401541419",313.5,26.125,733,NA,3.88583333333333,3.265,2,2014-12-22,FALSE,NA,NA,NA,NA,NA,NA,2014,TRUE
"33","FR4401541422",46.8,15.6,123,NA,4.46,3.24333333333333,2,2015-03-15,FALSE,NA,NA,NA,NA,NA,NA,2015,TRUE
"34","FR4401541423",100.6,14.3714285714286,483,NA,4.76285714285714,3.99285714285714,2,2015-04-12,FALSE,NA,NA,NA,NA,NA,NA,2015,TRUE
"35","FR4401541425",118,16.8571428571429,483,NA,4.66,3.84333333333333,2,2015-05-17,FALSE,NA,NA,NA,NA,NA,NA,2015,TRUE
"36","FR4401541426",95.6,19.12,242,NA,4.7575,3.5525,2,2015-05-27,FALSE,NA,NA,NA,NA,NA,NA,2015,TRUE
"37","FR4401541428",74.8,18.7,196,NA,5.175,3.995,2,2015-07-21,FALSE,NA,NA,NA,NA,NA,NA,2015,TRUE
"38","FR4401541429",7.2,7.2,0,NA,4.07,2.9,2,2015-09-12,FALSE,NA,NA,NA,NA,NA,NA,2015,TRUE
"39","FR4401541431",387.5,32.2916666666667,733,NA,4.0325,3.19166666666667,2,2015-09-18,FALSE,NA,NA,NA,NA,NA,NA,2015,TRUE
"40","FR4401541432",302.9,27.5363636363636,733,NA,4.51363636363636,3.22363636363636,2,2015-09-24,FALSE,NA,NA,NA,NA,NA,NA,2015,TRUE
"41","FR4401541434",50.4,25.2,63,NA,4.1,3.105,2,2015-10-21,FALSE,NA,NA,NA,NA,NA,NA,2015,TRUE
"42","FR4401541438",7.1,7.1,0,NA,6.16,4.29,2,2015-11-25,FALSE,NA,NA,NA,NA,NA,NA,2015,TRUE
"43","FR4401541439",208.4,23.1555555555556,600,NA,4.14444444444444,3.57,2,2015-11-27,FALSE,NA,NA,NA,NA,NA,NA,2015,TRUE
"44","FR4401541440",197.3,19.73,665,NA,4.813,3.815,2,2015-12-07,FALSE,NA,NA,NA,NA,NA,NA,2015,TRUE
"45","FR4401541441",296,26.9090909090909,733,NA,4.319,3.436,2,2015-12-18,FALSE,NA,NA,NA,NA,NA,NA,2015,TRUE
"46","FR4401541442",278.8,25.3454545454545,733,NA,4.18090909090909,3.42454545454545,2,2015-12-24,FALSE,NA,NA,NA,NA,NA,NA,2015,TRUE
"47","FR4401541443",141.6,17.7,420,NA,5.0225,3.55375,2,2015-12-26,FALSE,NA,NA,NA,NA,NA,NA,2015,TRUE
"48","FR4401541444",108.4,18.0666666666667,305,NA,4.896,4.002,2,2016-01-20,FALSE,NA,NA,NA,NA,NA,NA,2016,TRUE
"49","FR4401541445",302.9,30.29,600,NA,4.153,3.333,2,2016-02-12,FALSE,NA,NA,NA,NA,NA,NA,2016,TRUE
"50","FR4401541446",291.4,26.4909090909091,733,NA,4.72090909090909,3.48272727272727,2,2016-02-28,FALSE,NA,NA,NA,NA,NA,NA,2016,TRUE
"51","FR4401541447",311.3,25.9416666666667,733,NA,4.044,3.17,2,2016-03-17,FALSE,NA,NA,NA,NA,NA,NA,2016,TRUE
"52","FR4401541449",36.2,12.0666666666667,123,NA,4.66666666666667,3.33333333333333,2,2016-04-15,FALSE,NA,NA,NA,NA,NA,NA,2016,TRUE
"53","FR4401541450",238.2,34.0285714285714,419,NA,4.13571428571429,3.36142857142857,2,2016-04-17,FALSE,NA,NA,NA,NA,NA,NA,2016,TRUE
"54","FR4401541452",183.1,26.1571428571429,483,NA,4.05,3.36142857142857,2,2016-05-01,FALSE,NA,NA,NA,NA,NA,NA,2016,TRUE
"55","FR4401541453",25.3,25.3,0,NA,6.24,3.23,2,2016-05-04,FALSE,NA,NA,NA,NA,NA,NA,2016,TRUE
"56","FR4401541454",360.4,30.0333333333333,733,NA,4.20916666666667,3.46666666666667,2,2016-07-18,FALSE,NA,NA,NA,NA,NA,NA,2016,TRUE
"57","FR4401541456",295.2,26.8363636363636,733,NA,4.05181818181818,3.34272727272727,2,2016-08-18,FALSE,NA,NA,NA,NA,NA,NA,2016,TRUE
"58","FR4401541457",232.7,23.27,600,NA,4.16,3.21,2,2016-08-28,FALSE,NA,NA,NA,NA,NA,NA,2016,TRUE
"59","FR4401541459",212.6,19.3272727272727,733,NA,5.09727272727273,3.73727272727273,2,2016-10-18,FALSE,NA,NA,NA,NA,NA,NA,2016,TRUE
"60","FR4401541460",46.8,15.6,133,NA,4.37333333333333,3.19333333333333,2,2016-11-06,FALSE,NA,NA,NA,NA,NA,NA,2016,TRUE
"61","FR4401541462",236.5,23.65,733,NA,4.506,3.297,2,2016-11-10,FALSE,NA,NA,NA,NA,NA,NA,2016,TRUE
"62","FR4401541463",147,18.375,600,NA,4.62375,3.79375,2,2016-11-14,FALSE,NA,NA,NA,NA,NA,NA,2016,TRUE
"63","FR4401541464",208.1,20.81,602,NA,4.89888888888889,3.63777777777778,2,2016-11-19,FALSE,NA,NA,NA,NA,NA,NA,2016,TRUE
"64","FR4401541465",14.3,14.3,0,NA,4.57,3.02,2,2016-11-30,FALSE,NA,NA,NA,NA,NA,NA,2016,TRUE
"65","FR4401541466",265.2,24.1090909090909,670,NA,4.62818181818182,3.57272727272727,2,2016-12-03,FALSE,NA,NA,NA,NA,NA,NA,2016,TRUE
"66","FR4401541467",287.4,23.95,733,NA,4.71818181818182,3.90454545454545,2,2016-12-12,FALSE,NA,NA,NA,NA,NA,NA,2016,TRUE
"67","FR4401541469",160.7,22.9571428571429,365,NA,4.47142857142857,3.36142857142857,2,2017-02-02,FALSE,NA,NA,NA,NA,NA,NA,2017,TRUE
"68","FR4401541471",280.1,28.01,733,NA,4.163,2.996,2,2017-02-14,FALSE,NA,NA,NA,NA,NA,NA,2017,TRUE
"69","FR4401541472",304.7,27.7,733,NA,4.028,3.382,2,2017-02-16,FALSE,NA,NA,NA,NA,NA,NA,2017,TRUE
"70","FR4401541473",274.2,24.9272727272727,670,NA,4.162,3.267,2,2017-03-07,FALSE,NA,NA,NA,NA,NA,NA,2017,TRUE
"71","FR4401541474",376.1,31.3416666666667,733,NA,3.90416666666667,3.04666666666667,2,2017-03-25,FALSE,NA,NA,NA,NA,NA,NA,2017,TRUE
"72","FR4401541476",205,20.5,670,NA,4.28,3.708,2,2017-04-11,FALSE,NA,NA,NA,NA,NA,NA,2017,TRUE
"73","FR4401541477",338,30.7272727272727,670,NA,3.97363636363636,3.25090909090909,2,2017-05-26,FALSE,NA,NA,NA,NA,NA,NA,2017,TRUE
"74","FR4401541478",93.6,18.72,242,NA,4.918,3.85,2,2017-06-01,FALSE,NA,NA,NA,NA,NA,NA,2017,TRUE
"75","FR4401541480",208.4,26.05,489,NA,3.9775,3.08875,2,2017-06-24,FALSE,NA,NA,NA,NA,NA,NA,2017,TRUE
"76","FR4401541481",277.1,25.1909090909091,670,NA,4.116,3.288,2,2017-07-01,FALSE,NA,NA,NA,NA,NA,NA,2017,TRUE
"77","FR4401541482",108.7,18.1166666666667,314,NA,4.34833333333333,3.45,2,2017-07-15,FALSE,NA,NA,NA,NA,NA,NA,2017,TRUE
"78","FR4401541483",165.8,20.725,477,NA,4.2,3.085,2,2017-07-15,FALSE,NA,NA,NA,NA,NA,NA,2017,TRUE
"79","FR4401541484",255.6,28.4,537,NA,4.00777777777778,3.09888888888889,2,2017-08-08,FALSE,NA,NA,NA,NA,NA,NA,2017,TRUE
"80","FR4401541485",329.4,32.94,610,NA,3.544,2.979,2,2017-09-12,FALSE,NA,NA,NA,NA,NA,NA,2017,TRUE
"81","FR4401541486",49.8,16.6,109,NA,3.825,3.375,2,2017-10-08,FALSE,NA,NA,NA,NA,NA,NA,2017,TRUE
"82","FR4401541489",202,20.2,610,NA,4.216,2.924,2,2017-11-26,FALSE,NA,NA,NA,NA,NA,NA,2017,TRUE
"83","FR4401541492",357.6,29.8,733,NA,3.8,3.39333333333333,2,2017-12-01,FALSE,NA,NA,NA,NA,NA,NA,2017,TRUE
"84","FR4401541493",316.8,31.68,610,NA,3.539,2.95,2,2017-12-02,FALSE,NA,NA,NA,NA,NA,NA,2017,TRUE
"85","FR4401541494",233.4,25.9333333333333,602,NA,4.95777777777778,3.64888888888889,2,2017-12-08,FALSE,NA,NA,NA,NA,NA,NA,2017,TRUE
"86","FR4401541495",185.7,20.6333333333333,537,NA,4.30125,3.41375,2,2017-12-11,FALSE,NA,NA,NA,NA,NA,NA,2017,TRUE
"87","FR4401541496",90.9,18.18,250,NA,4.408,3.81,2,2017-12-20,FALSE,NA,NA,NA,NA,NA,NA,2017,TRUE
"88","FR4401541497",203.5,22.6111111111111,477,NA,4.49888888888889,3.37444444444444,2,2017-12-22,FALSE,NA,NA,NA,NA,NA,NA,2017,TRUE
"89","FR4401541498",136,22.6666666666667,428,NA,4.52333333333333,3.42833333333333,2,2017-12-24,FALSE,NA,NA,NA,NA,NA,NA,2017,TRUE
"90","FR4401541499",165.4,18.3777777777778,489,NA,4.83875,3.675,2,2017-12-25,FALSE,NA,NA,NA,NA,NA,NA,2017,TRUE
"91","FR4401541500",98.9,14.1285714285714,347,NA,4.72857142857143,3.71428571428571,2,2017-12-26,FALSE,NA,NA,NA,NA,NA,NA,2017,TRUE
"92","FR4401541501",194.7,19.47,537,NA,4.596,3.853,2,2017-12-30,FALSE,NA,NA,NA,NA,NA,NA,2017,TRUE
"93","FR4401541502",205.4,18.6727272727273,733,NA,4.76818181818182,3.44363636363636,2,2017-12-31,FALSE,NA,NA,NA,NA,NA,NA,2017,TRUE
"94","FR4401541503",75.4,15.08,239,NA,4.64,3.708,2,2018-01-02,FALSE,NA,NA,NA,NA,NA,NA,2018,TRUE
"95","FR4401541504",222.9,24.7666666666667,537,NA,4.26333333333333,3.32222222222222,2,2018-01-04,FALSE,NA,NA,NA,NA,NA,NA,2018,TRUE
"96","FR4401541505",34.6,17.3,64,NA,4.13,3.46,2,2018-01-10,FALSE,NA,NA,NA,NA,NA,NA,2018,TRUE
"97","FR4401541506",266.1,26.61,610,NA,4.406,3.429,2,2018-01-11,FALSE,NA,NA,NA,NA,NA,NA,2018,TRUE
"98","FR4401541508",147.2,21.0285714285714,421,NA,4.37,3.37666666666667,2,2018-02-07,FALSE,NA,NA,NA,NA,NA,NA,2018,TRUE
"99","FR4401541510",225.5,32.2142857142857,428,NA,3.89,3.16,2,2018-03-22,FALSE,NA,NA,NA,NA,NA,NA,2018,TRUE
"100","FR4401541511",225.8,18.8166666666667,733,NA,4.91363636363636,3.56818181818182,2,2018-03-29,FALSE,NA,NA,NA,NA,NA,NA,2018,TRUE
"101","FR4401541512",229,28.625,489,NA,4.29625,3.4725,2,2018-04-02,FALSE,NA,NA,NA,NA,NA,NA,2018,TRUE
"102","FR4401541513",130,18.5714285714286,489,NA,5.032,3.638,2,2018-04-09,FALSE,NA,NA,NA,NA,NA,NA,2018,TRUE
"103","FR4401541514",98.5,19.7,250,NA,4.0425,3.22,2,2018-04-11,FALSE,NA,NA,NA,NA,NA,NA,2018,TRUE
"104","FR4401541515",238.6,26.5111111111111,537,NA,4.40666666666667,3.51555555555556,2,2018-04-16,FALSE,NA,NA,NA,NA,NA,NA,2018,TRUE
"105","FR4401541516",272.3,34.0375,489,NA,3.50375,3.2725,2,2018-04-24,FALSE,NA,NA,NA,NA,NA,NA,2018,TRUE
"106","FR4401541517",75.4,15.08,295,NA,4.654,3.854,2,2018-05-30,FALSE,NA,NA,NA,NA,NA,NA,2018,TRUE
"107","FR4401541518",222.4,37.0666666666667,368,NA,4.10333333333333,3.05166666666667,2,2018-06-09,FALSE,NA,NA,NA,NA,NA,NA,2018,TRUE
"108","FR4401541519",101.4,20.28,314,NA,4.538,3.618,2,2018-06-09,FALSE,NA,NA,NA,NA,NA,NA,2018,TRUE
"109","FR4401541521",68.6,17.15,190,NA,4.9425,3.955,2,2018-07-30,FALSE,NA,NA,NA,NA,NA,NA,2018,TRUE
"110","FR4401541522",136.4,22.7333333333333,428,NA,4.845,3.55833333333333,2,2018-08-10,FALSE,NA,NA,NA,NA,NA,NA,2018,TRUE
"111","FR4401541524",40.7,13.5666666666667,117,NA,4.21666666666667,3.57666666666667,2,2018-08-15,FALSE,NA,NA,NA,NA,NA,NA,2018,TRUE
"112","FR4401541525",189.1,27.0142857142857,368,NA,4.34285714285714,3.39428571428571,2,2018-08-25,FALSE,NA,NA,NA,NA,NA,NA,2018,TRUE
"113","FR4401541526",128.7,21.45,368,NA,4.574,3.472,2,2018-08-29,FALSE,NA,NA,NA,NA,NA,NA,2018,TRUE
"114","FR4401541527",169.6,28.2666666666667,428,NA,3.955,3.255,2,2018-08-30,FALSE,NA,NA,NA,NA,NA,NA,2018,TRUE
"115","FR4401541528",169.5,24.2142857142857,428,NA,4.17571428571429,3.40857142857143,2,2018-09-01,FALSE,NA,NA,NA,NA,NA,NA,2018,TRUE
"116","FR4401541529",225.3,28.1625,537,NA,4.22428571428571,3.30142857142857,2,2018-09-06,FALSE,NA,NA,NA,NA,NA,NA,2018,TRUE
"117","FR4401541530",191.1,23.8875,489,NA,4.21625,3.4475,2,2018-09-20,FALSE,NA,NA,NA,NA,NA,NA,2018,TRUE
"118","FR4401541532",107.9,21.58,246,NA,4.556,3.7,2,2018-10-14,FALSE,NA,NA,NA,NA,NA,NA,2018,TRUE
"119","FR4401541534",106.8,26.7,190,NA,3.875,3.3575,2,2018-11-08,FALSE,NA,NA,NA,NA,NA,NA,2018,TRUE
"120","FR4401541535",66.2,22.0666666666667,133,NA,4.57333333333333,3.78,2,2018-11-21,FALSE,NA,NA,NA,NA,NA,NA,2018,TRUE
"121","FR4401541536",54.2,27.1,68,NA,3.685,3.255,2,2018-11-25,FALSE,NA,NA,NA,NA,NA,NA,2018,TRUE
"122","FR4401541537",160.4,32.08,250,NA,3.2475,3.005,2,2018-12-01,FALSE,NA,NA,NA,NA,NA,NA,2018,TRUE
"123","FR4401541538",30,30,0,NA,3.26,3.08,2,2018-12-05,FALSE,NA,NA,NA,NA,NA,NA,2018,TRUE
"124","FR4401541539",80,26.6666666666667,133,NA,3.82666666666667,3.00333333333333,2,2018-12-08,FALSE,NA,NA,NA,NA,NA,NA,2018,TRUE
"125","FR4401541540",63.6,21.2,133,NA,4.09,3.23,2,2018-12-09,FALSE,NA,NA,NA,NA,NA,NA,2018,TRUE
"126","FR4401541541",116.1,29.025,190,NA,3.96,3.38,2,2018-12-10,FALSE,NA,NA,NA,NA,NA,NA,2018,TRUE
"127","FR4401541542",127.3,25.46,250,NA,4.026,3.47,2,2018-12-12,FALSE,NA,NA,NA,NA,NA,NA,2018,TRUE
"128","FR4401541544",122.8,30.7,190,NA,4.05,3.2675,2,2018-12-21,FALSE,NA,NA,NA,NA,NA,NA,2018,TRUE
"129","FR4401541545",114.9,28.725,190,NA,4.1825,3.1775,2,2018-12-29,FALSE,NA,NA,NA,NA,NA,NA,2018,TRUE
"130","FR4401541546",100,20,250,NA,4.56,3.452,2,2019-01-30,FALSE,NA,NA,NA,NA,NA,NA,2019,TRUE
"131","FR4401541547",75.2,25.0666666666667,133,NA,4.43333333333333,3.55666666666667,2,2019-02-04,FALSE,NA,NA,NA,NA,NA,NA,2019,TRUE
"132","FR4401541548",88.3,22.075,190,NA,4.95,3.2025,2,2019-02-07,FALSE,NA,NA,NA,NA,NA,NA,2019,TRUE
"133","FR4401541550",135.1,27.02,250,NA,3.68,2.848,2,2019-02-09,FALSE,NA,NA,NA,NA,NA,NA,2019,TRUE
"134","FR4401541551",125.2,31.3,190,NA,4.3125,3.54,2,2019-02-11,FALSE,NA,NA,NA,NA,NA,NA,2019,TRUE
"135","FR4401541552",5.1,5.1,0,NA,NA,NA,2,2019-02-18,FALSE,NA,NA,NA,NA,NA,NA,2019,TRUE
"136","FR4401541554",65.6,21.8666666666667,133,NA,3.77333333333333,3.48666666666667,2,2019-03-13,FALSE,NA,NA,NA,NA,NA,NA,2019,TRUE
"137","FR4401541556",39.5,19.75,68,NA,4.71,3.62,2,2019-04-16,FALSE,NA,NA,NA,NA,NA,NA,2019,TRUE
"138","FR4401541558",64.9,32.45,68,NA,3.325,3.105,2,2019-05-06,FALSE,NA,NA,NA,NA,NA,NA,2019,TRUE
"139","FR4401541559",32.2,16.1,68,NA,4.24,3.33,2,2019-05-08,FALSE,NA,NA,NA,NA,NA,NA,2019,TRUE
"140","FR4401541561",29.9,29.9,0,NA,3.48,3.29,2,2019-06-03,FALSE,NA,NA,NA,NA,NA,NA,2019,TRUE
"141","FR4401541576",25,25,0,NA,4.28,3.14,2,2019-08-18,FALSE,NA,NA,NA,NA,NA,NA,2019,TRUE
"142","FR4401543949",111,27.75,190,NA,4.065,3.05,2,2019-01-02,FALSE,NA,NA,NA,NA,NA,NA,2019,TRUE
"143","FR4401550303",300.9,25.075,733,NA,3.66,3.27363636363636,2,2011-02-12,FALSE,NA,NA,NA,NA,NA,NA,2011,TRUE
"144","FR4401550359",44.2,14.7333333333333,121,NA,4.81333333333333,3.18333333333333,2,2012-05-05,FALSE,NA,NA,NA,NA,NA,NA,2012,TRUE
"145","FR4401550420",62.8,15.7,196,NA,5.8,4.3325,2,2013-11-21,FALSE,NA,NA,NA,NA,NA,NA,2013,TRUE
"146","FR4401550435",267.3,24.3,733,NA,4.55181818181818,3.49909090909091,2,2014-07-04,FALSE,NA,NA,NA,NA,NA,NA,2014,TRUE
"147","FR4401550437",85.9,17.18,244,NA,4.522,3.506,2,2014-07-23,FALSE,NA,NA,NA,NA,NA,NA,2014,TRUE
"148","FR4401550441",41.5,13.8333333333333,123,NA,4.51333333333333,3.71666666666667,2,2014-09-05,FALSE,NA,NA,NA,NA,NA,NA,2014,TRUE
"149","FR4401550455",5.8,5.8,0,NA,NA,NA,2,2014-10-24,FALSE,NA,NA,NA,NA,NA,NA,2014,TRUE
"150","FR4401550467",151.5,16.8333333333333,600,NA,5.14444444444444,3.76222222222222,2,2015-01-31,FALSE,NA,NA,NA,NA,NA,NA,2015,TRUE
"151","FR4401550508",85.7,12.2428571428571,483,NA,5.57285714285714,4.06142857142857,2,2016-03-17,FALSE,NA,NA,NA,NA,NA,NA,2016,TRUE
"152","FR4401550518",255.3,23.2090909090909,665,NA,4.68181818181818,3.63545454545455,2,2016-06-21,FALSE,NA,NA,NA,NA,NA,NA,2016,TRUE
"153","FR4401550521",193.5,19.35,600,NA,4.997,3.859,2,2016-08-03,FALSE,NA,NA,NA,NA,NA,NA,2016,TRUE
"154","FR4401550528",188.5,17.1363636363636,733,NA,5.22727272727273,4.03636363636364,2,2016-10-20,FALSE,NA,NA,NA,NA,NA,NA,2016,TRUE
"155","FR4401550537",115.4,16.4857142857143,419,NA,4.89571428571429,3.77857142857143,2,2017-01-04,FALSE,NA,NA,NA,NA,NA,NA,2017,TRUE
"156","FR4401550538",170.7,18.9666666666667,610,NA,5.00375,3.3275,2,2017-02-02,FALSE,NA,NA,NA,NA,NA,NA,2017,TRUE
"157","FR4401550541",71.9,14.38,242,NA,5.0475,3.55,2,2017-03-07,FALSE,NA,NA,NA,NA,NA,NA,2017,TRUE
"158","FR4401550544",123.6,17.6571428571429,360,NA,5.35142857142857,3.98428571428571,2,2017-03-15,FALSE,NA,NA,NA,NA,NA,NA,2017,TRUE
"159","FR4401572218",44144.1000000001,33.957,1560,2.73297213622291,4.40357197844496,3.48484988452656,2,2016-07-22,FALSE,NA,NA,"E",2018-11-23,2023-04-12,303.4,2016,FALSE
"160","FR4401572219",65637.4,37.528530588908,2127,3.06044905008636,5.01514579759863,3.16749571183533,2,2016-07-24,TRUE,NA,NA,"E",2018-11-23,NA,NA,2016,FALSE
"161","FR4401572222",49296.7,34.715985915493,1711,2.44893617021277,4.54735024665257,3.40207892882311,2,2016-08-25,FALSE,NA,NA,"E",2018-11-23,2023-08-01,364.8,2016,FALSE
"162","FR4401572223",45196.5,30.8508532423208,1659,2.1510989010989,4.63023208191126,3.36650511945393,2,2016-08-26,FALSE,NA,NA,"E",2018-11-23,2023-08-01,340.3,2016,FALSE
"163","FR44042808550",7505,41.2362637362637,181,2.88461538461538,3.39395604395604,3.31835164835165,2,2022-01-29,TRUE,NA,NA,NA,NA,NA,NA,2022,TRUE
"164","FR44042808552",5324.8,33.0732919254658,160,2.75776397515528,4.15981366459627,3.41254658385093,2,2022-02-09,TRUE,NA,NA,NA,NA,NA,NA,2022,TRUE
"165","FR44042808553",6498.9,38.6839285714286,167,3.44047619047619,3.83607142857143,3.19720238095238,2,2022-02-11,TRUE,NA,NA,NA,NA,NA,NA,2022,TRUE
"166","FR44042808554",6121.5,35.5901162790698,171,3.07558139534884,3.6803488372093,3.18459302325581,2,2022-02-11,TRUE,NA,NA,NA,NA,NA,NA,2022,TRUE
"167","FR44042808555",6442.2,34.6354838709677,185,2.89784946236559,3.37962365591398,3.17064516129032,2,2022-03-29,TRUE,NA,NA,NA,NA,NA,NA,2022,TRUE
"168","FR44042808556",3419,43.2784810126582,78,2.75949367088608,4.47139240506329,3.18607594936709,2,2022-03-29,TRUE,NA,NA,NA,NA,NA,NA,2022,TRUE
"169","FR44042808558",1411.8,27.6823529411765,50,2.68627450980392,4.16979166666667,3.33354166666667,2,2022-04-06,TRUE,NA,NA,NA,NA,NA,NA,2022,TRUE
"170","FR44042808559",3.7,3.7,0,1,3.06,4.43,2,2022-04-06,TRUE,NA,NA,NA,NA,NA,NA,2022,TRUE
"171","FR44042808560",5675.8,30.5150537634409,185,2.87096774193548,4.30421621621622,3.44091891891892,2,2022-04-07,TRUE,NA,NA,NA,NA,NA,NA,2022,TRUE
"172","FR44042808561",4182.5,44.4946808510638,95,3.87234042553191,3.49260869565217,3.1754347826087,2,2022-04-11,TRUE,NA,NA,NA,NA,NA,NA,2022,TRUE
"173","FR44042808562",4171.4,38.985046728972,106,3.10280373831776,2.54028037383178,2.92448598130841,2,2022-04-20,TRUE,NA,NA,NA,NA,NA,NA,2022,TRUE
"174","FR44042808564",2864,27.5384615384615,127,2.52884615384615,4.29233009708738,3.65194174757282,2,2022-04-30,TRUE,NA,NA,NA,NA,NA,NA,2022,TRUE
"175","FR44042808565",1334.6,33.365,39,2.8,4.302,3.63575,2,2022-05-01,FALSE,NA,NA,NA,NA,NA,NA,2022,TRUE
"176","FR44042808566",3690.7,35.4875,103,3.66346153846154,3.09865384615385,3.11442307692308,2,2022-05-11,TRUE,NA,NA,NA,NA,NA,NA,2022,TRUE
"177","FR44042808567",2124.7,28.7121621621622,73,3.05405405405405,3.7995945945946,3.27635135135135,2,2022-05-13,TRUE,NA,NA,NA,NA,NA,NA,2022,TRUE
"178","FR44042808568",130.6,8.1625,16,1.375,4.46625,3.568125,2,2022-05-31,FALSE,NA,NA,NA,NA,NA,NA,2022,TRUE
"179","FR44042808569",4151.4,34.8857142857143,118,2.85714285714286,2.80025210084034,3.06050420168067,2,2022-06-05,TRUE,NA,NA,NA,NA,NA,NA,2022,TRUE
"180","FR44042808570",2659.8,34.5428571428571,76,3.45454545454545,4.06974025974026,3.52272727272727,2,2022-06-07,TRUE,NA,NA,NA,NA,NA,NA,2022,TRUE
"181","FR44042808571",2020.4,30.155223880597,66,3.16417910447761,4.11402985074627,3.7110447761194,2,2022-06-12,FALSE,NA,NA,NA,NA,NA,NA,2022,TRUE
"182","FR4404281081",230.3,38.3833333333333,5,1.66666666666667,4.32833333333333,3.30166666666667,2,2011-07-21,FALSE,NA,NA,NA,NA,NA,NA,2011,TRUE
"183","FR4404283104",40313.6,32.5109677419355,1444,2.96732026143791,4.6335564516129,3.44707258064516,2,2018-09-17,TRUE,NA,NA,"B",2025-02-03,2025-02-03,382.4,2018,FALSE
"184","FR4404283159",9469.1,31.7755033557047,293,3.18707482993197,3.45479865771812,3.26479865771812,2,2018-09-17,FALSE,NA,NA,"B",2021-12-28,2021-12-28,330.3,2018,FALSE
"185","FR4404288019",44005.9,37.6118803418803,1344,2.39965247610773,3.74382832618026,3.27790557939914,2,2008-11-28,FALSE,NA,NA,"B",2020-12-28,2020-12-28,403.4,2008,FALSE
"186","FR4404288028",25115,24.7682445759369,1192,2.8,4.22914935707221,3.53086053412463,2,2009-05-19,FALSE,NA,NA,"B",2020-04-20,2020-04-20,326.9,2009,FALSE
"187","FR4404288029",10076.1,23.5974238875878,424,2.05660377358491,5.96503512880562,3.66470725995316,2,2009-05-24,FALSE,NA,NA,"B",2018-01-02,2018-01-03,286.2,2009,FALSE
"188","FR4404288040",1265.5,27.5108695652174,45,2.41304347826087,5.49372093023256,3.62186046511628,2,2009-10-10,FALSE,NA,NA,"B",2017-07-19,2017-07-20,357.7,2009,FALSE
"189","FR4404288045",4429,22.145,201,1.765,4.87984771573604,3.60223350253807,2,2009-12-26,FALSE,NA,NA,"B",2017-08-30,2017-08-31,335.2,2009,FALSE
"190","FR4404288050",13540.8,36.1088,519,3.23924731182796,4.50494623655914,3.26161290322581,2,2010-02-15,FALSE,NA,NA,"M",2018-03-24,NA,NA,2010,FALSE
"191","FR4404288063",4831.4,33.5513888888889,143,1.89583333333333,4.18964539007092,3.29858156028369,2,2010-07-06,FALSE,NA,NA,"B",2017-08-14,2017-08-16,359.3,2010,FALSE
"192","FR4404288068",12864.2,31.3760975609756,406,2.79361179361179,4.02351219512195,3.3090487804878,2,2010-11-13,FALSE,NA,NA,"B",2018-01-02,2018-01-03,305.6,2010,FALSE
"193","FR4404288069",17299.2,28.3593442622951,790,1.99166666666667,3.68627062706271,3.26151815181518,2,2010-12-16,FALSE,NA,NA,"B",2019-02-04,2019-02-04,415.7,2010,FALSE
"194","FR4404288073",2761.1,34.9506329113924,78,2.27848101265823,4.88632911392405,3.30898734177215,2,2011-02-07,FALSE,NA,NA,"M",2017-05-16,NA,NA,2011,FALSE
"195","FR4404288075",38184.1999999999,33.7913274336283,1237,2.6786355475763,5.18213842058563,3.44818101153505,2,2011-04-16,FALSE,NA,NA,"B",2020-06-29,2020-06-30,371.8,2011,FALSE
"196","FR4404288079",6371.8,29.4990740740741,369,2.13953488372093,3.3206976744186,3.36023255813953,2,2011-06-18,FALSE,NA,NA,"B",2018-03-26,2018-03-27,353.2,2011,FALSE
"197","FR4404288080",37624,33.0035087719298,1310,2.31049822064057,5.71288849868306,3.61348551360843,2,2011-07-01,FALSE,NA,NA,"M",2020-06-17,NA,NA,2011,FALSE
"198","FR4404288081",10022.6,33.8601351351351,441,2.70307167235495,4.34566552901024,3.48129692832764,2,2011-07-06,FALSE,NA,NA,"B",2018-01-02,2018-01-03,314.6,2011,FALSE
"199","FR4404288082",6611.8,24.0429090909091,274,2.38545454545455,3.95974545454545,3.51250909090909,2,2011-07-13,FALSE,NA,NA,"B",2017-08-30,2017-08-31,317.3,2011,FALSE
"200","FR4404288083",7946,25.7152103559871,311,1.67961165048544,5.1597385620915,3.27401960784314,2,2011-07-15,FALSE,NA,NA,"B",2018-01-02,2018-01-03,329.1,2011,FALSE
"201","FR4404288088",30867.3,33.8457236842105,1040,3.06777777777778,3.73764317180617,3.27810572687225,2,2011-10-01,FALSE,NA,NA,"M",2019-08-26,NA,NA,2011,FALSE
"202","FR4404288094",11837.5,31.7359249329759,468,2.84281842818428,4.99102702702703,3.50424324324324,2,2011-12-19,FALSE,NA,NA,"M",2018-01-31,NA,NA,2011,FALSE
"203","FR4404288097",20059.7,27.8994436717663,795,2.30747531734838,4.49775139664804,3.43980446927374,2,2012-01-13,FALSE,NA,NA,"B",2019-07-29,2019-07-29,369.5,2012,FALSE
"204","FR4404288098",67325.4,34.9379346133887,2225,2.48448185165702,4.23048856548857,3.42163721413721,2,2012-01-20,FALSE,NA,NA,"E",2023-01-30,2023-01-30,283.4,2012,FALSE
"205","FR4404288100",35783.2,32.1791366906475,1217,2.59032846715328,4.92953026196929,3.2720054200542,2,2012-02-20,FALSE,NA,NA,"B",2020-04-20,2020-04-20,363,2012,FALSE
"206","FR4404288101",51407.8,33.2736569579288,1866,2.59684832567301,4.06764248704663,3.36077720207254,2,2012-03-18,FALSE,NA,NA,"E",2021-12-01,2021-12-02,347.1,2012,FALSE
"207","FR4404288102",30835.1,31.0524672708963,1141,2.5040899795501,3.9473003033367,3.35410515672396,2,2012-04-09,FALSE,NA,NA,"B",2020-04-20,2020-04-20,344.8,2012,FALSE
"208","FR4404288105",19597.5,36.4944134078212,707,2.69114877589454,4.17940298507463,3.42953358208955,2,2012-04-11,FALSE,NA,NA,"B",2019-02-04,2019-02-04,415.9,2012,FALSE
"209","FR4404288106",2581.1,22.6412280701754,113,2.07017543859649,3.38612612612613,3.19531531531532,2,2012-04-30,FALSE,NA,NA,"B",2017-08-14,2017-08-16,369.7,2012,FALSE
"210","FR4404288109",7605.6,27.2602150537634,332,2.50179211469534,5.10836363636364,3.48516363636364,2,2012-07-04,FALSE,NA,NA,"M",2017-09-16,NA,NA,2012,FALSE
"211","FR4404288110",8101.8,25.5577287066246,316,2.50473186119874,5.35168789808917,3.77194267515924,2,2012-07-17,FALSE,NA,NA,"B",2017-08-30,2017-08-31,332.2,2012,FALSE
"212","FR4404288111",19275,32.504215851602,688,2.73675213675214,4.51051194539249,3.48766211604096,2,2012-07-31,FALSE,NA,NA,"B",2018-12-03,2018-12-04,377.3,2012,FALSE
"213","FR4404288112",8840.3,29.0799342105263,407,2.34437086092715,5.55157894736842,2.99730263157895,2,2012-07-31,FALSE,NA,NA,"B",2018-03-26,2018-03-27,346.1,2012,FALSE
"214","FR4404288115",29291.9,28.7175490196078,1157,2.63582089552239,5.24025590551181,3.28282480314961,2,2012-09-17,FALSE,NA,NA,"M",2020-01-03,NA,NA,2012,FALSE
"215","FR4404288116",9125.4,29.821568627451,358,2.84918032786885,3.73508250825083,3.35293729372937,2,2012-09-19,FALSE,NA,NA,"B",2018-01-02,2018-01-03,326.9,2012,FALSE
"216","FR4404288120",39241,40.7910602910603,1141,2.9736564805058,4.4151511991658,3.46573514077164,2,2012-10-01,FALSE,NA,NA,"M",2020-01-11,NA,NA,2012,FALSE
"217","FR4404288121",22462.2,33.1790251107829,774,2.59790732436472,4.42131147540984,3.47152011922504,2,2012-10-05,FALSE,NA,NA,"B",2019-02-04,2019-02-04,427.9,2012,FALSE
"218","FR4404288122",7456.9,23.4493710691824,317,2.37735849056604,5.07445859872611,3.51490445859873,2,2012-10-08,FALSE,NA,NA,"B",2017-08-30,2017-08-31,307.9,2012,FALSE
"219","FR4404288126",7799.3,30.8272727272727,252,2.61660079051383,3.2044,3.0778,2,2012-11-21,FALSE,NA,NA,"C",2017-12-12,2017-12-13,352.9,2012,FALSE
"220","FR4404288127",8849.6,28.4553054662379,310,2.48231511254019,2.98312903225806,3.12129032258064,2,2012-12-30,FALSE,NA,NA,"B",2017-09-20,2017-09-21,303,2012,FALSE
"221","FR4404288128",48950.3,31.744682230869,1929,2.689677843524,4.88633289986996,3.42368010403121,2,2013-01-07,FALSE,NA,NA,"B",2022-03-29,2022-03-31,340.8,2013,FALSE
"222","FR4404288129",3126.9,17.6661016949153,176,2.46327683615819,4.30735632183908,3.3382183908046,2,2013-05-16,FALSE,NA,NA,"C",2017-04-12,2017-04-13,356.6,2013,FALSE
"223","FR4404288130",14096.6,28.420564516129,562,2.78936605316973,5.08528455284553,3.37174796747967,2,2013-08-08,FALSE,NA,NA,"B",2018-05-28,2018-05-29,330.7,2013,FALSE
"224","FR4404288131",8696.8,24.9908045977011,464,2.40462427745665,4.07431884057971,3.18214492753623,2,2013-08-14,FALSE,NA,NA,"B",2018-03-26,2018-03-27,339.5,2013,FALSE
"225","FR4404288132",34191.9,32.5018060836502,1141,2.77242044358727,4.99511472275335,3.50501912045889,2,2013-08-18,FALSE,NA,NA,"B",2019-12-02,2019-12-03,382.4,2013,FALSE
"226","FR4404288133",25937.2,30.5143529411765,1014,2.4910394265233,5.11868949232586,3.14815820543093,2,2013-08-20,FALSE,NA,NA,"B",2019-12-02,2019-12-03,379.9,2013,FALSE
"227","FR4404288134",40874.7,33.6971970321517,1350,3.04686192468619,4.40416046319272,3.47683209263854,2,2013-08-26,FALSE,NA,NA,"B",2020-06-29,2020-06-30,328.3,2013,FALSE
"228","FR4404288136",42327.9,31.8494356659142,1758,2.40076335877863,4.08288084464555,3.43011312217195,2,2013-09-10,FALSE,NA,NA,"B",2021-12-28,2021-12-28,392.2,2013,FALSE
"229","FR4404288137",22103.2,31.1312676056338,799,2.60342368045649,3.35517780938834,3.1302560455192,2,2013-09-14,FALSE,NA,NA,"B",2019-06-03,2019-06-04,403.2,2013,FALSE
"230","FR4404288138",13020.9,28.6173626373626,451,2.35398230088496,4.62871681415929,3.64513274336283,2,2013-09-23,FALSE,NA,NA,"B",2018-03-26,2018-03-27,307.3,2013,FALSE
"231","FR4404288139",75579.7,31.0644060830251,2893,3.14631096290121,4.9100946891725,3.67665294359819,2,2013-09-23,TRUE,NA,NA,NA,NA,NA,NA,2013,TRUE
"232","FR4404288140",66077.4,35.24128,2295,2.48268398268398,4.07782887700535,3.29720855614973,2,2013-10-27,FALSE,NA,NA,"E",2023-01-30,2023-01-30,332.8,2013,FALSE
"233","FR4404288141",49927.9,34.0572305593452,1759,2.66113416320885,4.28438225255973,3.18920819112628,2,2013-10-29,FALSE,NA,NA,"B",2021-12-28,2021-12-28,316.5,2013,FALSE
"234","FR4404288142",11239.4,24.0672376873662,631,2.40740740740741,5.25606911447084,3.67861771058315,2,2013-11-03,FALSE,NA,NA,"B",2018-07-30,2018-07-31,344,2013,FALSE
"235","FR4404288143",8523.7,25.2180473372781,337,2.71005917159763,5.36286567164179,3.4970447761194,2,2013-11-19,FALSE,NA,NA,"B",2017-09-20,2017-09-21,362.6,2013,FALSE
"236","FR4404288145",57993.8,31.398917162967,2218,2.53351648351648,5.23623440043407,3.56533912099837,2,2013-11-22,FALSE,NA,NA,"E",2022-11-15,2022-11-15,310.3,2013,FALSE
"237","FR4404288146",16789.4,29.5588028169014,675,2.7871198568873,4.28817051509769,3.44795737122558,2,2013-12-02,FALSE,NA,NA,"B",2018-12-03,2018-12-04,319.7,2013,FALSE
"238","FR4404288149",27574.6,30.7752232142857,1006,2.43310657596372,4.31229563269877,3.41334826427772,2,2014-01-14,FALSE,NA,NA,"E",2019-12-31,2020-01-02,422.6,2014,FALSE
"239","FR4404288150",41430.8,31.0343071161049,1429,2.53231939163498,5.13087218045113,3.36616541353383,2,2014-01-16,FALSE,NA,NA,"B",2020-12-28,2020-12-28,380.8,2014,FALSE
"240","FR4404288151",37080.6,29.9037096774193,1428,2.94918032786885,5.07447411003236,3.57490291262136,2,2014-03-10,FALSE,NA,NA,"B",2020-12-28,2020-12-28,366.7,2014,FALSE
"241","FR4404288153",2490.5,21.6565217391304,114,2.20869565217391,5.85738738738739,3.73486486486487,2,2014-04-10,FALSE,NA,NA,"B",2017-08-14,2017-08-16,381,2014,FALSE
"242","FR4404288154",35701,33.8077651515151,1237,2.89721421709894,4.0531339031339,3.39020892687559,2,2014-04-12,FALSE,NA,NA,"M",2020-12-27,NA,NA,2014,FALSE
"243","FR4404288155",32352.3,30.0951627906977,1302,2.06616257088847,4.19452847805789,3.40572362278245,2,2014-04-14,FALSE,NA,NA,"B",2020-08-05,2020-08-06,386.3,2014,FALSE
"244","FR4404288156",21858,30.2742382271468,766,2.97612359550562,4.7300139275766,3.3991782729805,2,2014-05-05,FALSE,NA,NA,"B",2019-02-04,2019-02-04,353.4,2014,FALSE
"245","FR4404288157",23276.6,27.481227863046,938,2.16306954436451,5.03484597156398,3.42965639810427,2,2014-05-09,FALSE,NA,NA,"B",2019-09-02,2019-09-02,357.1,2014,FALSE
"246","FR4404288158",23310.6,31.7151020408163,840,2.48137931034483,3.91430327868852,3.29709016393443,2,2014-05-09,FALSE,NA,NA,"B",2019-07-29,2019-07-29,355,2014,FALSE
"247","FR4404288159",24726.4,29.9713939393939,948,2.80490797546012,5.36899393939394,3.4753696969697,2,2014-05-24,FALSE,NA,NA,"M",2019-06-02,NA,NA,2014,FALSE
"248","FR4404288161",50370.9,30.4539903264813,1904,2.88090853284223,5.04640218049667,3.57884312537856,2,2014-05-27,FALSE,NA,NA,"B",2022-05-09,2022-05-10,340.5,2014,FALSE
"249","FR4404288162",25449.2,30.9978075517661,863,2.54444444444444,3.53745721271394,3.13234718826406,2,2014-06-04,FALSE,NA,NA,"B",2019-07-29,2019-07-29,362.6,2014,FALSE
"250","FR4404288163",22025.5,29.0573878627968,793,2.44117647058824,4.18100263852243,3.30689973614776,2,2014-06-16,FALSE,NA,NA,"B",2019-07-29,2019-07-29,407.1,2014,FALSE
"251","FR4404288164",63559.8999999999,33.1905483028721,2242,2.89136195018548,5.15380952380952,3.43613814756672,2,2014-06-22,FALSE,NA,NA,"B",2023-01-11,2023-01-12,349.3,2014,FALSE
"252","FR4404288165",21525.3,27.1099496221663,780,2.77720870678617,5.73442065491184,3.53782115869018,2,2014-06-27,FALSE,NA,NA,"B",2019-03-05,2019-03-06,348.9,2014,FALSE
"253","FR4404288167",62231.9,36.8672393364929,1892,3.03721488595438,3.94231772377001,3.41346176644932,2,2014-08-19,FALSE,NA,NA,"B",2022-05-09,2022-05-10,398.5,2014,FALSE
"254","FR4404288168",24391.1,35.6595029239766,720,3.0162962962963,4.61331871345029,2.98885964912281,2,2014-08-20,FALSE,NA,NA,"B",2019-02-04,2019-02-04,394.4,2014,FALSE
"255","FR4404288169",26816.4,32.6630937880633,853,3.00617283950617,4.2654756097561,3.34243902439024,2,2014-08-22,FALSE,NA,NA,"B",2019-07-29,2019-07-29,385.3,2014,FALSE
"256","FR4404288170",282.2,23.5166666666667,11,2.16666666666667,3.7025,3.8,2,2014-08-23,FALSE,NA,NA,"E",2017-03-31,NA,NA,2014,FALSE
"257","FR4404288171",54159.3999999998,31.6721637426901,2003,2.62492581602374,4.96896895137668,3.28968365553603,2,2014-09-07,FALSE,NA,NA,"E",2022-10-17,2022-10-19,318.4,2014,FALSE
"258","FR4404288172",3014.6,27.912962962963,107,2.47222222222222,4.53611111111111,3.52083333333333,2,2014-09-11,FALSE,NA,NA,"B",2017-08-14,2017-08-16,300.1,2014,FALSE
"259","FR4404288174",50034.6999999999,31.3893977415307,1779,2.29752066115702,3.24665829145729,3.30105527638191,2,2014-09-24,FALSE,NA,NA,"B",2021-12-28,2021-12-28,333.6,2014,FALSE
"260","FR4404288175",52294,32.260333127699,1811,3.01001251564456,3.57150524367674,3.11367674275139,2,2014-10-17,FALSE,NA,NA,"E",2021-12-01,2021-12-02,334,2014,FALSE
"261","FR4404288176",9104.6,30.7587837837838,302,3.25,4.88378839590444,3.41324232081911,2,2014-10-19,FALSE,NA,NA,"B",2018-01-02,2018-01-03,330.7,2014,FALSE
"262","FR4404288177",74599.6999999999,38.2366478728857,2299,2.68051948051948,3.8694358974359,3.46384615384615,2,2014-10-20,FALSE,NA,NA,"E",2023-06-13,2023-06-14,340.3,2014,FALSE
"263","FR4404288178",26174.2,29.7772468714448,979,2.48554913294798,3.56029579067122,3.16034129692833,2,2014-10-22,FALSE,NA,NA,"B",2020-04-20,2020-04-20,355.2,2014,FALSE
"264","FR4404288180",85930,38.0895390070922,2808,2.64660978895375,3.25710864745011,3.1530288248337,2,2014-11-03,TRUE,NA,NA,"B",2025-03-17,2025-03-18,362.9,2014,FALSE
"265","FR4404288181",1129.2,21.7153846153846,51,2.34615384615385,3.83274509803922,3.59078431372549,2,2014-11-05,FALSE,NA,NA,"E",2017-03-31,NA,NA,2014,FALSE
"266","FR4404288182",611.1,25.4625,23,2.20833333333333,4.3225,3.94125,2,2014-11-16,FALSE,NA,NA,"E",2017-03-31,NA,NA,2014,FALSE
"267","FR4404288183",4760.4,17.7626865671642,266,1.91760299625468,3.40664179104478,3.38772388059702,2,2014-11-18,FALSE,NA,NA,"B",2018-01-02,2018-01-03,316.8,2014,FALSE
"268","FR4404288184",1269.1,28.8431818181818,43,2.40909090909091,4.64863636363636,3.38090909090909,2,2014-12-01,FALSE,NA,NA,"E",2017-03-31,NA,NA,2014,FALSE
"269","FR4404288185",72989.9,31.1789406236651,2648,2.22890523582865,4.54668803418804,3.4372094017094,2,2014-12-10,FALSE,NA,NA,"B",2024-03-04,2024-03-05,280.3,2014,FALSE
"270","FR4404288186",711,26.3333333333333,26,2.2962962962963,3.7262962962963,3.46925925925926,2,2014-12-16,FALSE,NA,NA,"E",2017-03-31,NA,NA,2014,FALSE
"271","FR4404288187",492.5,22.3863636363636,22,1.81818181818182,3.90590909090909,3.82318181818182,2,2014-12-16,FALSE,NA,NA,"E",2017-03-31,NA,NA,2014,FALSE
"272","FR4404288188",28836,27.5152671755725,1110,2.38797284190107,3.58547709923664,3.15338740458015,2,2014-12-22,FALSE,NA,NA,"B",2020-08-05,2020-08-06,372.8,2014,FALSE
"273","FR4404288190",12710.8,23.6260223048327,600,2.71780303030303,4.24139405204461,3.3775092936803,2,2015-01-03,FALSE,NA,NA,"B",2019-02-04,2019-02-04,390.6,2015,FALSE
"274","FR4404288191",320.9,17.8277777777778,17,1.94444444444444,4.75277777777778,3.70777777777778,2,2015-02-03,FALSE,NA,NA,"E",2017-03-31,NA,NA,2015,FALSE
"275","FR4404288192",18231.5,34.7266666666667,563,3.03288201160542,3.46190476190476,3.22034285714286,2,2015-02-27,FALSE,NA,NA,"B",2019-02-04,2019-02-04,351.8,2015,FALSE
"276","FR4404288193",45990.1,32.7331672597865,1580,2.51736613603473,4.08646932952924,3.48519258202568,2,2015-03-22,FALSE,NA,NA,"E",2021-08-09,2021-08-10,345.7,2015,FALSE
"277","FR4404288194",69352.6999999999,35.8968426501035,2311,2.80714661061482,5.77345256609642,3.4140642820114,2,2015-04-01,FALSE,NA,NA,"B",2024-01-03,2024-01-03,346.9,2015,FALSE
"278","FR4404288195",63431.6,32.2478901881037,2294,2.23065015479876,4.43667344862665,3.24702950152594,2,2015-04-03,FALSE,NA,NA,"B",2024-01-03,2024-01-03,340.8,2015,FALSE
"279","FR4404288197",33464.2,31.2457516339869,1144,2.84885931558935,4.57760037348273,3.28016806722689,2,2015-04-24,FALSE,NA,NA,"B",2021-05-03,2021-05-04,337.7,2015,FALSE
"280","FR4404288198",48591.5,30.0876160990712,1851,2.59042218021424,5.16383137011779,3.63543087414755,2,2015-05-22,FALSE,NA,NA,"E",2022-11-15,2022-11-15,309.5,2015,FALSE
"281","FR4404288199",10114.4,24.7295843520782,457,2.6516290726817,3.56271393643032,3.05459657701712,2,2015-05-26,FALSE,NA,NA,"B",2019-09-02,2019-09-02,344.6,2015,FALSE
"282","FR4404288200",18860.2,26.3043235704324,769,2.48860398860399,3.74843793584379,3.04796373779637,2,2015-05-26,FALSE,NA,NA,"E",2019-12-31,2020-01-02,357.5,2015,FALSE
"283","FR4404288201",7581.2,26.1420689655172,282,2.47349823321555,4.09224137931034,3.25110344827586,2,2015-06-04,FALSE,NA,NA,"M",2018-09-04,NA,NA,2015,FALSE
"284","FR4404288202",42012.9999999999,32.7714508580343,1471,2.60047656870532,3.06284375,3.069859375,2,2015-06-14,FALSE,NA,NA,"B",2021-11-22,2021-11-23,394.2,2015,FALSE
"285","FR4404288203",51221.9000000001,33.6101706036745,1693,2.84333333333333,4.39324359816152,3.45078135259357,2,2015-06-14,FALSE,NA,NA,"E",2022-10-17,2022-10-19,344.6,2015,FALSE
"286","FR4404288204",9782.10000000001,26.509756097561,426,2.72853185595568,4.36940379403794,3.49092140921409,2,2015-06-19,FALSE,NA,NA,"M",2018-10-22,NA,NA,2015,FALSE
"287","FR4404288205",24569.2,24.8424671385238,1269,2.66941297631308,4.65157360406091,3.39518781725888,2,2015-06-27,FALSE,NA,NA,"B",2021-05-03,2021-05-04,368.3,2015,FALSE
"288","FR4404288206",11476.9,25.1686403508772,460,3.00448430493274,4.26235164835165,3.4889010989011,2,2015-07-14,FALSE,NA,NA,"B",2019-02-04,2019-02-04,334.8,2015,FALSE
"289","FR4404288207",22390.5,31.7595744680851,748,2.85817655571635,4.76767375886525,2.95621276595745,2,2015-08-11,FALSE,NA,NA,"M",2019-08-30,NA,NA,2015,FALSE
"290","FR4404288208",29683.9,26.790523465704,1216,2.62119815668203,4.54895212285456,3.57186088527552,2,2015-08-25,FALSE,NA,NA,"B",2021-05-03,2021-05-04,340.3,2015,FALSE
"291","FR4404288210",66401.0000000001,38.4933333333333,1952,2.92420681551116,4.19424347826087,3.32783768115942,2,2015-09-01,TRUE,NA,NA,"B",2024-04-22,2024-04-23,373.6,2015,FALSE
"292","FR4404288211",38989.1999999999,31.6470779220779,1355,2.94715111478117,3.90177904142973,3.29878147847279,2,2015-09-14,FALSE,NA,NA,"E",2021-10-19,2021-10-21,370.1,2015,FALSE
"293","FR4404288212",43720.6000000001,34.4527974783294,1588,2.6773418734988,4.64621451104101,3.44592271293375,2,2015-10-01,TRUE,NA,NA,"B",2022-08-15,2022-08-16,390.6,2015,FALSE
"294","FR4404288213",20253.1,28.1293055555556,820,2.48158640226629,4.61848400556328,3.65438108484006,2,2015-10-14,FALSE,NA,NA,"B",2020-04-20,2020-04-20,345.6,2015,FALSE
"295","FR4404288214",33292.8,32.1359073359073,1184,2.47492625368732,4.11348162475822,3.47214700193424,2,2015-10-22,FALSE,NA,NA,"B",2021-05-03,2021-05-04,370.1,2015,FALSE
"296","FR4404288215",37845,32.6531492666091,1254,2.82776801405975,5.26185664939551,3.55088082901554,2,2015-10-24,FALSE,NA,NA,"B",2021-08-27,2021-08-27,382.2,2015,FALSE
"297","FR4404288216",2044.2,28.7915492957746,69,2.17142857142857,4.05760563380282,3.41507042253521,2,2015-11-09,FALSE,NA,NA,"M",2018-06-15,NA,NA,2015,FALSE
"298","FR4404288217",57115.7,36.5423544465771,1775,2.59441920830629,3.48920900321543,3.03290675241158,2,2015-11-14,FALSE,NA,NA,"B",2023-07-31,2023-08-01,398.9,2015,FALSE
"299","FR4404288218",28156.9,29.2691268191268,1016,2.46398305084746,4.62400207900208,3.43423076923077,2,2015-11-15,FALSE,NA,NA,"B",2020-08-05,2020-08-06,353.4,2015,FALSE
"300","FR4404288219",15487.4,23.2194902548726,655,2.45121951219512,3.73670164917541,3.26131934032984,2,2015-11-15,FALSE,NA,NA,"B",2020-12-28,2020-12-28,392,2015,FALSE
"301","FR4404288220",76492.3,35.6607459207459,2404,3.02412488174078,3.82553638059701,3.31032182835821,2,2015-11-30,TRUE,NA,NA,"M",2025-04-07,NA,NA,2015,FALSE
"302","FR4404288221",60037.6,33.5780760626398,1922,3.18785471055619,5.19535234899329,3.26019574944072,2,2015-12-22,FALSE,NA,NA,"E",2023-06-13,2023-06-14,383.8,2015,FALSE
"303","FR4404288222",56239.4,30.9007692307692,2011,2.52763819095477,4.31601098901099,3.35336263736264,2,2015-12-25,FALSE,NA,NA,"B",2024-01-03,2024-01-03,393,2015,FALSE
"304","FR4404288224",28843.1,29.1050454086781,1027,2.83247687564234,3.8770736629667,3.07859737638749,2,2016-01-13,FALSE,NA,NA,"B",2020-12-28,2020-12-28,372.8,2016,FALSE
"305","FR4404288225",46141.9,32.6091166077738,1722,2.83896477354421,3.83915901060071,3.25749823321555,2,2016-01-14,FALSE,NA,NA,"E",2023-01-30,2023-01-30,269.7,2016,FALSE
"306","FR4404288228",29508.2,34.8796690307329,980,2.85354141656663,4.62995271867612,3.30009456264775,2,2016-02-05,FALSE,NA,NA,"M",2021-07-23,NA,NA,2016,FALSE
"307","FR4404288229",35810.8,31.1940766550523,1275,2.08421985815603,4.39215156794425,3.28412020905923,2,2016-02-15,FALSE,NA,NA,"B",2021-11-22,2021-11-23,333.6,2016,FALSE
"308","FR4404288231",19131.5,35.0393772893773,590,2.4804469273743,3.81217948717949,3.34868131868132,2,2016-02-15,FALSE,NA,NA,"M",2019-10-17,NA,NA,2016,FALSE
"309","FR4404288232",18573.1,28.4863496932515,782,2.96875,5.01582181259601,3.2915975422427,2,2016-03-21,FALSE,NA,NA,"B",2020-06-22,2020-06-23,253.8,2016,FALSE
"310","FR4404288233",37554.9,32.4588591184097,1257,2.62390158172232,4.29087521663778,3.40322357019064,2,2016-04-03,FALSE,NA,NA,"B",2021-12-28,2021-12-28,311.8,2016,FALSE
"311","FR4404288234",27676.3,26.74038647343,1133,2.60647693817468,5.25855899419729,3.55521276595745,2,2016-04-03,FALSE,NA,NA,"B",2021-08-27,2021-08-27,342.4,2016,FALSE
"312","FR4404288235",31600.4000000001,29.7836003770028,1146,2.81417624521073,4.59817924528302,3.3705,2,2016-04-07,FALSE,NA,NA,"M",2021-06-07,NA,NA,2016,FALSE
"313","FR4404288236",45857.7000000001,35.0594036697248,1604,2.93856920684292,4.32860749808722,3.3055623565417,2,2016-04-14,FALSE,NA,NA,"E",2022-10-17,2022-10-19,345.8,2016,FALSE
"314","FR4404288237",58484.1,32.7092281879195,2158,2.68179239931934,4.70423055400112,3.24858421936206,2,2016-04-16,FALSE,NA,NA,"B",2024-03-04,2024-03-05,335.4,2016,FALSE
"315","FR4404288238",9152.7,26.3008620689655,343,1.95043731778426,3.70491379310345,3.38807471264368,2,2016-05-12,FALSE,NA,NA,"B",2020-04-20,2020-04-20,340.5,2016,FALSE
"316","FR4404288239",56427.7,33.1732510288066,1786,2.77532777115614,4.23475796930342,3.43311688311688,2,2016-05-16,FALSE,NA,NA,"B",2023-07-31,2023-08-01,302.4,2016,FALSE
"317","FR4404288240",21200.6,31.8327327327327,751,2.97256097560976,3.95546686746988,3.48984939759036,2,2016-05-26,FALSE,NA,NA,"E",2021-03-18,NA,NA,2016,FALSE
"318","FR4404288241",26307.6,32.4785185185185,951,2.46616541353383,4.18887515451174,3.20427688504326,2,2016-06-14,FALSE,NA,NA,"B",2021-12-28,2021-12-28,346.5,2016,FALSE
"319","FR4404288242",35375.3000000001,31.8983769161407,1180,2.72960586617782,3.55321009918846,3.15388638412985,2,2016-06-23,FALSE,NA,NA,"B",2022-03-29,2022-03-31,412.8,2016,FALSE
"320","FR4404288243",14376.9,23.8422885572139,694,2.1787521079258,4.99810631229236,3.72141196013289,2,2016-07-09,FALSE,NA,NA,"B",2020-08-05,2020-08-06,362.4,2016,FALSE
"321","FR4404288247",20426.8,30.5333333333333,721,2.22644376899696,4.57928251121076,3.20415545590433,2,2016-08-13,FALSE,NA,NA,"B",2021-03-22,2021-03-23,369.1,2016,FALSE
"322","FR4404288249",20996.6,30.4740203193033,778,3.01622418879056,4.39760174418605,3.43082848837209,2,2016-08-19,FALSE,NA,NA,"B",2021-05-03,2021-05-04,336.1,2016,FALSE
"323","FR4404288251",68586.8,37.2551873981532,2108,3.11832691249312,4.53326996197719,3.35740901683867,2,2016-08-23,TRUE,NA,NA,NA,NA,NA,NA,2016,TRUE
"324","FR4404288253",35454.7,30.7233102253033,1326,1.94722955145119,4.28003469210755,3.28823070251518,2,2016-09-14,FALSE,NA,NA,"B",2022-07-06,2022-07-08,317.3,2016,FALSE
"325","FR4404288255",8363.9,22.0683377308707,373,2.14973262032086,4.1642216358839,3.40343007915567,2,2016-10-02,FALSE,NA,NA,"B",2020-04-20,2020-04-20,350.8,2016,FALSE
"326","FR4404288257",28959,29.4598168870804,1085,2.16786817713697,4.47490335707019,3.66760935910478,2,2016-10-25,FALSE,NA,NA,"M",2022-05-24,NA,NA,2016,FALSE
"327","FR4404288258",20189.6,30.3147147147147,794,2.85235920852359,4.40387387387387,3.24369369369369,2,2016-10-28,FALSE,NA,NA,"E",2021-02-20,NA,NA,2016,FALSE
"328","FR4404288259",20288.6,29.0667621776504,790,2.55523255813953,4.73054441260745,3.57464183381089,2,2016-11-01,FALSE,NA,NA,"E",2021-03-18,NA,NA,2016,FALSE
"329","FR4404288261",58276.0000000001,35.8621538461538,1784,2.31047381546135,4.71540640394089,3.39460591133005,2,2016-12-03,TRUE,NA,NA,"B",2025-02-03,2025-02-03,380.4,2016,FALSE
"330","FR4404288262",40266.1,30.0269202087994,1659,1.95392749244713,4.78224626865672,3.69814925373134,2,2016-12-03,FALSE,NA,NA,"B",2024-01-03,2024-01-03,344.6,2016,FALSE
"331","FR4404288263",26649.4,34.209756097561,875,2.921875,3.77496143958869,3.3160411311054,2,2016-12-17,FALSE,NA,NA,"B",2021-11-22,2021-11-23,382.4,2016,FALSE
"332","FR4404288264",22157.6,32.5847058823529,768,2.64723467862481,2.82138235294118,3.19172058823529,2,2016-12-21,FALSE,NA,NA,"E",2021-02-20,NA,NA,2016,FALSE
"333","FR4404288265",35389.4,33.5126893939394,1282,2.28914505283381,4.5577345971564,3.53367772511848,2,2016-12-23,FALSE,NA,NA,"E",2022-10-17,2022-10-19,372.7,2016,FALSE
"334","FR4404288266",22119.5,30.7642559109875,816,2.79830747531735,3.56205841446453,3.36769123783032,2,2016-12-26,FALSE,NA,NA,"E",2021-03-18,NA,NA,2016,FALSE
"335","FR4404288267",24093.5,30.3827238335435,925,2.6360153256705,3.87032828282828,3.35034090909091,2,2016-12-26,FALSE,NA,NA,"B",2021-12-28,2021-12-28,380.8,2016,FALSE
"336","FR4404288269",23067.1,32.8591168091168,797,2.9971098265896,3.36723252496434,3.29037089871612,2,2017-01-09,FALSE,NA,NA,"E",2021-03-18,NA,NA,2017,FALSE
"337","FR4404288270",57988.6000000001,31.9848869277441,2026,2.24511446119486,5.89295805739514,3.18486754966887,2,2017-01-13,TRUE,NA,NA,"B",2024-12-26,2024-12-26,349.5,2017,FALSE
"338","FR4404288272",12366.4,28.0417233560091,488,2.54377880184332,5.03591836734694,3.41507936507936,2,2017-02-08,FALSE,NA,NA,"M",2021-01-18,NA,NA,2017,FALSE
"339","FR4404288273",41020.8,38.0174235403151,1154,2.96804511278195,3.71645968489342,3.29071362372567,2,2017-02-14,FALSE,NA,NA,"M",2022-03-25,NA,NA,2017,FALSE
"340","FR4404288274",2197.8,30.9549295774648,72,3.04225352112676,3.21671428571429,3.23314285714286,2,2017-02-15,FALSE,NA,NA,"E",2020-04-20,2020-04-20,350.5,2017,FALSE
"341","FR4404288275",7670.4,23.8211180124224,317,2.09148264984227,4.01707165109034,3.21953271028037,2,2017-02-22,FALSE,NA,NA,"B",2020-08-05,2020-08-06,328.3,2017,FALSE
"342","FR4404288276",54867.2000000001,34.2064837905237,1947,2.79216677195199,4.69825842696629,3.52587390761548,2,2017-03-12,TRUE,NA,NA,NA,NA,NA,NA,2017,TRUE
"343","FR4404288279",62335.5,38.2426380368098,1815,2.69130434782609,5.26888888888889,3.47119091467158,2,2017-03-30,TRUE,NA,NA,"B",2024-12-26,2024-12-26,367.5,2017,FALSE
"344","FR4404288282",3.3,3.3,0,1,4.55,4.56,2,2017-04-11,FALSE,NA,NA,"M",2019-07-24,NA,NA,2017,FALSE
"345","FR4404288283",43068,31.9732739420935,1598,2.18434913468774,4.77232713754647,3.43678810408922,2,2017-05-03,FALSE,NA,NA,"B",2024-01-03,2024-01-03,367.7,2017,FALSE
"346","FR4404288285",1835.6,23.5333333333333,76,2.38961038961039,3.49076923076923,3.05076923076923,2,2017-05-23,FALSE,NA,NA,"E",2020-04-20,2020-04-20,367.1,2017,FALSE
"347","FR4404288286",49666.4000000001,32.589501312336,1657,3.06777408637874,4.19160761154856,3.5895406824147,2,2017-05-25,FALSE,NA,NA,"B",2024-01-29,2024-01-29,385.7,2017,FALSE
"348","FR4404288287",48629.4,39.4079416531605,1332,2.90073831009024,3.95715447154472,3.29554471544715,2,2017-06-07,FALSE,NA,NA,"E",2023-01-30,2023-01-30,375.9,2017,FALSE
"349","FR4404288288",43711.9,32.1174871418075,1703,2.24571854058079,3.67519117647059,3.49400735294118,2,2017-06-19,TRUE,NA,NA,"M",2025-02-05,NA,NA,2017,FALSE
"350","FR4404288289",51250.9,39.3934665641814,1427,3.01713395638629,3.60107005388761,3.28225558121632,2,2017-06-26,FALSE,NA,NA,"B",2023-11-22,2023-11-23,344.4,2017,FALSE
"351","FR4404288290",17541,27.6236220472441,626,2.53674121405751,4.80806299212598,3.24374803149606,2,2017-07-01,FALSE,NA,NA,"E",2021-08-09,2021-08-10,343.2,2017,FALSE
"352","FR4404288291",31436,30.8498527968597,1156,3.16932270916335,4.52039254170756,3.30142296368989,2,2017-07-07,FALSE,NA,NA,"E",2022-10-17,2022-10-19,379.1,2017,FALSE
"353","FR4404288294",30377.4,32.0099051633298,1123,2.93376068376068,5.37383870967742,3.57611827956989,2,2017-08-10,FALSE,NA,NA,"B",2023-01-11,2023-01-12,324.2,2017,FALSE
"354","FR4404288298",40149.3,36.1379837983798,1368,2.78142076502732,3.87290729072907,3.22942394239424,2,2017-08-12,FALSE,NA,NA,"B",2023-07-31,2023-08-01,367.9,2017,FALSE
"355","FR4404288300",9540.20000000001,22.7147619047619,412,2.34382566585956,3.88235714285714,3.3457619047619,2,2017-08-20,FALSE,NA,NA,"B",2021-03-22,2021-03-23,359.7,2017,FALSE
"356","FR4404288302",56814.3,36.7017441860465,1876,3.41846758349705,3.67997416020672,3.14832041343669,2,2017-08-23,TRUE,NA,NA,NA,NA,NA,NA,2017,TRUE
"357","FR4404288303",17790.4,32.5235831809872,582,2.99072356215213,4.57864468864469,3.20441391941392,2,2017-08-27,FALSE,NA,NA,"M",2021-04-19,NA,NA,2017,FALSE
"358","FR4404288304",2334.3,18.6744,122,2.27642276422764,3.966,3.50616,2,2017-08-28,FALSE,NA,NA,"B",2020-08-05,2020-08-06,333.4,2017,FALSE
"359","FR4404288305",56863.3,38.035652173913,1722,2.89159891598916,3.65325301204819,3.33402945113788,2,2017-09-04,TRUE,NA,NA,NA,NA,NA,NA,2017,TRUE
"360","FR4404288306",54635.8,37.6020646937371,1791,2.97350069735007,3.67942188575361,3.03885753613214,2,2017-09-05,TRUE,NA,NA,NA,NA,NA,NA,2017,TRUE
"361","FR4404288308",8649.2,30.1365853658537,282,2.64310954063604,4.17658536585366,3.40543554006969,2,2017-10-21,FALSE,NA,NA,"E",2020-11-18,NA,NA,2017,FALSE
"362","FR4404288310",41740.7,42.1623232323232,1141,3.18526100307062,2.50608080808081,2.94210101010101,2,2017-10-06,FALSE,NA,NA,"M",2022-12-05,NA,NA,2017,FALSE
"363","FR4404288311",37771.5000000001,38.899588053553,1206,3.18495297805643,4.29920536635707,3.08338493292054,2,2017-10-07,FALSE,NA,NA,"E",2023-03-13,2023-03-14,418.3,2017,FALSE
"364","FR4404288312",4426.8,27.495652173913,158,2.33333333333333,4.0655,3.4164375,2,2017-10-09,FALSE,NA,NA,"M",2020-04-28,NA,NA,2017,FALSE
"365","FR4404288314",58510.6999999999,38.3425294888598,1727,3.01393497013935,3.41469200524246,3.26887942332896,2,2017-10-22,TRUE,NA,NA,NA,NA,NA,NA,2017,TRUE
"366","FR4404288315",9262.3,27.7314371257485,397,2.49240121580547,4.87861861861862,3.67531531531532,2,2017-10-24,FALSE,NA,NA,"E",2021-02-20,NA,NA,2017,FALSE
"367","FR4404288316",34341.7,32.6752616555661,1206,2.49662487945998,4.00939047619048,3.24289523809524,2,2017-10-24,FALSE,NA,NA,"B",2023-04-11,2023-04-12,345.6,2017,FALSE
"368","FR4404288317",56364.4,37.6515698062792,1684,3.33468559837728,4.88317969271877,3.4751503006012,2,2017-10-30,TRUE,NA,NA,NA,NA,NA,NA,2017,TRUE
"369","FR4404288318",48059.9000000001,39.3288870703764,1400,2.74297520661157,4.98832923832924,3.46135135135135,2,2017-11-25,TRUE,NA,NA,"B",2024-12-26,2024-12-26,361.8,2017,FALSE
"370","FR4404288319",10157.9,30.0529585798817,332,2.74174174174174,4.45445103857567,3.40394658753709,2,2017-11-14,FALSE,NA,NA,"B",2021-01-20,2021-01-21,268.7,2017,FALSE
"371","FR4404288320",25026.4,29.2706432748538,1129,1.94655581947743,4.4593419506463,3.28231492361927,2,2017-12-03,FALSE,NA,NA,"B",2023-04-11,2023-04-12,359.3,2017,FALSE
"372","FR4404288321",8995.2,35.6952380952381,247,3.10483870967742,3.97,3.26003984063745,2,2017-12-03,FALSE,NA,NA,"E",2020-10-13,NA,NA,2017,FALSE
"373","FR4404288322",11349.3,30.3457219251337,415,2.86449864498645,4.37494652406417,3.39435828877005,2,2017-12-05,FALSE,NA,NA,"E",2021-02-20,NA,NA,2017,FALSE
"374","FR4404288323",7942.4,23.995166163142,401,2.33742331288344,4.86357575757576,3.18724242424242,2,2017-12-19,FALSE,NA,NA,"E",2021-02-20,NA,NA,2017,FALSE
"375","FR4404288324",23192.1,31.6831967213115,766,2.91988950276243,4.77984972677596,3.54168032786885,2,2018-01-06,FALSE,NA,NA,"E",2022-11-15,2022-11-15,332,2018,FALSE
"376","FR4404288327",14355,27.2390891840607,852,2.36801541425819,3.93692599620493,3.24929791271347,2,2018-01-14,TRUE,NA,NA,"B",2022-08-15,2022-08-16,327.3,2018,FALSE
"377","FR4404288328",21057.9,31.3828614008942,725,2.61027190332326,4.42673621460507,3.34490312965723,2,2018-01-16,FALSE,NA,NA,"M",2022-02-08,NA,NA,2018,FALSE
"378","FR4404288329",12558.9,28.3496613995485,586,1.83066361556064,3.85225733634311,3.24207674943567,2,2018-01-30,FALSE,NA,NA,"B",2021-12-28,2021-12-28,313.4,2018,FALSE
"379","FR4404288331",4894.8,17.7992727272727,271,1.98529411764706,3.54589090909091,3.40818181818182,2,2018-02-26,FALSE,NA,NA,"B",2021-03-22,2021-03-23,408.7,2018,FALSE
"380","FR4404288332",15119.2,23.9987301587302,694,1.89566613162119,4.86361904761905,3.53831746031746,2,2018-02-26,FALSE,NA,NA,"B",2022-05-09,2022-05-10,355.2,2018,FALSE
"381","FR4404288339",47150.7,39.8906091370558,1276,2.99400684931507,3.98016074450085,3.07635363790186,2,2018-04-21,FALSE,NA,NA,"M",2024-03-13,NA,NA,2018,FALSE
"382","FR4404288340",1850.2,18.1392156862745,100,2.04950495049505,4.15470588235294,3.46362745098039,2,2018-04-28,FALSE,NA,NA,"B",2021-03-22,2021-03-23,394.6,2018,FALSE
"383","FR4404288341",39825.8,33.5234006734007,1520,2.62776831345826,3.99595942519019,3.30419273034658,2,2018-05-08,TRUE,NA,NA,NA,NA,NA,NA,2018,TRUE
"384","FR4404288343",29052,30.7428571428571,1059,2.19164882226981,3.2685577942736,3.12955461293743,2,2018-05-16,FALSE,NA,NA,"E",2023-10-03,2023-10-03,282.2,2018,FALSE
"385","FR4404288344",45541.1,33.193221574344,1545,2.72713864306785,4.62169343065693,3.51505109489051,2,2018-05-21,TRUE,NA,NA,NA,NA,NA,NA,2018,TRUE
"386","FR4404288346",39184,42.7772925764192,1008,3.44358407079646,4.67197598253275,3.51255458515284,2,2018-07-09,FALSE,NA,NA,"M",2023-06-06,NA,NA,2018,FALSE
"387","FR4404288348",45325.8,35.1090627420604,1514,2.31191222570533,5.11424006235386,3.44233826968044,2,2018-07-23,TRUE,NA,NA,"B",2024-12-26,2024-12-26,376.3,2018,FALSE
"388","FR4404288349",48919.6,38.3382445141066,1435,3.12995245641838,4.44327586206897,3.44407523510972,2,2018-07-30,TRUE,NA,NA,NA,NA,NA,NA,2018,TRUE
"389","FR4404288350",10523.2,31.4125373134328,330,2.43504531722054,4.51865671641791,3.31220895522388,2,2018-07-30,FALSE,NA,NA,"B",2021-12-28,2021-12-28,308.7,2018,FALSE
"390","FR4404288351",46147.2,37.0362760834671,1472,3.0520325203252,4.1711316211878,3.42418138041734,2,2018-08-06,TRUE,NA,NA,"B",2025-02-03,2025-02-03,356.1,2018,FALSE
"391","FR4404288352",40601.9,34.0905961376994,1442,2.36394557823129,4.9177731092437,3.26629411764706,2,2018-08-13,TRUE,NA,NA,NA,NA,NA,NA,2018,TRUE
"392","FR4404288353",14351,24.1193277310924,669,2.82142857142857,5.16240740740741,3.48090909090909,2,2018-08-18,FALSE,NA,NA,"B",2022-07-06,2022-07-08,309.5,2018,FALSE
"393","FR4404288354",39958.8000000001,33.4383263598326,1434,2.25317527519052,4.61465271966527,3.41637656903766,2,2018-08-18,TRUE,NA,NA,"B",2025-02-03,2025-02-03,371.8,2018,FALSE
"394","FR4404288355",13113.9,28.8217582417582,509,2.74,3.73112087912088,3.39041758241758,2,2018-09-03,FALSE,NA,NA,"B",2022-02-15,2022-02-16,277.3,2018,FALSE
"395","FR4404288357",34289.5,35.6069574247144,1068,3.37434279705573,4.91063343717549,3.7034994807892,2,2018-09-08,TRUE,NA,NA,NA,NA,NA,NA,2018,TRUE
"396","FR4404288358",39374,36.1893382352941,1223,3.37360594795539,4.7885648574057,3.63154553817847,2,2018-09-10,TRUE,NA,NA,NA,NA,NA,NA,2018,TRUE
"397","FR4404288360",38536,32.685326547922,1375,2.54288164665523,4.96533502968617,3.4810941475827,2,2018-09-26,TRUE,NA,NA,NA,NA,NA,NA,2018,TRUE
"398","FR4404288362",50438.0999999999,42.2429648241206,1339,2.86683630195081,4.64926236378877,3.23028499580889,2,2018-10-03,TRUE,NA,NA,NA,NA,NA,NA,2018,TRUE
"399","FR4404288363",26176.2,32.8434127979925,853,2.59517766497462,4.30868255959849,3.60979924717691,2,2018-11-04,FALSE,NA,NA,"B",2024-01-03,2024-01-03,415.3,2018,FALSE
"400","FR4404288376",44541.8,39.8762757385855,1204,3.05067873303167,4.98094982078853,3.47299283154122,2,2018-12-24,TRUE,NA,NA,"M",2025-02-22,NA,NA,2018,FALSE
"401","FR4404288378",10781.4,32.7702127659574,387,3.30674846625767,3.57337386018237,3.31386018237082,2,2019-01-14,FALSE,NA,NA,"M",2022-02-09,NA,NA,2019,FALSE
"402","FR4404288379",22767.4,32.6648493543759,874,2.83768115942029,5.1235632183908,3.44817528735632,2,2019-01-31,FALSE,NA,NA,"B",2023-11-22,2023-11-23,318.1,2019,FALSE
"403","FR4404288384",12527.3,31.3967418546366,394,2.78227848101266,4.92748743718593,3.43909547738693,2,2019-02-09,FALSE,NA,NA,"E",2022-11-15,2022-11-15,319.7,2019,FALSE
"404","FR4404288388",22742.6,36.8599675850891,666,2.68308702791461,5.15254457050243,3.58380875202593,2,2019-02-21,FALSE,NA,NA,"B",2024-01-03,2024-01-03,400,2019,FALSE
"405","FR4404288389",32738.1,32.1276741903827,1158,2.17594433399602,4.24133595284872,3.4783300589391,2,2019-02-26,TRUE,NA,NA,NA,NA,NA,NA,2019,TRUE
"406","FR4404288390",23074.2,30.8066755674232,871,2.62432432432432,4.32995989304813,3.47803475935829,2,2019-02-26,FALSE,NA,NA,"B",2023-11-22,2023-11-23,337.1,2019,FALSE
"407","FR4404288391",24589.1,32.0170572916667,872,2.70316622691293,5.44213541666667,3.21876302083333,2,2019-03-01,TRUE,NA,NA,"B",2025-02-03,2025-02-03,402.4,2019,FALSE
"408","FR4404288392",29527.7,33.4402038505096,1224,2.57912844036697,4.41625141562854,3.35696489241223,2,2019-03-03,TRUE,NA,NA,NA,NA,NA,NA,2019,TRUE
"409","FR4404288393",40667.5,33.6095041322314,1256,2.89632107023411,5.36114049586777,3.47895867768595,2,2019-03-04,TRUE,NA,NA,NA,NA,NA,NA,2019,TRUE
"410","FR4404288395",47030.8,38.9005789909016,1285,2.89214046822742,4.68289495450786,3.2585194375517,2,2019-03-04,TRUE,NA,NA,"B",2024-12-26,2024-12-26,380.4,2019,FALSE
"411","FR4404288396",21230.9,33.1215288611545,789,2.43779527559055,4.97790951638066,2.96474258970359,2,2019-03-07,TRUE,NA,NA,"E",2023-10-03,2023-10-03,263.8,2019,FALSE
"412","FR4404288398",8645.5,36.7893617021277,232,2.78879310344828,3.6617094017094,3.1742735042735,2,2019-04-26,FALSE,NA,NA,"E",2022-05-23,2022-05-24,290.5,2019,FALSE
"413","FR4404288399",3266.4,24.1955555555556,133,2.05223880597015,3.87844444444444,3.30666666666667,2,2019-04-29,FALSE,NA,NA,"B",2022-03-29,2022-03-31,278.1,2019,FALSE
"414","FR4404288400",38717.7,36.5606232294618,1186,2.94651384909265,3.86851746931067,3.39274787535411,2,2019-05-22,TRUE,NA,NA,NA,NA,NA,NA,2019,TRUE
"415","FR4404288401",34202.1,36.5407051282051,1194,2.5827027027027,4.19579679144385,3.409935828877,2,2019-06-07,TRUE,NA,NA,NA,NA,NA,NA,2019,TRUE
"416","FR4404288402",24795.8,29.6955688622755,1181,2.3252427184466,4.54095923261391,3.61964028776978,2,2019-06-11,TRUE,NA,NA,NA,NA,NA,NA,2019,TRUE
"417","FR4404288403",7237.8,24.7869863013699,483,2.27430555555556,3.64986301369863,3.46650684931507,2,2019-06-08,FALSE,NA,NA,"E",2022-11-15,2022-11-15,313.8,2019,FALSE
"418","FR4404288404",31419.5,33.0383806519453,1115,2.43024494142705,4.48175604626709,3.38496319663512,2,2019-07-05,TRUE,NA,NA,NA,NA,NA,NA,2019,TRUE
"419","FR4404288406",37040.4,36.601185770751,1109,2.564,5.41360119047619,3.54314484126984,2,2019-07-30,TRUE,NA,NA,NA,NA,NA,NA,2019,TRUE
"420","FR4404288407",39013.7,38.9747252747253,1104,2.78282828282828,3.1166033966034,3.00813186813187,2,2019-08-01,FALSE,NA,NA,"B",2024-08-26,2024-08-28,372.2,2019,FALSE
"421","FR4404288408",37395.7,41.6433184855234,1069,2.87176602924634,4.93661469933185,3.35212694877506,2,2019-08-02,TRUE,NA,NA,"B",2024-12-26,2024-12-26,325,2019,FALSE
"422","FR4404288409",41177.7,40.21259765625,1120,3.15810276679842,5.357646484375,3.37978515625,2,2019-08-02,TRUE,NA,NA,NA,NA,NA,NA,2019,TRUE
"423","FR4404288410",36249.9,37.7210197710718,1105,2.68526315789474,3.84776041666667,3.29246875,2,2019-08-03,TRUE,NA,NA,NA,NA,NA,NA,2019,TRUE
"424","FR4404288411",28472.3,39.6550139275766,859,3.24964739069111,3.56545961002786,3.24590529247911,2,2019-08-13,FALSE,NA,NA,"M",2024-03-11,NA,NA,2019,FALSE
"425","FR4404288412",35898.9,41.310586881473,894,2.83818393480792,5.02660529344074,3.49930955120829,2,2019-08-20,TRUE,NA,NA,NA,NA,NA,NA,2019,TRUE
"426","FR4404288413",27720.9,39.7717360114778,871,3.12481857764877,4.62094691535151,3.2471018651363,2,2019-09-06,TRUE,NA,NA,NA,NA,NA,NA,2019,TRUE
"427","FR4404288414",41050.4000000001,45.6622914349277,997,3.15635545556805,4.65734149054505,3.21862068965517,2,2019-09-20,TRUE,NA,NA,NA,NA,NA,NA,2019,TRUE
"428","FR4404288415",17457.3,39.5857142857143,494,3.14220183486239,2.98829931972789,3.40628117913832,2,2019-10-20,FALSE,NA,NA,"B",2023-07-31,2023-08-01,333.8,2019,FALSE
"429","FR4404288416",33220,38.0963302752294,973,3.16241299303944,4.25571756601607,3.44711825487945,2,2019-10-09,TRUE,NA,NA,NA,NA,NA,NA,2019,TRUE
"430","FR4404288417",26675.6,36.6927097661623,774,2.95549374130737,4.13194214876033,3.37863636363636,2,2019-10-29,FALSE,NA,NA,"B",2024-01-29,2024-01-29,325.8,2019,FALSE
"431","FR4404288418",19761.1,31.5169059011164,684,3.03870967741935,5.54370015948963,3.68767145135566,2,2019-10-30,FALSE,NA,NA,"M",2023-11-04,NA,NA,2019,FALSE
"432","FR4404288422",26171.9,32.2711467324291,990,2.67082294264339,5.03697903822441,3.50281134401973,2,2019-11-10,TRUE,NA,NA,NA,NA,NA,NA,2019,TRUE
"433","FR4404288423",35966.5,38.8827027027027,1020,2.43763676148797,3.39156926406926,3.28066017316017,2,2019-11-12,TRUE,NA,NA,"B",2025-02-03,2025-02-03,401.2,2019,FALSE
"434","FR4404288424",16404.6,27.3866444073456,749,2.87140439932318,5.30740802675585,3.46040133779264,2,2019-11-16,FALSE,NA,NA,"B",2024-01-29,2024-01-29,387.5,2019,FALSE
"435","FR4404288425",7195.9,24.9857638888889,284,2.57894736842105,3.39875,3.36770833333333,2,2019-11-23,FALSE,NA,NA,"E",2023-01-30,2023-01-30,334.2,2019,FALSE
"436","FR4404288426",17429.5,37.3222698072805,523,2.81818181818182,3.71122055674518,3.12261241970021,2,2019-12-08,FALSE,NA,NA,"C",2023-09-26,NA,NA,2019,FALSE
"437","FR4404288428",16259.4,31.8811764705882,674,2.13888888888889,4.55919132149901,3.65329388560158,2,2019-12-17,TRUE,NA,NA,"B",2024-07-29,2024-07-29,410.4,2019,FALSE
"438","FR4404288429",28063.5,34.057645631068,992,3,4.2743932038835,3.47571601941748,2,2019-12-17,TRUE,NA,NA,"B",2024-12-26,2024-12-26,382,2019,FALSE
"439","FR4404288430",29871.6,34.5336416184971,952,3.14719626168224,3.55757225433526,3.21789595375723,2,2020-01-01,TRUE,NA,NA,"B",2025-02-03,2025-02-03,298.3,2020,FALSE
"440","FR4404288431",28025.5,36.0688545688546,892,2.45572916666667,4.69606177606178,3.3132175032175,2,2020-01-09,TRUE,NA,NA,NA,NA,NA,NA,2020,TRUE
"441","FR4404288432",21522.3,34.3806709265176,871,2.84838709677419,4.88551118210863,3.47325878594249,2,2020-01-15,TRUE,NA,NA,NA,NA,NA,NA,2020,TRUE
"442","FR4404288433",10557,34.0548387096774,306,2.80065359477124,3.74,3.24364516129032,2,2020-01-19,FALSE,NA,NA,"E",2023-03-13,2023-03-14,304.2,2020,FALSE
"443","FR4404288434",23493.3,34.8048888888889,788,2.80059970014993,5.28922962962963,3.91463703703704,2,2020-01-20,TRUE,NA,NA,NA,NA,NA,NA,2020,TRUE
"444","FR4404288435",19332.7,34.6464157706093,598,3.32849364791289,4.8134229390681,2.88064516129032,2,2020-01-20,FALSE,NA,NA,"E",2023-10-03,2023-10-03,310.1,2020,FALSE
"445","FR4404288436",9440.1,34.4529197080292,309,2.92222222222222,4.41660583941606,3.22532846715328,2,2020-01-25,FALSE,NA,NA,"E",2023-03-13,2023-03-14,351.4,2020,FALSE
"446","FR4404288437",31841.4,37.1978971962617,951,2.83096926713948,4.42380116959064,3.19529824561404,2,2020-02-06,TRUE,NA,NA,NA,NA,NA,NA,2020,TRUE
"447","FR4404288438",9508.20000000001,26.6336134453782,385,2.49715909090909,5.24131652661064,3.47266106442577,2,2020-02-09,FALSE,NA,NA,"B",2023-04-11,2023-04-12,336,2020,FALSE
"448","FR4404288439",14027.4,30.7618421052632,550,2.47450110864745,3.93252192982456,3.42603070175439,2,2020-02-10,FALSE,NA,NA,"E",2023-10-10,NA,NA,2020,FALSE
"449","FR4404288440",16319.6,27.9924528301887,834,2.61284722222222,4.28487135506003,3.4616295025729,2,2020-02-16,TRUE,NA,NA,NA,NA,NA,NA,2020,TRUE
"450","FR4404288441",27400.9,37.7422865013774,774,2.75660639777469,4.31382920110193,3.6066391184573,2,2020-02-17,TRUE,NA,NA,NA,NA,NA,NA,2020,TRUE
"451","FR4404288442",23495.8,33.092676056338,872,2.51424501424501,5.66471086036671,3.78279266572638,2,2020-02-17,TRUE,NA,NA,NA,NA,NA,NA,2020,TRUE
"452","FR4404288443",30234.7,38.2717721518987,830,2.4583866837388,3.81974683544304,3.36650632911392,2,2020-02-17,TRUE,NA,NA,NA,NA,NA,NA,2020,TRUE
"453","FR4404288445",16422.6,33.7913580246914,480,2.80665280665281,5.04543209876543,3.5109670781893,2,2020-03-20,TRUE,NA,NA,"B",2024-04-22,2024-04-23,374.4,2020,FALSE
"454","FR4404288448",24612.1,32.0470052083333,813,2.43552631578947,4.38901041666667,3.34671875,2,2020-04-16,TRUE,NA,NA,NA,NA,NA,NA,2020,TRUE
"455","FR4404288450",26596.8,36.9913769123783,818,2.22112676056338,4.10789986091794,3.56582753824757,2,2020-05-04,TRUE,NA,NA,NA,NA,NA,NA,2020,TRUE
"456","FR4404288451",27911.6,36.1549222797927,806,2.33246073298429,4.50316883116883,3.54572727272727,2,2020-05-09,TRUE,NA,NA,NA,NA,NA,NA,2020,TRUE
"457","FR4404288454",10706.9,37.1767361111111,347,2.85263157894737,3.8534375,3.34760416666667,2,2020-06-13,FALSE,NA,NA,"E",2023-09-13,NA,NA,2020,FALSE
"458","FR4404288455",5651.4,27.0401913875598,352,2.95145631067961,4.19120192307692,3.40754807692308,2,2020-06-16,FALSE,NA,NA,"E",2023-09-13,NA,NA,2020,FALSE
"459","FR4404288456",16840.1,39.7172169811321,724,3.21718377088306,5.03690307328605,3.53595744680851,2,2020-06-24,TRUE,NA,NA,"M",2025-03-08,NA,NA,2020,FALSE
"460","FR4404288458",22003.9,33.7483128834356,705,2.70232558139535,4.93516871165644,3.50412576687117,2,2020-07-01,TRUE,NA,NA,NA,NA,NA,NA,2020,TRUE
"461","FR4404288459",10704.9,32.6368902439024,364,2.63888888888889,4.52082317073171,3.35295731707317,2,2020-07-26,FALSE,NA,NA,"B",2024-01-03,2024-01-03,308.7,2020,FALSE
"462","FR4404288460",23095,40.1652173913044,622,3.22671353251318,4.52910994764398,3.54549738219895,2,2020-07-29,FALSE,NA,NA,"M",2024-08-13,NA,NA,2020,FALSE
"463","FR4404288461",22451.7,34.0177272727273,758,2.63957055214724,4.6652655538695,3.68467374810319,2,2020-08-15,TRUE,NA,NA,NA,NA,NA,NA,2020,TRUE
"464","FR4404288462",7430.1,35.047641509434,208,2.87081339712919,4.09806603773585,3.37877358490566,2,2020-08-26,FALSE,NA,NA,"M",2023-10-14,NA,NA,2020,FALSE
"465","FR4404288463",8209.6,38.1841860465116,211,3.40094339622642,4.85074418604651,3.3953488372093,2,2020-08-31,FALSE,NA,NA,"E",2023-10-03,2023-10-03,383.8,2020,FALSE
"466","FR4404288465",7126.7,30.1978813559322,232,2.75965665236052,4.4721186440678,3.43419491525424,2,2020-09-04,FALSE,NA,NA,"B",2024-01-03,2024-01-03,376.1,2020,FALSE
"467","FR4404288466",23894.6,38.9797716150082,711,3.49174917491749,4.42330065359477,3.51178104575163,2,2020-09-08,TRUE,NA,NA,NA,NA,NA,NA,2020,TRUE
"468","FR4404288467",10595.3,32.0099697885196,386,3.08256880733945,4.63592145015106,3.27413897280967,2,2020-09-17,FALSE,NA,NA,"M",2023-12-11,NA,NA,2020,FALSE
"469","FR4404288468",22069,35.3104,675,3.1504854368932,4.57732371794872,3.4161217948718,2,2020-09-18,TRUE,NA,NA,NA,NA,NA,NA,2020,TRUE
"470","FR4404288469",9383.49999999999,29.6009463722397,357,2.30254777070064,4.23328075709779,3.59406940063091,2,2020-09-22,FALSE,NA,NA,"E",2023-10-10,NA,NA,2020,FALSE
"471","FR4404288470",22069.4,35.0864864864865,686,3.17391304347826,4.42551834130782,3.45854864433812,2,2020-09-23,TRUE,NA,NA,"M",2025-05-30,NA,NA,2020,FALSE
"472","FR4404288471",10474,33.5705128205128,307,3.15909090909091,4.42897435897436,3.17464743589744,2,2020-09-24,FALSE,NA,NA,"B",2024-01-03,2024-01-03,315.4,2020,FALSE
"473","FR4404288472",9498.5,34.0448028673835,275,3.30072463768116,3.97609318996416,3.52182795698925,2,2020-09-24,FALSE,NA,NA,"M",2023-10-22,NA,NA,2020,FALSE
"474","FR4404288473",17306.3,35.9051867219917,591,2.6344537815126,4.16522821576763,3.35360995850622,2,2020-09-29,TRUE,NA,NA,NA,NA,NA,NA,2020,TRUE
"475","FR4404288474",13019.2,31.9098039215686,538,2.80445544554455,5.05142156862745,3.43857843137255,2,2020-09-30,TRUE,NA,NA,"B",2024-12-26,2024-12-26,341.8,2020,FALSE
"476","FR4404288475",23647.5,38.6397058823529,653,2.99503311258278,4.26552287581699,3.54673202614379,2,2020-10-08,TRUE,NA,NA,NA,NA,NA,NA,2020,TRUE
"477","FR4404288476",22742.4,39.9690685413005,611,2.86678507992895,4.62585237258348,3.33785588752197,2,2020-10-17,TRUE,NA,NA,NA,NA,NA,NA,2020,TRUE
"478","FR4404288477",21142.3,36.1406837606838,633,2.38927335640138,4.7528595890411,3.30690068493151,2,2020-10-27,TRUE,NA,NA,NA,NA,NA,NA,2020,TRUE
"479","FR4404288478",15847,27.9982332155477,625,2.56071428571429,4.96280141843972,3.35702127659574,2,2020-11-03,TRUE,NA,NA,NA,NA,NA,NA,2020,TRUE
"480","FR4404288479",23635.9,41.4664912280702,630,2.78014184397163,3.48543859649123,3.28740350877193,2,2020-11-05,FALSE,NA,NA,"M",2024-08-21,NA,NA,2020,FALSE
"481","FR4404288480",9485.7,30.305750798722,309,2.76451612903226,5.43255591054313,3.58421725239617,2,2020-11-25,FALSE,NA,NA,"B",2024-01-29,2024-01-29,364.2,2020,FALSE
"482","FR4404288481",8482.7,31.3014760147601,326,2.23134328358209,4.34764258555133,3.5825855513308,2,2020-12-02,FALSE,NA,NA,"B",2024-01-03,2024-01-03,366.9,2020,FALSE
"483","FR4404288482",16465.2,34.8838983050847,466,2.99357601713062,3.99110169491525,3.45834745762712,2,2020-12-05,TRUE,NA,NA,"B",2024-04-22,2024-04-23,411.2,2020,FALSE
"484","FR4404288483",3626,39.8461538461538,89,3.06666666666667,2.76648351648352,3.2,2,2020-12-05,TRUE,NA,NA,"B",2023-10-26,2023-10-26,330.9,2020,FALSE
"485","FR4404288484",17795.3,38.2694623655914,506,2.40522875816993,4.53255913978495,3.26965591397849,2,2020-12-09,TRUE,NA,NA,NA,NA,NA,NA,2020,TRUE
"486","FR4404288485",18812.7,37.9288306451613,549,2.77142857142857,3.66129032258065,3.35276209677419,2,2020-12-11,TRUE,NA,NA,NA,NA,NA,NA,2020,TRUE
"487","FR4404288486",14472.3,32.7427601809955,495,2.76430205949657,4.45726244343891,3.6733257918552,2,2020-12-19,FALSE,NA,NA,"E",2024-09-12,NA,NA,2020,FALSE
"488","FR4404288487",15320.5,32.8062098501071,527,2.92207792207792,4.56674518201285,3.34364025695931,2,2020-12-21,TRUE,NA,NA,NA,NA,NA,NA,2020,TRUE
"489","FR4404288488",21192.8,43.427868852459,543,2.9047619047619,3.62868583162218,3.38985626283368,2,2021-01-10,TRUE,NA,NA,"M",2025-04-22,NA,NA,2021,FALSE
"490","FR4404288490",16406,35.7429193899782,508,2.98678414096916,3.40272925764192,3.20268558951965,2,2021-01-18,TRUE,NA,NA,NA,NA,NA,NA,2021,TRUE
"491","FR4404288491",15732.3,33.4019108280255,516,2.66309012875536,5.50256900212314,3.64171974522293,2,2021-01-30,TRUE,NA,NA,"E",2024-10-16,NA,NA,2021,FALSE
"492","FR4404288492",15272.2,34.7095454545455,492,2.69655172413793,4.43809090909091,3.32415909090909,2,2021-02-03,TRUE,NA,NA,NA,NA,NA,NA,2021,TRUE
"493","FR4404288493",11822,28.8341463414634,546,2.52098765432099,4.88168292682927,3.56170731707317,2,2021-02-04,FALSE,NA,NA,"E",2024-09-12,NA,NA,2021,FALSE
"494","FR4404288494",17692,34.3533980582524,559,2.9803536345776,4.32130350194553,3.26420233463035,2,2021-02-16,TRUE,NA,NA,NA,NA,NA,NA,2021,TRUE
"495","FR4404288495",16641.7,34.6702083333333,536,2.63578947368421,4.044125,3.4563125,2,2021-03-10,TRUE,NA,NA,NA,NA,NA,NA,2021,TRUE
"496","FR4404288496",16588,38.3094688221709,486,2.64018691588785,4.14037122969838,3.45348027842227,2,2021-03-28,TRUE,NA,NA,NA,NA,NA,NA,2021,TRUE
"497","FR4404288497",17671.9,36.2129098360656,535,2.65424430641822,4.67502049180328,3.19008196721311,2,2021-03-27,TRUE,NA,NA,NA,NA,NA,NA,2021,TRUE
"498","FR4404288498",17185.6,33.8966469428008,555,2.83832335329341,4.28290513833992,3.49808300395257,2,2021-03-30,TRUE,NA,NA,NA,NA,NA,NA,2021,TRUE
"499","FR4404288499",145.5,16.1666666666667,8,1.44444444444444,5.37777777777778,3.64222222222222,2,2021-04-05,FALSE,NA,NA,"M",2023-04-13,NA,NA,2021,FALSE
"500","FR4404288500",14072.9,30.6599128540305,454,2.68571428571429,4.83474945533769,3.51553376906318,2,2021-04-07,FALSE,NA,NA,"B",2024-08-26,2024-08-28,329.7,2021,FALSE
"501","FR4404288502",14744.3,31.1718816067653,542,2.9680170575693,4.69167372881356,3.41466101694915,2,2021-04-22,TRUE,NA,NA,"E",2024-10-16,NA,NA,2021,FALSE
"502","FR4404288503",11386.3,30.0430079155673,505,2.16310160427807,3.91480211081794,3.40474934036939,2,2021-04-26,TRUE,NA,NA,NA,NA,NA,NA,2021,TRUE
"503","FR4404288504",16226.7,35.1989154013015,517,2.68640350877193,4.09434782608696,3.51010869565217,2,2021-04-29,TRUE,NA,NA,NA,NA,NA,NA,2021,TRUE
"504","FR4404288505",15654.7,34.7882222222222,504,3.13033707865169,4.68528888888889,3.3366,2,2021-05-07,TRUE,NA,NA,NA,NA,NA,NA,2021,TRUE
"505","FR4404288506",8596.2,32.3165413533835,262,3.02281368821293,4.37170454545455,3.33431818181818,2,2021-05-09,FALSE,NA,NA,"M",2024-02-13,NA,NA,2021,FALSE
"506","FR4404288507",2273.9,30.7283783783784,72,2.86301369863014,4.5527027027027,3.42364864864865,2,2021-05-19,FALSE,NA,NA,"E",2023-09-13,NA,NA,2021,FALSE
"507","FR4404288509",202.3,14.45,13,1.28571428571429,4.91857142857143,3.60642857142857,2,2021-06-12,FALSE,NA,NA,"M",2023-10-30,NA,NA,2021,FALSE
"508","FR4404288511",14815.1,42.0883522727273,402,3.38616714697406,3.53267806267806,3.24820512820513,2,2021-06-21,TRUE,NA,NA,NA,NA,NA,NA,2021,TRUE
"509","FR4404288512",11491.5,32.2794943820225,351,3.27556818181818,4.66362359550562,3.53966292134831,2,2021-06-25,TRUE,NA,NA,NA,NA,NA,NA,2021,TRUE
"510","FR4404288513",14.4,7.2,1,0.5,7.82,4.75,2,2021-06-25,FALSE,NA,NA,"E",2023-10-03,2023-10-03,341.6,2021,FALSE
"511","FR4404288514",1605.2,31.4745098039216,50,3.88235294117647,3.68588235294118,3.67803921568627,2,2021-07-12,FALSE,NA,NA,"E",2023-10-31,NA,NA,2021,FALSE
"512","FR4404288515",11519.9,33.7826979472141,337,2.07100591715976,4.40536656891496,3.45557184750733,2,2021-07-18,TRUE,NA,NA,"B",2025-03-17,2025-03-18,290.2,2021,FALSE
"513","FR4404288516",6746.7,31.38,212,3.17370892018779,4.49688372093023,3.52520930232558,2,2021-07-18,TRUE,NA,NA,"B",2024-12-26,2024-12-26,357.1,2021,FALSE
"514","FR4404288517",11959.1,35.9132132132132,384,3.20606060606061,4.64354354354354,3.42840840840841,2,2021-08-01,TRUE,NA,NA,NA,NA,NA,NA,2021,TRUE
"515","FR4404288518",967.7,30.240625,30,2.67741935483871,4.324375,3.4978125,2,2021-08-01,FALSE,NA,NA,"E",2023-09-13,NA,NA,2021,FALSE
"516","FR4404288519",2794,37.7567567567568,72,2.72602739726027,3.86630136986301,3.47054794520548,2,2021-08-07,TRUE,NA,NA,"B",2025-02-03,2025-02-03,358.3,2021,FALSE
"517","FR4404288521",13177.8,40.2990825688073,383,3.43034055727554,3.58422018348624,3.15935779816514,2,2021-08-17,TRUE,NA,NA,NA,NA,NA,NA,2021,TRUE
"518","FR4404288522",9541.3,38.9440816326531,241,3.60743801652893,4.97248979591837,3.26412244897959,2,2021-08-25,TRUE,NA,NA,NA,NA,NA,NA,2021,TRUE
"519","FR4404288523",892.1,22.3025,39,2.45,4.36375,3.6395,2,2021-08-30,FALSE,NA,NA,"E",2023-11-08,NA,NA,2021,FALSE
"520","FR4404288524",7489.8,26.5595744680851,344,2.6989247311828,5.42327402135231,3.59935943060498,2,2021-09-05,TRUE,NA,NA,"E",2024-10-16,NA,NA,2021,FALSE
"521","FR4404288525",15059.8,41.3730769230769,359,3.83333333333333,4.59285714285714,3.4539010989011,2,2021-09-05,TRUE,NA,NA,NA,NA,NA,NA,2021,TRUE
"522","FR4404288526",13359.9,37.6335211267606,386,3.16239316239316,4.5529178470255,3.30345609065156,2,2021-09-07,TRUE,NA,NA,"B",2024-12-26,2024-12-26,377.1,2021,FALSE
"523","FR4404288527",9099.59999999999,34.9984615384615,256,2.15175097276265,4.20092664092664,3.26733590733591,2,2021-09-08,TRUE,NA,NA,NA,NA,NA,NA,2021,TRUE
"524","FR4404288528",10480.7,36.2653979238754,285,3.16783216783217,4.88688581314879,3.76141868512111,2,2021-09-08,TRUE,NA,NA,NA,NA,NA,NA,2021,TRUE
"525","FR4404288529",9897.89999999999,37.6346007604563,259,3.28076923076923,5.28300380228137,3.4451711026616,2,2021-09-14,TRUE,NA,NA,NA,NA,NA,NA,2021,TRUE
"526","FR4404288530",9650.8,34.4671428571429,276,3.62815884476534,4.06114285714286,3.46657142857143,2,2021-09-22,TRUE,NA,NA,NA,NA,NA,NA,2021,TRUE
"527","FR4404288531",9721.8,34.8451612903226,331,3.28260869565217,4.89956834532374,3.49798561151079,2,2021-10-02,TRUE,NA,NA,NA,NA,NA,NA,2021,TRUE
"528","FR4404288532",7799.8,30.9515873015873,248,3.46987951807229,4.45597609561753,3.37557768924303,2,2021-10-04,TRUE,NA,NA,NA,NA,NA,NA,2021,TRUE
"529","FR4404288533",12666.4,40.2107936507937,310,3.35369774919614,5.378,3.22044444444444,2,2021-10-26,TRUE,NA,NA,NA,NA,NA,NA,2021,TRUE
"530","FR4404288534",11065.3,34.906309148265,312,3.22364217252396,4.87715189873418,3.53,2,2021-10-28,TRUE,NA,NA,NA,NA,NA,NA,2021,TRUE
"531","FR4404288537",11778.1,47.4923387096774,244,3.09795918367347,3.75376518218624,3.33623481781377,2,2021-11-27,TRUE,NA,NA,NA,NA,NA,NA,2021,TRUE
"532","FR4404288538",11663.8,40.9256140350877,281,3.56382978723404,3.62133333333333,3.27831578947368,2,2021-12-01,TRUE,NA,NA,NA,NA,NA,NA,2021,TRUE
"533","FR4404288539",7005,38.070652173913,181,3.47252747252747,3.26326086956522,2.97440217391304,2,2021-12-03,TRUE,NA,NA,NA,NA,NA,NA,2021,TRUE
"534","FR4404288540",6379.1,36.2448863636364,173,3.36206896551724,6.01414772727273,3.21420454545455,2,2021-12-04,TRUE,NA,NA,NA,NA,NA,NA,2021,TRUE
"535","FR4404288541",1539.9,16.040625,94,2.31578947368421,4.58875,3.6496875,2,2021-12-05,TRUE,NA,NA,NA,NA,NA,NA,2021,TRUE
"536","FR4404288542",5898.6,33.9,171,2.9593023255814,3.27258620689655,3.55022988505747,2,2021-12-25,TRUE,NA,NA,"B",2025-02-03,2025-02-03,354.6,2021,FALSE
"537","FR4404288543",9425.19999999999,33.9035971223022,274,3.38909090909091,4.25334532374101,3.35672661870504,2,2021-12-25,TRUE,NA,NA,NA,NA,NA,NA,2021,TRUE
"538","FR4404288544",6609.6,28.612987012987,227,2.95175438596491,4.8153711790393,3.43397379912664,2,2021-12-31,TRUE,NA,NA,NA,NA,NA,NA,2021,TRUE
"539","FR4404288545",7525.2,41.5756906077348,178,3.1731843575419,4.7082320441989,3.40353591160221,2,2022-01-02,TRUE,NA,NA,NA,NA,NA,NA,2022,TRUE
"540","FR4404288546",8223.5,34.2645833333333,236,3.38396624472574,4.80483333333333,3.52925,2,2022-01-04,TRUE,NA,NA,NA,NA,NA,NA,2022,TRUE
"541","FR4404288548",182.5,26.0714285714286,6,1.85714285714286,6.59857142857143,4.17142857142857,2,2022-01-19,TRUE,NA,NA,NA,NA,NA,NA,2022,TRUE
"542","FR4404288549",5524.9,32.8863095238095,165,3.18072289156627,5.16196428571429,3.46636904761905,2,2022-01-20,TRUE,NA,NA,NA,NA,NA,NA,2022,TRUE
"543","FR4404288550",81.8,40.9,90,NA,3.58,3.26,2,2022-01-29,FALSE,NA,NA,NA,NA,NA,NA,2022,TRUE
"544","FR4404288552",73.1,36.55,90,NA,4.565,3.365,2,2022-02-09,FALSE,NA,NA,NA,NA,NA,NA,2022,TRUE
"545","FR4404288553",83.8,41.9,90,NA,3.48,3.17,2,2022-02-11,FALSE,NA,NA,NA,NA,NA,NA,2022,TRUE
"546","FR4404288554",72.8,36.4,90,NA,3.595,3.13,2,2022-02-11,FALSE,NA,NA,NA,NA,NA,NA,2022,TRUE
"547","FR4404288555",73.2,36.6,90,NA,3.675,2.97,2,2022-03-29,FALSE,NA,NA,NA,NA,NA,NA,2022,TRUE
"548","FR4404288556",47.9,47.9,0,NA,3.71,2.7,2,2022-03-29,FALSE,NA,NA,NA,NA,NA,NA,2022,TRUE
"549","FR4404288557",5016,26.6808510638298,185,2.71505376344086,4.65941176470588,3.66614973262032,2,2022-04-02,TRUE,NA,NA,NA,NA,NA,NA,2022,TRUE
"550","FR4404288558",29,29,0,NA,4.18,2.65,2,2022-04-06,FALSE,NA,NA,NA,NA,NA,NA,2022,TRUE
"551","FR4404288559",5339.4,35.3602649006623,148,3.35570469798658,3.93549668874172,3.48503311258278,2,2022-04-06,TRUE,NA,NA,NA,NA,NA,NA,2022,TRUE
"552","FR4404288560",70.1,35.05,90,NA,4.225,3.14,2,2022-04-07,FALSE,NA,NA,NA,NA,NA,NA,2022,TRUE
"553","FR4404288561",49.8,49.8,0,NA,3.06,2.75,2,2022-04-11,FALSE,NA,NA,"B",2025-03-17,2025-03-18,368.8,2022,FALSE
"554","FR4404288562",40.7,40.7,0,NA,3.78,2.54,2,2022-04-20,FALSE,NA,NA,NA,NA,NA,NA,2022,TRUE
"555","FR4404288564",51.5,25.75,90,NA,4.44,3.205,2,2022-04-30,FALSE,NA,NA,NA,NA,NA,NA,2022,TRUE
"556","FR4404288565",35.5,35.5,0,NA,4.06,3.33,2,2022-05-01,FALSE,NA,NA,"E",2024-09-12,NA,NA,2022,FALSE
"557","FR4404288566",42.3,42.3,0,NA,3.02,2.87,2,2022-05-11,FALSE,NA,NA,NA,NA,NA,NA,2022,TRUE
"558","FR4404288567",34.2,34.2,0,NA,3.97,2.9,2,2022-05-13,FALSE,NA,NA,NA,NA,NA,NA,2022,TRUE
"559","FR4404288568",4.1,4.1,0,NA,NA,NA,2,2022-05-31,FALSE,NA,NA,"B",2024-08-26,2024-08-28,276.6,2022,FALSE
"560","FR4404288569",34.9,34.9,0,NA,3.72,2.82,2,2022-06-05,FALSE,NA,NA,NA,NA,NA,NA,2022,TRUE
"561","FR4404288570",40.7,40.7,0,NA,3.94,2.91,2,2022-06-07,FALSE,NA,NA,NA,NA,NA,NA,2022,TRUE
"562","FR4404288571",35.9,35.9,0,NA,4.06,3.21,2,2022-06-12,FALSE,NA,NA,"E",2024-09-12,NA,NA,2022,FALSE
"563","FR4404288572",258.9,21.575,11,2.16666666666667,4.50416666666667,3.89833333333333,2,2022-07-05,TRUE,NA,NA,"E",2024-10-16,NA,NA,2022,FALSE
"564","FR4404288578",145.5,16.1666666666667,8,1.44444444444444,5.12888888888889,4.17,2,2022-09-19,TRUE,NA,NA,NA,NA,NA,NA,2022,TRUE
"565","FR4404288580",307.4,20.4933333333333,14,1.86666666666667,4.01466666666667,3.64066666666667,2,2022-09-27,TRUE,NA,NA,NA,NA,NA,NA,2022,TRUE
"566","FR4404658920",68610.7000000001,36.0539674198634,2242,2.66098081023454,5.05789029535865,3.29237341772152,2,2013-02-14,FALSE,"A",2015-08-01,"E",2023-01-30,2023-01-30,300.1,2013,FALSE
"567","FR4404658938",23390,28.2487922705314,941,2.45276073619632,4.43858181818182,3.44294545454545,2,2013-06-22,FALSE,"A",2015-08-01,"B",2019-09-02,2019-09-02,397.9,2013,FALSE
"568","FR4404658982",55321.8,31.5403648802737,2219,2.38843930635838,4.94229321163719,3.47310325156874,2,2014-03-30,FALSE,"A",2016-11-17,"E",2023-01-30,2023-01-30,295.2,2014,FALSE
"569","FR4404659023",78157.7,34.5830530973451,2472,3.06729475100942,5.04987610619469,3.50407079646018,2,2014-09-29,FALSE,"A",2016-11-17,"B",2023-11-22,2023-11-23,354.8,2014,FALSE
"570","FR4404659034",53477.4,36.2067704807041,1736,2.64697802197802,3.97238482384824,3.48233739837398,2,2014-11-12,FALSE,"A",2016-11-17,"B",2021-11-22,2021-11-23,328.5,2014,FALSE
"571","FR4404659330",58.6,29.3,41,NA,3.86,3.055,2,2019-08-26,FALSE,"A",2020-02-01,"E",2022-01-14,NA,NA,2019,FALSE
"572","FR4404659342",50.2,25.1,41,NA,4.38,3.235,2,2019-10-19,FALSE,"A",2020-02-01,"E",2022-01-14,NA,NA,2019,FALSE
"573","FR4404659350",45.9,22.95,41,NA,3.865,3.14,2,2019-12-02,FALSE,"A",2020-02-01,"E",2022-01-14,NA,NA,2019,FALSE
"574","FR4435990603",315.9,28.7181818181818,733,NA,4.52181818181818,3.29,2,2015-04-14,FALSE,NA,NA,NA,NA,NA,NA,2015,TRUE
"575","FR4435990662",276.9,25.1727272727273,733,NA,4.33727272727273,3.41909090909091,2,2015-12-05,FALSE,NA,NA,NA,NA,NA,NA,2015,TRUE
"576","FR4435990663",315.6,28.6909090909091,733,NA,4.02727272727273,3.21454545454545,2,2015-12-07,FALSE,NA,NA,NA,NA,NA,NA,2015,TRUE
"577","FR4435990676",317.8,28.8909090909091,665,NA,4.23272727272727,3.58636363636364,2,2016-02-05,FALSE,NA,NA,NA,NA,NA,NA,2016,TRUE
"578","FR4435990684",290.3,26.3909090909091,665,NA,4.90636363636364,3.49,2,2016-05-08,FALSE,NA,NA,NA,NA,NA,NA,2016,TRUE
"579","FR4435990692",333.1,30.2818181818182,733,NA,4.25909090909091,3.21272727272727,2,2016-07-07,FALSE,NA,NA,NA,NA,NA,NA,2016,TRUE
"580","FR4435990694",160,17.7777777777778,483,NA,4.94,3.61111111111111,2,2016-07-12,FALSE,NA,NA,NA,NA,NA,NA,2016,TRUE
"581","FR4454691592",57291,36.1914087176248,1800,2.68998716302952,4.47401140684411,3.27955006337136,2,2012-09-14,FALSE,"A",2014-10-01,"B",2021-11-22,2021-11-23,366.9,2012,FALSE
"582","FR4454691593",30807.7,40.1141927083333,866,2.86922060766182,4.00865710560626,3.47624511082138,2,2012-09-15,FALSE,"A",2014-10-01,"B",2019-07-29,2019-07-29,326.1,2012,FALSE
"583","FR4465616752",178.6,17.86,600,NA,4.577,3.627,2,2012-01-14,FALSE,NA,NA,NA,NA,NA,NA,2012,TRUE
"584","FR4474143068",62.7,31.35,41,NA,3.645,2.95,2,2019-10-25,FALSE,NA,NA,"E",2022-01-14,NA,NA,2019,FALSE
"585","FR4906156898",211.4,21.14,733,NA,4.503,3.441,2,2012-04-06,FALSE,NA,NA,NA,NA,NA,NA,2012,TRUE
"586","FR4906157222",283,25.7272727272727,733,NA,4.74636363636364,3.72454545454545,2,2016-12-08,FALSE,NA,NA,NA,NA,NA,NA,2016,TRUE
"587","FR4906157248",61,20.3333333333333,123,NA,4.28333333333333,3.65,2,2017-04-03,FALSE,NA,NA,NA,NA,NA,NA,2017,TRUE
"588","FR4906157266",310.5,31.05,600,NA,3.38,2.999,2,2017-06-02,FALSE,NA,NA,NA,NA,NA,NA,2017,TRUE
"589","FR4912264927",9945,24.8625,563,1.8253164556962,4.82273417721519,3.3126329113924,2,2012-08-22,FALSE,"A",2014-10-09,"B",2018-05-28,2018-05-29,335.9,2012,FALSE
"590","FR4923746451",294.1,24.5083333333333,733,NA,4.67416666666667,3.52,2,2016-08-02,FALSE,NA,NA,NA,NA,NA,NA,2016,TRUE
"591","FR4923746505",249,22.6363636363636,665,NA,4.945,3.387,2,2017-06-23,FALSE,NA,NA,NA,NA,NA,NA,2017,TRUE
"592","FR4923746511",337,30.6363636363636,733,NA,3.864,3.16,2,2017-08-01,FALSE,NA,NA,NA,NA,NA,NA,2017,TRUE
"593","FR4935590346",17441.5,31.5969202898551,863,2.30925925925926,4.56655109489051,3.62928832116788,2,2012-09-06,FALSE,"A",2012-10-09,"B",2019-09-02,2019-09-02,405.5,2012,FALSE
"594","FR4939387183",214.3,23.8111111111111,610,NA,4.14166666666667,3.46166666666667,2,2016-06-06,FALSE,NA,NA,NA,NA,NA,NA,2016,TRUE
"595","FR4939387226",308,28,733,NA,4.45545454545455,3.46727272727273,2,2016-10-27,FALSE,NA,NA,NA,NA,NA,NA,2016,TRUE
"596","FR4939387236",318,28.9090909090909,733,NA,4.12454545454545,3.37818181818182,2,2016-12-07,FALSE,NA,NA,NA,NA,NA,NA,2016,TRUE
"597","FR4939432663",294.4,26.7636363636364,733,NA,4.59636363636364,3.28090909090909,2,2016-09-04,FALSE,NA,NA,NA,NA,NA,NA,2016,TRUE
"598","FR4939549636",205.1,22.7888888888889,483,NA,4.10125,3.4975,2,2014-06-17,FALSE,NA,NA,NA,NA,NA,NA,2014,TRUE
"599","FR4944441101",192.1,19.21,537,NA,5.631,3.884,2,2016-06-14,FALSE,NA,NA,NA,NA,NA,NA,2016,TRUE
"600","FR4944441107",306.3,27.8454545454545,665,NA,4.40545454545455,3.24727272727273,2,2016-06-26,FALSE,NA,NA,NA,NA,NA,NA,2016,TRUE
"601","FR4944441117",188.2,18.82,600,NA,4.79444444444444,3.74666666666667,2,2016-07-31,FALSE,NA,NA,NA,NA,NA,NA,2016,TRUE
"602","FR4944441121",249.4,24.94,600,NA,4.48111111111111,3.28888888888889,2,2016-08-18,FALSE,NA,NA,NA,NA,NA,NA,2016,TRUE
"603","FR4944441128",31,10.3333333333333,123,NA,4.84333333333333,3.99333333333333,2,2016-09-05,FALSE,NA,NA,NA,NA,NA,NA,2016,TRUE
"604","FR4944441129",235.2,26.1333333333333,543,NA,4.01222222222222,3.43666666666667,2,2016-09-05,FALSE,NA,NA,NA,NA,NA,NA,2016,TRUE
"605","FR4944526073",56694.5,34.5909090909091,1835,3.42706393544382,4.76169108669109,3.42395604395604,2,2015-08-14,FALSE,"A",2015-08-31,"E",2022-11-15,2022-11-15,366.7,2015,FALSE
"606","FR4944526074",39781.1,29.8432858214554,1526,2.30022918258212,3.98718045112782,3.3942030075188,2,2015-08-19,FALSE,"A",2015-08-31,"B",2021-11-22,2021-11-23,356.1,2015,FALSE
"607","FR4945368325",17268.7,24.6343794579173,863,2.08708272859216,6.06972740315638,3.36857962697274,2,2012-05-25,FALSE,"A",2014-05-20,"B",2019-09-02,2019-09-02,363.8,2012,FALSE
"608","FR4947438444",9156.2,24.0952631578947,674,2.02425876010782,4.5598673740053,3.0740848806366,2,2011-05-30,FALSE,"A",2013-08-28,"B",2018-12-03,2018-12-04,339.7,2011,FALSE
"609","FR4947438454",380.6,14.6384615384615,25,1.69230769230769,4.80391304347826,3.38782608695652,2,2011-10-09,FALSE,"A",2013-08-28,"B",2016-12-26,2016-12-26,326.8,2011,FALSE
"610","FR4950954269",24689.4,31.2920152091255,887,2.84961439588689,3.81881679389313,3.45452926208651,2,2011-11-03,FALSE,"A",2011-11-29,"M",2019-04-02,NA,NA,2011,FALSE
"611","FR4950954270",2493.6,23.3046728971963,106,1.78504672897196,5.63971153846154,3.70875,2,2011-11-08,FALSE,"A",2011-11-29,"B",2017-02-01,2017-02-02,287.3,2011,FALSE
"612","FR4954409802",33447.7,35.2081052631579,1018,2.06403415154749,5.78006315789474,3.6109052631579,2,2016-01-03,FALSE,"A",2020-07-27,"E",2023-06-13,2023-06-14,350.6,2016,FALSE
"613","FR4954409839",22259.3,38.0500854700855,660,2.41493055555556,4.39837328767123,3.36573630136986,2,2017-04-03,FALSE,"A",2020-07-27,"M",2022-04-28,NA,NA,2017,FALSE
"614","FR4954409903",13149.6,33.2060606060606,476,2.5974358974359,4.32656565656566,3.45641414141414,2,2017-12-18,FALSE,"A",2020-07-27,"B",2021-12-28,2021-12-28,326,2017,FALSE
"615","FR4954409905",1164.9,33.2828571428571,59,1.75757575757576,3.49828571428571,2.78114285714286,2,2018-02-22,FALSE,"A",2020-07-27,"M",2020-09-03,NA,NA,2018,FALSE
"616","FR4954409906",50549.6999999999,39.2771561771562,1514,3.18174665617624,4.70927738927739,3.44792540792541,2,2018-03-09,TRUE,"A",2020-07-27,NA,NA,NA,NA,2018,TRUE
"617","FR4954409920",48563.6999999999,38.4206487341772,1494,3.15132105684548,4.14533650039588,3.10576405384006,2,2018-06-19,TRUE,"A",2020-07-27,NA,NA,NA,NA,2018,TRUE
"618","FR4954409921",53714.5,41.2870868562644,1618,3.24882995319813,4.00173712528824,3.36635664873174,2,2018-06-30,TRUE,"A",2020-07-27,NA,NA,NA,NA,2018,TRUE
"619","FR4954615254",169.2,24.1714285714286,365,NA,4.38285714285714,3.67857142857143,2,2016-07-20,FALSE,NA,NA,NA,NA,NA,NA,2016,TRUE
"620","FR4954667338",9729.90000000002,32.1118811881188,562,2.8561872909699,3.59047138047138,3.17754208754209,2,2012-09-20,FALSE,"A",2012-10-09,"B",2018-05-28,2018-05-29,329.3,2012,FALSE
"621","FR4954776463",120.8,40.2666666666667,111,NA,4.20666666666667,3.16666666666667,2,2017-11-04,FALSE,NA,NA,NA,NA,NA,NA,2017,TRUE
"622","FR4954776477",108.9,36.3,111,NA,4.61,3.31333333333333,2,2018-03-28,FALSE,NA,NA,NA,NA,NA,NA,2018,TRUE
"623","FR4954776555",79.5,26.5,111,NA,4.64333333333333,3.32,2,2019-03-22,FALSE,NA,NA,NA,NA,NA,NA,2019,TRUE
"624","FR4954776577",61.5,20.5,111,NA,3.975,3.16,2,2019-08-08,FALSE,NA,NA,NA,NA,NA,NA,2019,TRUE
"625","FR4954776581",76.5,25.5,111,NA,4.26,3.19666666666667,2,2019-09-13,FALSE,NA,NA,NA,NA,NA,NA,2019,TRUE
"626","FR4956691421",7100.9,21.324024024024,388,2.15361445783133,5.86578787878788,3.85806060606061,2,2011-10-26,FALSE,"A",2014-04-25,"M",2017-12-14,NA,NA,2011,FALSE
"627","FR4958829414",207.6,34.6,314,NA,3.80166666666667,3.12333333333333,2,2018-09-04,FALSE,NA,NA,NA,NA,NA,NA,2018,TRUE
"628","FR4958880362",38011.6,29.6733801717408,1387,2.89214908802538,5.07012529365701,3.52608457321848,2,2012-09-22,FALSE,"A",2012-10-08,"B",2020-08-05,2020-08-06,355.5,2012,FALSE
"629","FR4958880363",23214.4,27.5705463182898,1000,2.5036231884058,4.80492252681764,3.44866507747318,2,2012-09-27,FALSE,"A",2012-10-08,"E",2019-12-31,2020-01-02,349.5,2012,FALSE
"630","FR4958880507",38722.2,29.1582831325301,1485,2.49463190184049,4.4125828313253,3.1385015060241,2,2015-07-27,FALSE,"A",2015-08-31,"E",2021-10-19,2021-10-21,379.1,2015,FALSE
"631","FR4958880509",10822.5,21.9969512195122,479,2.56666666666667,3.94556910569106,3.29760162601626,2,2015-08-23,FALSE,"A",2015-08-31,"B",2019-07-29,2019-07-29,356.7,2015,FALSE
"632","FR4963097404",61929.2,34.4625486922649,2138,2.37880496054115,5.74139910813824,3.73282608695652,2,2010-03-26,FALSE,"A",2011-02-11,"E",2022-11-15,2022-11-15,344.2,2010,FALSE
"633","FR4963720288",204.2,34.0333333333333,368,NA,3.15333333333333,2.965,2,2018-08-30,FALSE,NA,NA,NA,NA,NA,NA,2018,TRUE
"634","FR4964030484",223.5,27.9375,489,NA,3.94285714285714,3.06142857142857,2,2018-09-01,FALSE,NA,NA,NA,NA,NA,NA,2018,TRUE
"635","FR4964030485",124.4,24.88,246,NA,4.666,3.542,2,2018-09-01,FALSE,NA,NA,NA,NA,NA,NA,2018,TRUE
"636","FR4964180046",12.4,12.4,0,NA,3.81,3.49,2,2014-01-24,FALSE,NA,NA,NA,NA,NA,NA,2014,TRUE
"637","FR4964180227",131.4,32.85,190,NA,3.655,3.075,2,2018-09-02,FALSE,NA,NA,NA,NA,NA,NA,2018,TRUE
"638","FR4964180265",221.1,31.5857142857143,368,NA,4.24857142857143,3.39857142857143,2,2018-09-19,FALSE,NA,NA,NA,NA,NA,NA,2018,TRUE
"639","FR4965313142",43.1,14.3666666666667,123,NA,5.51333333333333,3.85,2,2012-06-29,FALSE,NA,NA,NA,NA,NA,NA,2012,TRUE
"640","FR4968695856",14645.5,30.9630021141649,528,2.69444444444444,4.87712765957447,3.2778085106383,2,2013-12-20,FALSE,"A",2014-01-06,"B",2018-07-30,2018-07-31,304.4,2013,FALSE
"641","FR4968695919",262.7,23.8818181818182,665,NA,4.82818181818182,3.76545454545455,2,2016-09-27,FALSE,NA,NA,NA,NA,NA,NA,2016,TRUE
"642","FR4968695952",10.2,10.2,0,NA,5.16,3,2,2017-11-23,FALSE,NA,NA,NA,NA,NA,NA,2017,TRUE
"643","FR4968915660",336.9,30.6272727272727,733,NA,4.06909090909091,3.30636363636364,2,2016-08-07,FALSE,NA,NA,NA,NA,NA,NA,2016,TRUE
"644","FR4968915664",129.8,25.96,305,NA,4.496,3.038,2,2016-08-17,FALSE,NA,NA,NA,NA,NA,NA,2016,TRUE
"645","FR5345849921",151.9,16.8777777777778,537,NA,4.76666666666667,3.91333333333333,2,2015-10-26,FALSE,NA,NA,NA,NA,NA,NA,2015,TRUE
"646","FR5345849942",237.9,21.6272727272727,733,NA,5.07363636363636,3.67909090909091,2,2016-03-22,FALSE,NA,NA,NA,NA,NA,NA,2016,TRUE
"647","FR5346756957",38.9,12.9666666666667,123,NA,5.43666666666667,3.87,2,2014-03-30,FALSE,NA,NA,NA,NA,NA,NA,2014,TRUE
"648","FR5346756962",193.7,19.37,733,NA,5.178,3.403,2,2014-04-10,FALSE,NA,NA,NA,NA,NA,NA,2014,TRUE
"649","FR5371202098",38.5,19.25,48,NA,5.1,3.14,2,2012-10-08,FALSE,NA,NA,NA,NA,NA,NA,2012,TRUE
"650","FR5639763075",42.5,14.1666666666667,123,NA,4.52,3.62666666666667,2,2013-10-23,FALSE,NA,NA,NA,NA,NA,NA,2013,TRUE
"651","FR5698151341",290.3,32.2555555555556,543,NA,3.86375,3.07125,2,2013-10-08,FALSE,NA,NA,NA,NA,NA,NA,2013,TRUE
