"","AniLifeNumber","avg_daily_milk","milk_span_days","birth_year","... <- NULL","short_span_flag","cohort"
"1","FR3511030992",30.05,190,2018,34.460141446206,TRUE,"2016-2018"
"2","FR3511031000",8.6,0,2018,34.460141446206,TRUE,"2016-2018"
"3","FR3511031001",35.2666666666667,122,2018,34.460141446206,TRUE,"2016-2018"
"4","FR3511031005",18.3,0,2019,34.460141446206,TRUE,"post-2019"
"5","FR3526708960",22.3363636363636,733,2015,34.460141446206,FALSE,"pre-2016"
"6","FR3527660505",17.9,244,2014,34.460141446206,TRUE,"pre-2016"
"7","FR4124295420",13.8,483,2015,34.460141446206,FALSE,"pre-2016"
"8","FR4124295424",18.84,665,2015,34.460141446206,FALSE,"pre-2016"
"9","FR4124295428",17.15,63,2015,34.460141446206,TRUE,"pre-2016"
"10","FR4401541353",9.8,0,2010,34.460141446206,TRUE,"pre-2016"
"11","FR4401541370",14.65,63,2012,34.460141446206,TRUE,"pre-2016"
"12","FR4401541379",22.275,244,2012,34.460141446206,TRUE,"pre-2016"
"13","FR4401541380",18.3,123,2012,34.460141446206,TRUE,"pre-2016"
"14","FR4401541383",33.3111111111111,600,2013,34.460141446206,FALSE,"pre-2016"
"15","FR4401541384",16.1333333333333,121,2013,34.460141446206,TRUE,"pre-2016"
"16","FR4401541386",7.8,0,2013,34.460141446206,TRUE,"pre-2016"
"17","FR4401541390",22.775,483,2013,34.460141446206,FALSE,"pre-2016"
"18","FR4401541395",24.43,600,2013,34.460141446206,FALSE,"pre-2016"
"19","FR4401541402",26.33,733,2014,34.460141446206,FALSE,"pre-2016"
"20","FR4401541403",35.525,419,2014,34.460141446206,FALSE,"pre-2016"
"21","FR4401541407",29.3727272727273,665,2014,34.460141446206,FALSE,"pre-2016"
"22","FR4401541408",9.03333333333333,123,2014,34.460141446206,TRUE,"pre-2016"
"23","FR4401541409",33.6181818181818,733,2014,34.460141446206,FALSE,"pre-2016"
"24","FR4401541411",20.3,733,2014,34.460141446206,FALSE,"pre-2016"
"25","FR4401541412",18.8666666666667,543,2014,34.460141446206,FALSE,"pre-2016"
"26","FR4401541418",25.75,733,2014,34.460141446206,FALSE,"pre-2016"
"27","FR4401541419",26.125,733,2014,34.460141446206,FALSE,"pre-2016"
"28","FR4401541422",15.6,123,2015,34.460141446206,TRUE,"pre-2016"
"29","FR4401541423",14.3714285714286,483,2015,34.460141446206,FALSE,"pre-2016"
"30","FR4401541425",16.8571428571429,483,2015,34.460141446206,FALSE,"pre-2016"
"31","FR4401541426",19.12,242,2015,34.460141446206,TRUE,"pre-2016"
"32","FR4401541428",18.7,196,2015,34.460141446206,TRUE,"pre-2016"
"33","FR4401541429",7.2,0,2015,34.460141446206,TRUE,"pre-2016"
"34","FR4401541431",32.2916666666667,733,2015,34.460141446206,FALSE,"pre-2016"
"35","FR4401541432",27.5363636363636,733,2015,34.460141446206,FALSE,"pre-2016"
"36","FR4401541434",25.2,63,2015,34.460141446206,TRUE,"pre-2016"
"37","FR4401541438",7.1,0,2015,34.460141446206,TRUE,"pre-2016"
"38","FR4401541439",23.1555555555556,600,2015,34.460141446206,FALSE,"pre-2016"
"39","FR4401541440",19.73,665,2015,34.460141446206,FALSE,"pre-2016"
"40","FR4401541441",26.9090909090909,733,2015,34.460141446206,FALSE,"pre-2016"
"41","FR4401541442",25.3454545454545,733,2015,34.460141446206,FALSE,"pre-2016"
"42","FR4401541443",17.7,420,2015,34.460141446206,FALSE,"pre-2016"
"43","FR4401541444",18.0666666666667,305,2016,34.460141446206,FALSE,"2016-2018"
"44","FR4401541445",30.29,600,2016,34.460141446206,FALSE,"2016-2018"
"45","FR4401541446",26.4909090909091,733,2016,34.460141446206,FALSE,"2016-2018"
"46","FR4401541447",25.9416666666667,733,2016,34.460141446206,FALSE,"2016-2018"
"47","FR4401541449",12.0666666666667,123,2016,34.460141446206,TRUE,"2016-2018"
"48","FR4401541450",34.0285714285714,419,2016,34.460141446206,FALSE,"2016-2018"
"49","FR4401541452",26.1571428571429,483,2016,34.460141446206,FALSE,"2016-2018"
"50","FR4401541453",25.3,0,2016,34.460141446206,TRUE,"2016-2018"
"51","FR4401541454",30.0333333333333,733,2016,34.460141446206,FALSE,"2016-2018"
"52","FR4401541456",26.8363636363636,733,2016,34.460141446206,FALSE,"2016-2018"
"53","FR4401541457",23.27,600,2016,34.460141446206,FALSE,"2016-2018"
"54","FR4401541459",19.3272727272727,733,2016,34.460141446206,FALSE,"2016-2018"
"55","FR4401541460",15.6,133,2016,34.460141446206,TRUE,"2016-2018"
"56","FR4401541462",23.65,733,2016,34.460141446206,FALSE,"2016-2018"
"57","FR4401541463",18.375,600,2016,34.460141446206,FALSE,"2016-2018"
"58","FR4401541464",20.81,602,2016,34.460141446206,FALSE,"2016-2018"
"59","FR4401541465",14.3,0,2016,34.460141446206,TRUE,"2016-2018"
"60","FR4401541466",24.1090909090909,670,2016,34.460141446206,FALSE,"2016-2018"
"61","FR4401541467",23.95,733,2016,34.460141446206,FALSE,"2016-2018"
"62","FR4401541469",22.9571428571429,365,2017,34.460141446206,FALSE,"2016-2018"
"63","FR4401541471",28.01,733,2017,34.460141446206,FALSE,"2016-2018"
"64","FR4401541472",27.7,733,2017,34.460141446206,FALSE,"2016-2018"
"65","FR4401541473",24.9272727272727,670,2017,34.460141446206,FALSE,"2016-2018"
"66","FR4401541474",31.3416666666667,733,2017,34.460141446206,FALSE,"2016-2018"
"67","FR4401541476",20.5,670,2017,34.460141446206,FALSE,"2016-2018"
"68","FR4401541477",30.7272727272727,670,2017,34.460141446206,FALSE,"2016-2018"
"69","FR4401541478",18.72,242,2017,34.460141446206,TRUE,"2016-2018"
"70","FR4401541480",26.05,489,2017,34.460141446206,FALSE,"2016-2018"
"71","FR4401541481",25.1909090909091,670,2017,34.460141446206,FALSE,"2016-2018"
"72","FR4401541482",18.1166666666667,314,2017,34.460141446206,FALSE,"2016-2018"
"73","FR4401541483",20.725,477,2017,34.460141446206,FALSE,"2016-2018"
"74","FR4401541484",28.4,537,2017,34.460141446206,FALSE,"2016-2018"
"75","FR4401541485",32.94,610,2017,34.460141446206,FALSE,"2016-2018"
"76","FR4401541486",16.6,109,2017,34.460141446206,TRUE,"2016-2018"
"77","FR4401541489",20.2,610,2017,34.460141446206,FALSE,"2016-2018"
"78","FR4401541492",29.8,733,2017,34.460141446206,FALSE,"2016-2018"
"79","FR4401541493",31.68,610,2017,34.460141446206,FALSE,"2016-2018"
"80","FR4401541494",25.9333333333333,602,2017,34.460141446206,FALSE,"2016-2018"
"81","FR4401541495",20.6333333333333,537,2017,34.460141446206,FALSE,"2016-2018"
"82","FR4401541496",18.18,250,2017,34.460141446206,TRUE,"2016-2018"
"83","FR4401541497",22.6111111111111,477,2017,34.460141446206,FALSE,"2016-2018"
"84","FR4401541498",22.6666666666667,428,2017,34.460141446206,FALSE,"2016-2018"
"85","FR4401541499",18.3777777777778,489,2017,34.460141446206,FALSE,"2016-2018"
"86","FR4401541500",14.1285714285714,347,2017,34.460141446206,FALSE,"2016-2018"
"87","FR4401541501",19.47,537,2017,34.460141446206,FALSE,"2016-2018"
"88","FR4401541502",18.6727272727273,733,2017,34.460141446206,FALSE,"2016-2018"
"89","FR4401541503",15.08,239,2018,34.460141446206,TRUE,"2016-2018"
"90","FR4401541504",24.7666666666667,537,2018,34.460141446206,FALSE,"2016-2018"
"91","FR4401541505",17.3,64,2018,34.460141446206,TRUE,"2016-2018"
"92","FR4401541506",26.61,610,2018,34.460141446206,FALSE,"2016-2018"
"93","FR4401541508",21.0285714285714,421,2018,34.460141446206,FALSE,"2016-2018"
"94","FR4401541510",32.2142857142857,428,2018,34.460141446206,FALSE,"2016-2018"
"95","FR4401541511",18.8166666666667,733,2018,34.460141446206,FALSE,"2016-2018"
"96","FR4401541512",28.625,489,2018,34.460141446206,FALSE,"2016-2018"
"97","FR4401541513",18.5714285714286,489,2018,34.460141446206,FALSE,"2016-2018"
"98","FR4401541514",19.7,250,2018,34.460141446206,TRUE,"2016-2018"
"99","FR4401541515",26.5111111111111,537,2018,34.460141446206,FALSE,"2016-2018"
"100","FR4401541516",34.0375,489,2018,34.460141446206,FALSE,"2016-2018"
"101","FR4401541517",15.08,295,2018,34.460141446206,TRUE,"2016-2018"
"102","FR4401541518",37.0666666666667,368,2018,34.460141446206,FALSE,"2016-2018"
"103","FR4401541519",20.28,314,2018,34.460141446206,FALSE,"2016-2018"
"104","FR4401541521",17.15,190,2018,34.460141446206,TRUE,"2016-2018"
"105","FR4401541522",22.7333333333333,428,2018,34.460141446206,FALSE,"2016-2018"
"106","FR4401541524",13.5666666666667,117,2018,34.460141446206,TRUE,"2016-2018"
"107","FR4401541525",27.0142857142857,368,2018,34.460141446206,FALSE,"2016-2018"
"108","FR4401541526",21.45,368,2018,34.460141446206,FALSE,"2016-2018"
"109","FR4401541527",28.2666666666667,428,2018,34.460141446206,FALSE,"2016-2018"
"110","FR4401541528",24.2142857142857,428,2018,34.460141446206,FALSE,"2016-2018"
"111","FR4401541529",28.1625,537,2018,34.460141446206,FALSE,"2016-2018"
"112","FR4401541530",23.8875,489,2018,34.460141446206,FALSE,"2016-2018"
"113","FR4401541532",21.58,246,2018,34.460141446206,TRUE,"2016-2018"
"114","FR4401541534",26.7,190,2018,34.460141446206,TRUE,"2016-2018"
"115","FR4401541535",22.0666666666667,133,2018,34.460141446206,TRUE,"2016-2018"
"116","FR4401541536",27.1,68,2018,34.460141446206,TRUE,"2016-2018"
"117","FR4401541537",32.08,250,2018,34.460141446206,TRUE,"2016-2018"
"118","FR4401541538",30,0,2018,34.460141446206,TRUE,"2016-2018"
"119","FR4401541539",26.6666666666667,133,2018,34.460141446206,TRUE,"2016-2018"
"120","FR4401541540",21.2,133,2018,34.460141446206,TRUE,"2016-2018"
"121","FR4401541541",29.025,190,2018,34.460141446206,TRUE,"2016-2018"
"122","FR4401541542",25.46,250,2018,34.460141446206,TRUE,"2016-2018"
"123","FR4401541544",30.7,190,2018,34.460141446206,TRUE,"2016-2018"
"124","FR4401541545",28.725,190,2018,34.460141446206,TRUE,"2016-2018"
"125","FR4401541546",20,250,2019,34.460141446206,TRUE,"post-2019"
"126","FR4401541547",25.0666666666667,133,2019,34.460141446206,TRUE,"post-2019"
"127","FR4401541548",22.075,190,2019,34.460141446206,TRUE,"post-2019"
"128","FR4401541550",27.02,250,2019,34.460141446206,TRUE,"post-2019"
"129","FR4401541551",31.3,190,2019,34.460141446206,TRUE,"post-2019"
"130","FR4401541552",5.1,0,2019,34.460141446206,TRUE,"post-2019"
"131","FR4401541554",21.8666666666667,133,2019,34.460141446206,TRUE,"post-2019"
"132","FR4401541556",19.75,68,2019,34.460141446206,TRUE,"post-2019"
"133","FR4401541558",32.45,68,2019,34.460141446206,TRUE,"post-2019"
"134","FR4401541559",16.1,68,2019,34.460141446206,TRUE,"post-2019"
"135","FR4401541561",29.9,0,2019,34.460141446206,TRUE,"post-2019"
"136","FR4401541576",25,0,2019,34.460141446206,TRUE,"post-2019"
"137","FR4401543949",27.75,190,2019,34.460141446206,TRUE,"post-2019"
"138","FR4401550303",25.075,733,2011,34.460141446206,FALSE,"pre-2016"
"139","FR4401550359",14.7333333333333,121,2012,34.460141446206,TRUE,"pre-2016"
"140","FR4401550420",15.7,196,2013,34.460141446206,TRUE,"pre-2016"
"141","FR4401550435",24.3,733,2014,34.460141446206,FALSE,"pre-2016"
"142","FR4401550437",17.18,244,2014,34.460141446206,TRUE,"pre-2016"
"143","FR4401550441",13.8333333333333,123,2014,34.460141446206,TRUE,"pre-2016"
"144","FR4401550455",5.8,0,2014,34.460141446206,TRUE,"pre-2016"
"145","FR4401550467",16.8333333333333,600,2015,34.460141446206,FALSE,"pre-2016"
"146","FR4401550508",12.2428571428571,483,2016,34.460141446206,FALSE,"2016-2018"
"147","FR4401550518",23.2090909090909,665,2016,34.460141446206,FALSE,"2016-2018"
"148","FR4401550521",19.35,600,2016,34.460141446206,FALSE,"2016-2018"
"149","FR4401550528",17.1363636363636,733,2016,34.460141446206,FALSE,"2016-2018"
"150","FR4401550537",16.4857142857143,419,2017,34.460141446206,FALSE,"2016-2018"
"151","FR4401550538",18.9666666666667,610,2017,34.460141446206,FALSE,"2016-2018"
"152","FR4401550541",14.38,242,2017,34.460141446206,TRUE,"2016-2018"
"153","FR4401550544",17.6571428571429,360,2017,34.460141446206,FALSE,"2016-2018"
"154","FR4401572218",33.957,1560,2016,34.460141446206,FALSE,"2016-2018"
"155","FR4401572219",37.528530588908,2127,2016,34.460141446206,FALSE,"2016-2018"
"156","FR4401572222",34.715985915493,1711,2016,34.460141446206,FALSE,"2016-2018"
"157","FR4401572223",30.8508532423208,1659,2016,34.460141446206,FALSE,"2016-2018"
"158","FR44042808550",41.2362637362637,181,2022,34.460141446206,TRUE,"post-2019"
"159","FR44042808552",33.0732919254658,160,2022,34.460141446206,TRUE,"post-2019"
"160","FR44042808553",38.6839285714286,167,2022,34.460141446206,TRUE,"post-2019"
"161","FR44042808554",35.5901162790698,171,2022,34.460141446206,TRUE,"post-2019"
"162","FR44042808555",34.6354838709677,185,2022,34.460141446206,TRUE,"post-2019"
"163","FR44042808556",43.2784810126582,78,2022,34.460141446206,TRUE,"post-2019"
"164","FR44042808558",27.6823529411765,50,2022,34.460141446206,TRUE,"post-2019"
"165","FR44042808559",3.7,0,2022,34.460141446206,TRUE,"post-2019"
"166","FR44042808560",30.5150537634409,185,2022,34.460141446206,TRUE,"post-2019"
"167","FR44042808561",44.4946808510638,95,2022,34.460141446206,TRUE,"post-2019"
"168","FR44042808562",38.985046728972,106,2022,34.460141446206,TRUE,"post-2019"
"169","FR44042808564",27.5384615384615,127,2022,34.460141446206,TRUE,"post-2019"
"170","FR44042808565",33.365,39,2022,34.460141446206,TRUE,"post-2019"
"171","FR44042808566",35.4875,103,2022,34.460141446206,TRUE,"post-2019"
"172","FR44042808567",28.7121621621622,73,2022,34.460141446206,TRUE,"post-2019"
"173","FR44042808568",8.1625,16,2022,34.460141446206,TRUE,"post-2019"
"174","FR44042808569",34.8857142857143,118,2022,34.460141446206,TRUE,"post-2019"
"175","FR44042808570",34.5428571428571,76,2022,34.460141446206,TRUE,"post-2019"
"176","FR44042808571",30.155223880597,66,2022,34.460141446206,TRUE,"post-2019"
"177","FR4404281081",38.3833333333333,5,2011,34.460141446206,TRUE,"pre-2016"
"178","FR4404283104",32.5109677419355,1444,2018,34.460141446206,FALSE,"2016-2018"
"179","FR4404283159",31.7755033557047,293,2018,34.460141446206,TRUE,"2016-2018"
"180","FR4404288019",37.6118803418803,1344,2008,34.460141446206,FALSE,"pre-2016"
"181","FR4404288028",24.7682445759369,1192,2009,34.460141446206,FALSE,"pre-2016"
"182","FR4404288029",23.5974238875878,424,2009,34.460141446206,FALSE,"pre-2016"
"183","FR4404288040",27.5108695652174,45,2009,34.460141446206,TRUE,"pre-2016"
"184","FR4404288045",22.145,201,2009,34.460141446206,TRUE,"pre-2016"
"185","FR4404288050",36.1088,519,2010,34.460141446206,FALSE,"pre-2016"
"186","FR4404288063",33.5513888888889,143,2010,34.460141446206,TRUE,"pre-2016"
"187","FR4404288068",31.3760975609756,406,2010,34.460141446206,FALSE,"pre-2016"
"188","FR4404288069",28.3593442622951,790,2010,34.460141446206,FALSE,"pre-2016"
"189","FR4404288073",34.9506329113924,78,2011,34.460141446206,TRUE,"pre-2016"
"190","FR4404288075",33.7913274336283,1237,2011,34.460141446206,FALSE,"pre-2016"
"191","FR4404288079",29.4990740740741,369,2011,34.460141446206,FALSE,"pre-2016"
"192","FR4404288080",33.0035087719298,1310,2011,34.460141446206,FALSE,"pre-2016"
"193","FR4404288081",33.8601351351351,441,2011,34.460141446206,FALSE,"pre-2016"
"194","FR4404288082",24.0429090909091,274,2011,34.460141446206,TRUE,"pre-2016"
"195","FR4404288083",25.7152103559871,311,2011,34.460141446206,FALSE,"pre-2016"
"196","FR4404288088",33.8457236842105,1040,2011,34.460141446206,FALSE,"pre-2016"
"197","FR4404288094",31.7359249329759,468,2011,34.460141446206,FALSE,"pre-2016"
"198","FR4404288097",27.8994436717663,795,2012,34.460141446206,FALSE,"pre-2016"
"199","FR4404288098",34.9379346133887,2225,2012,34.460141446206,FALSE,"pre-2016"
"200","FR4404288100",32.1791366906475,1217,2012,34.460141446206,FALSE,"pre-2016"
"201","FR4404288101",33.2736569579288,1866,2012,34.460141446206,FALSE,"pre-2016"
"202","FR4404288102",31.0524672708963,1141,2012,34.460141446206,FALSE,"pre-2016"
"203","FR4404288105",36.4944134078212,707,2012,34.460141446206,FALSE,"pre-2016"
"204","FR4404288106",22.6412280701754,113,2012,34.460141446206,TRUE,"pre-2016"
"205","FR4404288109",27.2602150537634,332,2012,34.460141446206,FALSE,"pre-2016"
"206","FR4404288110",25.5577287066246,316,2012,34.460141446206,FALSE,"pre-2016"
"207","FR4404288111",32.504215851602,688,2012,34.460141446206,FALSE,"pre-2016"
"208","FR4404288112",29.0799342105263,407,2012,34.460141446206,FALSE,"pre-2016"
"209","FR4404288115",28.7175490196078,1157,2012,34.460141446206,FALSE,"pre-2016"
"210","FR4404288116",29.821568627451,358,2012,34.460141446206,FALSE,"pre-2016"
"211","FR4404288120",40.7910602910603,1141,2012,34.460141446206,FALSE,"pre-2016"
"212","FR4404288121",33.1790251107829,774,2012,34.460141446206,FALSE,"pre-2016"
"213","FR4404288122",23.4493710691824,317,2012,34.460141446206,FALSE,"pre-2016"
"214","FR4404288126",30.8272727272727,252,2012,34.460141446206,TRUE,"pre-2016"
"215","FR4404288127",28.4553054662379,310,2012,34.460141446206,FALSE,"pre-2016"
"216","FR4404288128",31.744682230869,1929,2013,34.460141446206,FALSE,"pre-2016"
"217","FR4404288129",17.6661016949153,176,2013,34.460141446206,TRUE,"pre-2016"
"218","FR4404288130",28.420564516129,562,2013,34.460141446206,FALSE,"pre-2016"
"219","FR4404288131",24.9908045977011,464,2013,34.460141446206,FALSE,"pre-2016"
"220","FR4404288132",32.5018060836502,1141,2013,34.460141446206,FALSE,"pre-2016"
"221","FR4404288133",30.5143529411765,1014,2013,34.460141446206,FALSE,"pre-2016"
"222","FR4404288134",33.6971970321517,1350,2013,34.460141446206,FALSE,"pre-2016"
"223","FR4404288136",31.8494356659142,1758,2013,34.460141446206,FALSE,"pre-2016"
"224","FR4404288137",31.1312676056338,799,2013,34.460141446206,FALSE,"pre-2016"
"225","FR4404288138",28.6173626373626,451,2013,34.460141446206,FALSE,"pre-2016"
"226","FR4404288139",31.0644060830251,2893,2013,34.460141446206,FALSE,"pre-2016"
"227","FR4404288140",35.24128,2295,2013,34.460141446206,FALSE,"pre-2016"
"228","FR4404288141",34.0572305593452,1759,2013,34.460141446206,FALSE,"pre-2016"
"229","FR4404288142",24.0672376873662,631,2013,34.460141446206,FALSE,"pre-2016"
"230","FR4404288143",25.2180473372781,337,2013,34.460141446206,FALSE,"pre-2016"
"231","FR4404288145",31.398917162967,2218,2013,34.460141446206,FALSE,"pre-2016"
"232","FR4404288146",29.5588028169014,675,2013,34.460141446206,FALSE,"pre-2016"
"233","FR4404288149",30.7752232142857,1006,2014,34.460141446206,FALSE,"pre-2016"
"234","FR4404288150",31.0343071161049,1429,2014,34.460141446206,FALSE,"pre-2016"
"235","FR4404288151",29.9037096774193,1428,2014,34.460141446206,FALSE,"pre-2016"
"236","FR4404288153",21.6565217391304,114,2014,34.460141446206,TRUE,"pre-2016"
"237","FR4404288154",33.8077651515151,1237,2014,34.460141446206,FALSE,"pre-2016"
"238","FR4404288155",30.0951627906977,1302,2014,34.460141446206,FALSE,"pre-2016"
"239","FR4404288156",30.2742382271468,766,2014,34.460141446206,FALSE,"pre-2016"
"240","FR4404288157",27.481227863046,938,2014,34.460141446206,FALSE,"pre-2016"
"241","FR4404288158",31.7151020408163,840,2014,34.460141446206,FALSE,"pre-2016"
"242","FR4404288159",29.9713939393939,948,2014,34.460141446206,FALSE,"pre-2016"
"243","FR4404288161",30.4539903264813,1904,2014,34.460141446206,FALSE,"pre-2016"
"244","FR4404288162",30.9978075517661,863,2014,34.460141446206,FALSE,"pre-2016"
"245","FR4404288163",29.0573878627968,793,2014,34.460141446206,FALSE,"pre-2016"
"246","FR4404288164",33.1905483028721,2242,2014,34.460141446206,FALSE,"pre-2016"
"247","FR4404288165",27.1099496221663,780,2014,34.460141446206,FALSE,"pre-2016"
"248","FR4404288167",36.8672393364929,1892,2014,34.460141446206,FALSE,"pre-2016"
"249","FR4404288168",35.6595029239766,720,2014,34.460141446206,FALSE,"pre-2016"
"250","FR4404288169",32.6630937880633,853,2014,34.460141446206,FALSE,"pre-2016"
"251","FR4404288170",23.5166666666667,11,2014,34.460141446206,TRUE,"pre-2016"
"252","FR4404288171",31.6721637426901,2003,2014,34.460141446206,FALSE,"pre-2016"
"253","FR4404288172",27.912962962963,107,2014,34.460141446206,TRUE,"pre-2016"
"254","FR4404288174",31.3893977415307,1779,2014,34.460141446206,FALSE,"pre-2016"
"255","FR4404288175",32.260333127699,1811,2014,34.460141446206,FALSE,"pre-2016"
"256","FR4404288176",30.7587837837838,302,2014,34.460141446206,TRUE,"pre-2016"
"257","FR4404288177",38.2366478728857,2299,2014,34.460141446206,FALSE,"pre-2016"
"258","FR4404288178",29.7772468714448,979,2014,34.460141446206,FALSE,"pre-2016"
"259","FR4404288180",38.0895390070922,2808,2014,34.460141446206,FALSE,"pre-2016"
"260","FR4404288181",21.7153846153846,51,2014,34.460141446206,TRUE,"pre-2016"
"261","FR4404288182",25.4625,23,2014,34.460141446206,TRUE,"pre-2016"
"262","FR4404288183",17.7626865671642,266,2014,34.460141446206,TRUE,"pre-2016"
"263","FR4404288184",28.8431818181818,43,2014,34.460141446206,TRUE,"pre-2016"
"264","FR4404288185",31.1789406236651,2648,2014,34.460141446206,FALSE,"pre-2016"
"265","FR4404288186",26.3333333333333,26,2014,34.460141446206,TRUE,"pre-2016"
"266","FR4404288187",22.3863636363636,22,2014,34.460141446206,TRUE,"pre-2016"
"267","FR4404288188",27.5152671755725,1110,2014,34.460141446206,FALSE,"pre-2016"
"268","FR4404288190",23.6260223048327,600,2015,34.460141446206,FALSE,"pre-2016"
"269","FR4404288191",17.8277777777778,17,2015,34.460141446206,TRUE,"pre-2016"
"270","FR4404288192",34.7266666666667,563,2015,34.460141446206,FALSE,"pre-2016"
"271","FR4404288193",32.7331672597865,1580,2015,34.460141446206,FALSE,"pre-2016"
"272","FR4404288194",35.8968426501035,2311,2015,34.460141446206,FALSE,"pre-2016"
"273","FR4404288195",32.2478901881037,2294,2015,34.460141446206,FALSE,"pre-2016"
"274","FR4404288197",31.2457516339869,1144,2015,34.460141446206,FALSE,"pre-2016"
"275","FR4404288198",30.0876160990712,1851,2015,34.460141446206,FALSE,"pre-2016"
"276","FR4404288199",24.7295843520782,457,2015,34.460141446206,FALSE,"pre-2016"
"277","FR4404288200",26.3043235704324,769,2015,34.460141446206,FALSE,"pre-2016"
"278","FR4404288201",26.1420689655172,282,2015,34.460141446206,TRUE,"pre-2016"
"279","FR4404288202",32.7714508580343,1471,2015,34.460141446206,FALSE,"pre-2016"
"280","FR4404288203",33.6101706036745,1693,2015,34.460141446206,FALSE,"pre-2016"
"281","FR4404288204",26.509756097561,426,2015,34.460141446206,FALSE,"pre-2016"
"282","FR4404288205",24.8424671385238,1269,2015,34.460141446206,FALSE,"pre-2016"
"283","FR4404288206",25.1686403508772,460,2015,34.460141446206,FALSE,"pre-2016"
"284","FR4404288207",31.7595744680851,748,2015,34.460141446206,FALSE,"pre-2016"
"285","FR4404288208",26.790523465704,1216,2015,34.460141446206,FALSE,"pre-2016"
"286","FR4404288210",38.4933333333333,1952,2015,34.460141446206,FALSE,"pre-2016"
"287","FR4404288211",31.6470779220779,1355,2015,34.460141446206,FALSE,"pre-2016"
"288","FR4404288212",34.4527974783294,1588,2015,34.460141446206,FALSE,"pre-2016"
"289","FR4404288213",28.1293055555556,820,2015,34.460141446206,FALSE,"pre-2016"
"290","FR4404288214",32.1359073359073,1184,2015,34.460141446206,FALSE,"pre-2016"
"291","FR4404288215",32.6531492666091,1254,2015,34.460141446206,FALSE,"pre-2016"
"292","FR4404288216",28.7915492957746,69,2015,34.460141446206,TRUE,"pre-2016"
"293","FR4404288217",36.5423544465771,1775,2015,34.460141446206,FALSE,"pre-2016"
"294","FR4404288218",29.2691268191268,1016,2015,34.460141446206,FALSE,"pre-2016"
"295","FR4404288219",23.2194902548726,655,2015,34.460141446206,FALSE,"pre-2016"
"296","FR4404288220",35.6607459207459,2404,2015,34.460141446206,FALSE,"pre-2016"
"297","FR4404288221",33.5780760626398,1922,2015,34.460141446206,FALSE,"pre-2016"
"298","FR4404288222",30.9007692307692,2011,2015,34.460141446206,FALSE,"pre-2016"
"299","FR4404288224",29.1050454086781,1027,2016,34.460141446206,FALSE,"2016-2018"
"300","FR4404288225",32.6091166077738,1722,2016,34.460141446206,FALSE,"2016-2018"
"301","FR4404288228",34.8796690307329,980,2016,34.460141446206,FALSE,"2016-2018"
"302","FR4404288229",31.1940766550523,1275,2016,34.460141446206,FALSE,"2016-2018"
"303","FR4404288231",35.0393772893773,590,2016,34.460141446206,FALSE,"2016-2018"
"304","FR4404288232",28.4863496932515,782,2016,34.460141446206,FALSE,"2016-2018"
"305","FR4404288233",32.4588591184097,1257,2016,34.460141446206,FALSE,"2016-2018"
"306","FR4404288234",26.74038647343,1133,2016,34.460141446206,FALSE,"2016-2018"
"307","FR4404288235",29.7836003770028,1146,2016,34.460141446206,FALSE,"2016-2018"
"308","FR4404288236",35.0594036697248,1604,2016,34.460141446206,FALSE,"2016-2018"
"309","FR4404288237",32.7092281879195,2158,2016,34.460141446206,FALSE,"2016-2018"
"310","FR4404288238",26.3008620689655,343,2016,34.460141446206,FALSE,"2016-2018"
"311","FR4404288239",33.1732510288066,1786,2016,34.460141446206,FALSE,"2016-2018"
"312","FR4404288240",31.8327327327327,751,2016,34.460141446206,FALSE,"2016-2018"
"313","FR4404288241",32.4785185185185,951,2016,34.460141446206,FALSE,"2016-2018"
"314","FR4404288242",31.8983769161407,1180,2016,34.460141446206,FALSE,"2016-2018"
"315","FR4404288243",23.8422885572139,694,2016,34.460141446206,FALSE,"2016-2018"
"316","FR4404288247",30.5333333333333,721,2016,34.460141446206,FALSE,"2016-2018"
"317","FR4404288249",30.4740203193033,778,2016,34.460141446206,FALSE,"2016-2018"
"318","FR4404288251",37.2551873981532,2108,2016,34.460141446206,FALSE,"2016-2018"
"319","FR4404288253",30.7233102253033,1326,2016,34.460141446206,FALSE,"2016-2018"
"320","FR4404288255",22.0683377308707,373,2016,34.460141446206,FALSE,"2016-2018"
"321","FR4404288257",29.4598168870804,1085,2016,34.460141446206,FALSE,"2016-2018"
"322","FR4404288258",30.3147147147147,794,2016,34.460141446206,FALSE,"2016-2018"
"323","FR4404288259",29.0667621776504,790,2016,34.460141446206,FALSE,"2016-2018"
"324","FR4404288261",35.8621538461538,1784,2016,34.460141446206,FALSE,"2016-2018"
"325","FR4404288262",30.0269202087994,1659,2016,34.460141446206,FALSE,"2016-2018"
"326","FR4404288263",34.209756097561,875,2016,34.460141446206,FALSE,"2016-2018"
"327","FR4404288264",32.5847058823529,768,2016,34.460141446206,FALSE,"2016-2018"
"328","FR4404288265",33.5126893939394,1282,2016,34.460141446206,FALSE,"2016-2018"
"329","FR4404288266",30.7642559109875,816,2016,34.460141446206,FALSE,"2016-2018"
"330","FR4404288267",30.3827238335435,925,2016,34.460141446206,FALSE,"2016-2018"
"331","FR4404288269",32.8591168091168,797,2017,34.460141446206,FALSE,"2016-2018"
"332","FR4404288270",31.9848869277441,2026,2017,34.460141446206,FALSE,"2016-2018"
"333","FR4404288272",28.0417233560091,488,2017,34.460141446206,FALSE,"2016-2018"
"334","FR4404288273",38.0174235403151,1154,2017,34.460141446206,FALSE,"2016-2018"
"335","FR4404288274",30.9549295774648,72,2017,34.460141446206,TRUE,"2016-2018"
"336","FR4404288275",23.8211180124224,317,2017,34.460141446206,FALSE,"2016-2018"
"337","FR4404288276",34.2064837905237,1947,2017,34.460141446206,FALSE,"2016-2018"
"338","FR4404288279",38.2426380368098,1815,2017,34.460141446206,FALSE,"2016-2018"
"339","FR4404288282",3.3,0,2017,34.460141446206,TRUE,"2016-2018"
"340","FR4404288283",31.9732739420935,1598,2017,34.460141446206,FALSE,"2016-2018"
"341","FR4404288285",23.5333333333333,76,2017,34.460141446206,TRUE,"2016-2018"
"342","FR4404288286",32.589501312336,1657,2017,34.460141446206,FALSE,"2016-2018"
"343","FR4404288287",39.4079416531605,1332,2017,34.460141446206,FALSE,"2016-2018"
"344","FR4404288288",32.1174871418075,1703,2017,34.460141446206,FALSE,"2016-2018"
"345","FR4404288289",39.3934665641814,1427,2017,34.460141446206,FALSE,"2016-2018"
"346","FR4404288290",27.6236220472441,626,2017,34.460141446206,FALSE,"2016-2018"
"347","FR4404288291",30.8498527968597,1156,2017,34.460141446206,FALSE,"2016-2018"
"348","FR4404288294",32.0099051633298,1123,2017,34.460141446206,FALSE,"2016-2018"
"349","FR4404288298",36.1379837983798,1368,2017,34.460141446206,FALSE,"2016-2018"
"350","FR4404288300",22.7147619047619,412,2017,34.460141446206,FALSE,"2016-2018"
"351","FR4404288302",36.7017441860465,1876,2017,34.460141446206,FALSE,"2016-2018"
"352","FR4404288303",32.5235831809872,582,2017,34.460141446206,FALSE,"2016-2018"
"353","FR4404288304",18.6744,122,2017,34.460141446206,TRUE,"2016-2018"
"354","FR4404288305",38.035652173913,1722,2017,34.460141446206,FALSE,"2016-2018"
"355","FR4404288306",37.6020646937371,1791,2017,34.460141446206,FALSE,"2016-2018"
"356","FR4404288308",30.1365853658537,282,2017,34.460141446206,TRUE,"2016-2018"
"357","FR4404288310",42.1623232323232,1141,2017,34.460141446206,FALSE,"2016-2018"
"358","FR4404288311",38.899588053553,1206,2017,34.460141446206,FALSE,"2016-2018"
"359","FR4404288312",27.495652173913,158,2017,34.460141446206,TRUE,"2016-2018"
"360","FR4404288314",38.3425294888598,1727,2017,34.460141446206,FALSE,"2016-2018"
"361","FR4404288315",27.7314371257485,397,2017,34.460141446206,FALSE,"2016-2018"
"362","FR4404288316",32.6752616555661,1206,2017,34.460141446206,FALSE,"2016-2018"
"363","FR4404288317",37.6515698062792,1684,2017,34.460141446206,FALSE,"2016-2018"
"364","FR4404288318",39.3288870703764,1400,2017,34.460141446206,FALSE,"2016-2018"
"365","FR4404288319",30.0529585798817,332,2017,34.460141446206,FALSE,"2016-2018"
"366","FR4404288320",29.2706432748538,1129,2017,34.460141446206,FALSE,"2016-2018"
"367","FR4404288321",35.6952380952381,247,2017,34.460141446206,TRUE,"2016-2018"
"368","FR4404288322",30.3457219251337,415,2017,34.460141446206,FALSE,"2016-2018"
"369","FR4404288323",23.995166163142,401,2017,34.460141446206,FALSE,"2016-2018"
"370","FR4404288324",31.6831967213115,766,2018,34.460141446206,FALSE,"2016-2018"
"371","FR4404288327",27.2390891840607,852,2018,34.460141446206,FALSE,"2016-2018"
"372","FR4404288328",31.3828614008942,725,2018,34.460141446206,FALSE,"2016-2018"
"373","FR4404288329",28.3496613995485,586,2018,34.460141446206,FALSE,"2016-2018"
"374","FR4404288331",17.7992727272727,271,2018,34.460141446206,TRUE,"2016-2018"
"375","FR4404288332",23.9987301587302,694,2018,34.460141446206,FALSE,"2016-2018"
"376","FR4404288339",39.8906091370558,1276,2018,34.460141446206,FALSE,"2016-2018"
"377","FR4404288340",18.1392156862745,100,2018,34.460141446206,TRUE,"2016-2018"
"378","FR4404288341",33.5234006734007,1520,2018,34.460141446206,FALSE,"2016-2018"
"379","FR4404288343",30.7428571428571,1059,2018,34.460141446206,FALSE,"2016-2018"
"380","FR4404288344",33.193221574344,1545,2018,34.460141446206,FALSE,"2016-2018"
"381","FR4404288346",42.7772925764192,1008,2018,34.460141446206,FALSE,"2016-2018"
"382","FR4404288348",35.1090627420604,1514,2018,34.460141446206,FALSE,"2016-2018"
"383","FR4404288349",38.3382445141066,1435,2018,34.460141446206,FALSE,"2016-2018"
"384","FR4404288350",31.4125373134328,330,2018,34.460141446206,FALSE,"2016-2018"
"385","FR4404288351",37.0362760834671,1472,2018,34.460141446206,FALSE,"2016-2018"
"386","FR4404288352",34.0905961376994,1442,2018,34.460141446206,FALSE,"2016-2018"
"387","FR4404288353",24.1193277310924,669,2018,34.460141446206,FALSE,"2016-2018"
"388","FR4404288354",33.4383263598326,1434,2018,34.460141446206,FALSE,"2016-2018"
"389","FR4404288355",28.8217582417582,509,2018,34.460141446206,FALSE,"2016-2018"
"390","FR4404288357",35.6069574247144,1068,2018,34.460141446206,FALSE,"2016-2018"
"391","FR4404288358",36.1893382352941,1223,2018,34.460141446206,FALSE,"2016-2018"
"392","FR4404288360",32.685326547922,1375,2018,34.460141446206,FALSE,"2016-2018"
"393","FR4404288362",42.2429648241206,1339,2018,34.460141446206,FALSE,"2016-2018"
"394","FR4404288363",32.8434127979925,853,2018,34.460141446206,FALSE,"2016-2018"
"395","FR4404288376",39.8762757385855,1204,2018,34.460141446206,FALSE,"2016-2018"
"396","FR4404288378",32.7702127659574,387,2019,34.460141446206,FALSE,"post-2019"
"397","FR4404288379",32.6648493543759,874,2019,34.460141446206,FALSE,"post-2019"
"398","FR4404288384",31.3967418546366,394,2019,34.460141446206,FALSE,"post-2019"
"399","FR4404288388",36.8599675850891,666,2019,34.460141446206,FALSE,"post-2019"
"400","FR4404288389",32.1276741903827,1158,2019,34.460141446206,FALSE,"post-2019"
"401","FR4404288390",30.8066755674232,871,2019,34.460141446206,FALSE,"post-2019"
"402","FR4404288391",32.0170572916667,872,2019,34.460141446206,FALSE,"post-2019"
"403","FR4404288392",33.4402038505096,1224,2019,34.460141446206,FALSE,"post-2019"
"404","FR4404288393",33.6095041322314,1256,2019,34.460141446206,FALSE,"post-2019"
"405","FR4404288395",38.9005789909016,1285,2019,34.460141446206,FALSE,"post-2019"
"406","FR4404288396",33.1215288611545,789,2019,34.460141446206,FALSE,"post-2019"
"407","FR4404288398",36.7893617021277,232,2019,34.460141446206,TRUE,"post-2019"
"408","FR4404288399",24.1955555555556,133,2019,34.460141446206,TRUE,"post-2019"
"409","FR4404288400",36.5606232294618,1186,2019,34.460141446206,FALSE,"post-2019"
"410","FR4404288401",36.5407051282051,1194,2019,34.460141446206,FALSE,"post-2019"
"411","FR4404288402",29.6955688622755,1181,2019,34.460141446206,FALSE,"post-2019"
"412","FR4404288403",24.7869863013699,483,2019,34.460141446206,FALSE,"post-2019"
"413","FR4404288404",33.0383806519453,1115,2019,34.460141446206,FALSE,"post-2019"
"414","FR4404288406",36.601185770751,1109,2019,34.460141446206,FALSE,"post-2019"
"415","FR4404288407",38.9747252747253,1104,2019,34.460141446206,FALSE,"post-2019"
"416","FR4404288408",41.6433184855234,1069,2019,34.460141446206,FALSE,"post-2019"
"417","FR4404288409",40.21259765625,1120,2019,34.460141446206,FALSE,"post-2019"
"418","FR4404288410",37.7210197710718,1105,2019,34.460141446206,FALSE,"post-2019"
"419","FR4404288411",39.6550139275766,859,2019,34.460141446206,FALSE,"post-2019"
"420","FR4404288412",41.310586881473,894,2019,34.460141446206,FALSE,"post-2019"
"421","FR4404288413",39.7717360114778,871,2019,34.460141446206,FALSE,"post-2019"
"422","FR4404288414",45.6622914349277,997,2019,34.460141446206,FALSE,"post-2019"
"423","FR4404288415",39.5857142857143,494,2019,34.460141446206,FALSE,"post-2019"
"424","FR4404288416",38.0963302752294,973,2019,34.460141446206,FALSE,"post-2019"
"425","FR4404288417",36.6927097661623,774,2019,34.460141446206,FALSE,"post-2019"
"426","FR4404288418",31.5169059011164,684,2019,34.460141446206,FALSE,"post-2019"
"427","FR4404288422",32.2711467324291,990,2019,34.460141446206,FALSE,"post-2019"
"428","FR4404288423",38.8827027027027,1020,2019,34.460141446206,FALSE,"post-2019"
"429","FR4404288424",27.3866444073456,749,2019,34.460141446206,FALSE,"post-2019"
"430","FR4404288425",24.9857638888889,284,2019,34.460141446206,TRUE,"post-2019"
"431","FR4404288426",37.3222698072805,523,2019,34.460141446206,FALSE,"post-2019"
"432","FR4404288428",31.8811764705882,674,2019,34.460141446206,FALSE,"post-2019"
"433","FR4404288429",34.057645631068,992,2019,34.460141446206,FALSE,"post-2019"
"434","FR4404288430",34.5336416184971,952,2020,34.460141446206,FALSE,"post-2019"
"435","FR4404288431",36.0688545688546,892,2020,34.460141446206,FALSE,"post-2019"
"436","FR4404288432",34.3806709265176,871,2020,34.460141446206,FALSE,"post-2019"
"437","FR4404288433",34.0548387096774,306,2020,34.460141446206,FALSE,"post-2019"
"438","FR4404288434",34.8048888888889,788,2020,34.460141446206,FALSE,"post-2019"
"439","FR4404288435",34.6464157706093,598,2020,34.460141446206,FALSE,"post-2019"
"440","FR4404288436",34.4529197080292,309,2020,34.460141446206,FALSE,"post-2019"
"441","FR4404288437",37.1978971962617,951,2020,34.460141446206,FALSE,"post-2019"
"442","FR4404288438",26.6336134453782,385,2020,34.460141446206,FALSE,"post-2019"
"443","FR4404288439",30.7618421052632,550,2020,34.460141446206,FALSE,"post-2019"
"444","FR4404288440",27.9924528301887,834,2020,34.460141446206,FALSE,"post-2019"
"445","FR4404288441",37.7422865013774,774,2020,34.460141446206,FALSE,"post-2019"
"446","FR4404288442",33.092676056338,872,2020,34.460141446206,FALSE,"post-2019"
"447","FR4404288443",38.2717721518987,830,2020,34.460141446206,FALSE,"post-2019"
"448","FR4404288445",33.7913580246914,480,2020,34.460141446206,FALSE,"post-2019"
"449","FR4404288448",32.0470052083333,813,2020,34.460141446206,FALSE,"post-2019"
"450","FR4404288450",36.9913769123783,818,2020,34.460141446206,FALSE,"post-2019"
"451","FR4404288451",36.1549222797927,806,2020,34.460141446206,FALSE,"post-2019"
"452","FR4404288454",37.1767361111111,347,2020,34.460141446206,FALSE,"post-2019"
"453","FR4404288455",27.0401913875598,352,2020,34.460141446206,FALSE,"post-2019"
"454","FR4404288456",39.7172169811321,724,2020,34.460141446206,FALSE,"post-2019"
"455","FR4404288458",33.7483128834356,705,2020,34.460141446206,FALSE,"post-2019"
"456","FR4404288459",32.6368902439024,364,2020,34.460141446206,FALSE,"post-2019"
"457","FR4404288460",40.1652173913044,622,2020,34.460141446206,FALSE,"post-2019"
"458","FR4404288461",34.0177272727273,758,2020,34.460141446206,FALSE,"post-2019"
"459","FR4404288462",35.047641509434,208,2020,34.460141446206,TRUE,"post-2019"
"460","FR4404288463",38.1841860465116,211,2020,34.460141446206,TRUE,"post-2019"
"461","FR4404288465",30.1978813559322,232,2020,34.460141446206,TRUE,"post-2019"
"462","FR4404288466",38.9797716150082,711,2020,34.460141446206,FALSE,"post-2019"
"463","FR4404288467",32.0099697885196,386,2020,34.460141446206,FALSE,"post-2019"
"464","FR4404288468",35.3104,675,2020,34.460141446206,FALSE,"post-2019"
"465","FR4404288469",29.6009463722397,357,2020,34.460141446206,FALSE,"post-2019"
"466","FR4404288470",35.0864864864865,686,2020,34.460141446206,FALSE,"post-2019"
"467","FR4404288471",33.5705128205128,307,2020,34.460141446206,FALSE,"post-2019"
"468","FR4404288472",34.0448028673835,275,2020,34.460141446206,TRUE,"post-2019"
"469","FR4404288473",35.9051867219917,591,2020,34.460141446206,FALSE,"post-2019"
"470","FR4404288474",31.9098039215686,538,2020,34.460141446206,FALSE,"post-2019"
"471","FR4404288475",38.6397058823529,653,2020,34.460141446206,FALSE,"post-2019"
"472","FR4404288476",39.9690685413005,611,2020,34.460141446206,FALSE,"post-2019"
"473","FR4404288477",36.1406837606838,633,2020,34.460141446206,FALSE,"post-2019"
"474","FR4404288478",27.9982332155477,625,2020,34.460141446206,FALSE,"post-2019"
"475","FR4404288479",41.4664912280702,630,2020,34.460141446206,FALSE,"post-2019"
"476","FR4404288480",30.305750798722,309,2020,34.460141446206,FALSE,"post-2019"
"477","FR4404288481",31.3014760147601,326,2020,34.460141446206,FALSE,"post-2019"
"478","FR4404288482",34.8838983050847,466,2020,34.460141446206,FALSE,"post-2019"
"479","FR4404288483",39.8461538461538,89,2020,34.460141446206,TRUE,"post-2019"
"480","FR4404288484",38.2694623655914,506,2020,34.460141446206,FALSE,"post-2019"
"481","FR4404288485",37.9288306451613,549,2020,34.460141446206,FALSE,"post-2019"
"482","FR4404288486",32.7427601809955,495,2020,34.460141446206,FALSE,"post-2019"
"483","FR4404288487",32.8062098501071,527,2020,34.460141446206,FALSE,"post-2019"
"484","FR4404288488",43.427868852459,543,2021,34.460141446206,FALSE,"post-2019"
"485","FR4404288490",35.7429193899782,508,2021,34.460141446206,FALSE,"post-2019"
"486","FR4404288491",33.4019108280255,516,2021,34.460141446206,FALSE,"post-2019"
"487","FR4404288492",34.7095454545455,492,2021,34.460141446206,FALSE,"post-2019"
"488","FR4404288493",28.8341463414634,546,2021,34.460141446206,FALSE,"post-2019"
"489","FR4404288494",34.3533980582524,559,2021,34.460141446206,FALSE,"post-2019"
"490","FR4404288495",34.6702083333333,536,2021,34.460141446206,FALSE,"post-2019"
"491","FR4404288496",38.3094688221709,486,2021,34.460141446206,FALSE,"post-2019"
"492","FR4404288497",36.2129098360656,535,2021,34.460141446206,FALSE,"post-2019"
"493","FR4404288498",33.8966469428008,555,2021,34.460141446206,FALSE,"post-2019"
"494","FR4404288499",16.1666666666667,8,2021,34.460141446206,TRUE,"post-2019"
"495","FR4404288500",30.6599128540305,454,2021,34.460141446206,FALSE,"post-2019"
"496","FR4404288502",31.1718816067653,542,2021,34.460141446206,FALSE,"post-2019"
"497","FR4404288503",30.0430079155673,505,2021,34.460141446206,FALSE,"post-2019"
"498","FR4404288504",35.1989154013015,517,2021,34.460141446206,FALSE,"post-2019"
"499","FR4404288505",34.7882222222222,504,2021,34.460141446206,FALSE,"post-2019"
"500","FR4404288506",32.3165413533835,262,2021,34.460141446206,TRUE,"post-2019"
"501","FR4404288507",30.7283783783784,72,2021,34.460141446206,TRUE,"post-2019"
"502","FR4404288509",14.45,13,2021,34.460141446206,TRUE,"post-2019"
"503","FR4404288511",42.0883522727273,402,2021,34.460141446206,FALSE,"post-2019"
"504","FR4404288512",32.2794943820225,351,2021,34.460141446206,FALSE,"post-2019"
"505","FR4404288513",7.2,1,2021,34.460141446206,TRUE,"post-2019"
"506","FR4404288514",31.4745098039216,50,2021,34.460141446206,TRUE,"post-2019"
"507","FR4404288515",33.7826979472141,337,2021,34.460141446206,FALSE,"post-2019"
"508","FR4404288516",31.38,212,2021,34.460141446206,TRUE,"post-2019"
"509","FR4404288517",35.9132132132132,384,2021,34.460141446206,FALSE,"post-2019"
"510","FR4404288518",30.240625,30,2021,34.460141446206,TRUE,"post-2019"
"511","FR4404288519",37.7567567567568,72,2021,34.460141446206,TRUE,"post-2019"
"512","FR4404288521",40.2990825688073,383,2021,34.460141446206,FALSE,"post-2019"
"513","FR4404288522",38.9440816326531,241,2021,34.460141446206,TRUE,"post-2019"
"514","FR4404288523",22.3025,39,2021,34.460141446206,TRUE,"post-2019"
"515","FR4404288524",26.5595744680851,344,2021,34.460141446206,FALSE,"post-2019"
"516","FR4404288525",41.3730769230769,359,2021,34.460141446206,FALSE,"post-2019"
"517","FR4404288526",37.6335211267606,386,2021,34.460141446206,FALSE,"post-2019"
"518","FR4404288527",34.9984615384615,256,2021,34.460141446206,TRUE,"post-2019"
"519","FR4404288528",36.2653979238754,285,2021,34.460141446206,TRUE,"post-2019"
"520","FR4404288529",37.6346007604563,259,2021,34.460141446206,TRUE,"post-2019"
"521","FR4404288530",34.4671428571429,276,2021,34.460141446206,TRUE,"post-2019"
"522","FR4404288531",34.8451612903226,331,2021,34.460141446206,FALSE,"post-2019"
"523","FR4404288532",30.9515873015873,248,2021,34.460141446206,TRUE,"post-2019"
"524","FR4404288533",40.2107936507937,310,2021,34.460141446206,FALSE,"post-2019"
"525","FR4404288534",34.906309148265,312,2021,34.460141446206,FALSE,"post-2019"
"526","FR4404288537",47.4923387096774,244,2021,34.460141446206,TRUE,"post-2019"
"527","FR4404288538",40.9256140350877,281,2021,34.460141446206,TRUE,"post-2019"
"528","FR4404288539",38.070652173913,181,2021,34.460141446206,TRUE,"post-2019"
"529","FR4404288540",36.2448863636364,173,2021,34.460141446206,TRUE,"post-2019"
"530","FR4404288541",16.040625,94,2021,34.460141446206,TRUE,"post-2019"
"531","FR4404288542",33.9,171,2021,34.460141446206,TRUE,"post-2019"
"532","FR4404288543",33.9035971223022,274,2021,34.460141446206,TRUE,"post-2019"
"533","FR4404288544",28.612987012987,227,2021,34.460141446206,TRUE,"post-2019"
"534","FR4404288545",41.5756906077348,178,2022,34.460141446206,TRUE,"post-2019"
"535","FR4404288546",34.2645833333333,236,2022,34.460141446206,TRUE,"post-2019"
"536","FR4404288548",26.0714285714286,6,2022,34.460141446206,TRUE,"post-2019"
"537","FR4404288549",32.8863095238095,165,2022,34.460141446206,TRUE,"post-2019"
"538","FR4404288550",40.9,90,2022,34.460141446206,TRUE,"post-2019"
"539","FR4404288552",36.55,90,2022,34.460141446206,TRUE,"post-2019"
"540","FR4404288553",41.9,90,2022,34.460141446206,TRUE,"post-2019"
"541","FR4404288554",36.4,90,2022,34.460141446206,TRUE,"post-2019"
"542","FR4404288555",36.6,90,2022,34.460141446206,TRUE,"post-2019"
"543","FR4404288556",47.9,0,2022,34.460141446206,TRUE,"post-2019"
"544","FR4404288557",26.6808510638298,185,2022,34.460141446206,TRUE,"post-2019"
"545","FR4404288558",29,0,2022,34.460141446206,TRUE,"post-2019"
"546","FR4404288559",35.3602649006623,148,2022,34.460141446206,TRUE,"post-2019"
"547","FR4404288560",35.05,90,2022,34.460141446206,TRUE,"post-2019"
"548","FR4404288561",49.8,0,2022,34.460141446206,TRUE,"post-2019"
"549","FR4404288562",40.7,0,2022,34.460141446206,TRUE,"post-2019"
"550","FR4404288564",25.75,90,2022,34.460141446206,TRUE,"post-2019"
"551","FR4404288565",35.5,0,2022,34.460141446206,TRUE,"post-2019"
"552","FR4404288566",42.3,0,2022,34.460141446206,TRUE,"post-2019"
"553","FR4404288567",34.2,0,2022,34.460141446206,TRUE,"post-2019"
"554","FR4404288568",4.1,0,2022,34.460141446206,TRUE,"post-2019"
"555","FR4404288569",34.9,0,2022,34.460141446206,TRUE,"post-2019"
"556","FR4404288570",40.7,0,2022,34.460141446206,TRUE,"post-2019"
"557","FR4404288571",35.9,0,2022,34.460141446206,TRUE,"post-2019"
"558","FR4404288572",21.575,11,2022,34.460141446206,TRUE,"post-2019"
"559","FR4404288578",16.1666666666667,8,2022,34.460141446206,TRUE,"post-2019"
"560","FR4404288580",20.4933333333333,14,2022,34.460141446206,TRUE,"post-2019"
"561","FR4404658920",36.0539674198634,2242,2013,34.460141446206,FALSE,"pre-2016"
"562","FR4404658938",28.2487922705314,941,2013,34.460141446206,FALSE,"pre-2016"
"563","FR4404658982",31.5403648802737,2219,2014,34.460141446206,FALSE,"pre-2016"
"564","FR4404659023",34.5830530973451,2472,2014,34.460141446206,FALSE,"pre-2016"
"565","FR4404659034",36.2067704807041,1736,2014,34.460141446206,FALSE,"pre-2016"
"566","FR4404659330",29.3,41,2019,34.460141446206,TRUE,"post-2019"
"567","FR4404659342",25.1,41,2019,34.460141446206,TRUE,"post-2019"
"568","FR4404659350",22.95,41,2019,34.460141446206,TRUE,"post-2019"
"569","FR4435990603",28.7181818181818,733,2015,34.460141446206,FALSE,"pre-2016"
"570","FR4435990662",25.1727272727273,733,2015,34.460141446206,FALSE,"pre-2016"
"571","FR4435990663",28.6909090909091,733,2015,34.460141446206,FALSE,"pre-2016"
"572","FR4435990676",28.8909090909091,665,2016,34.460141446206,FALSE,"2016-2018"
"573","FR4435990684",26.3909090909091,665,2016,34.460141446206,FALSE,"2016-2018"
"574","FR4435990692",30.2818181818182,733,2016,34.460141446206,FALSE,"2016-2018"
"575","FR4435990694",17.7777777777778,483,2016,34.460141446206,FALSE,"2016-2018"
"576","FR4454691592",36.1914087176248,1800,2012,34.460141446206,FALSE,"pre-2016"
"577","FR4454691593",40.1141927083333,866,2012,34.460141446206,FALSE,"pre-2016"
"578","FR4465616752",17.86,600,2012,34.460141446206,FALSE,"pre-2016"
"579","FR4474143068",31.35,41,2019,34.460141446206,TRUE,"post-2019"
"580","FR4906156898",21.14,733,2012,34.460141446206,FALSE,"pre-2016"
"581","FR4906157222",25.7272727272727,733,2016,34.460141446206,FALSE,"2016-2018"
"582","FR4906157248",20.3333333333333,123,2017,34.460141446206,TRUE,"2016-2018"
"583","FR4906157266",31.05,600,2017,34.460141446206,FALSE,"2016-2018"
"584","FR4912264927",24.8625,563,2012,34.460141446206,FALSE,"pre-2016"
"585","FR4923746451",24.5083333333333,733,2016,34.460141446206,FALSE,"2016-2018"
"586","FR4923746505",22.6363636363636,665,2017,34.460141446206,FALSE,"2016-2018"
"587","FR4923746511",30.6363636363636,733,2017,34.460141446206,FALSE,"2016-2018"
"588","FR4935590346",31.5969202898551,863,2012,34.460141446206,FALSE,"pre-2016"
"589","FR4939387183",23.8111111111111,610,2016,34.460141446206,FALSE,"2016-2018"
"590","FR4939387226",28,733,2016,34.460141446206,FALSE,"2016-2018"
"591","FR4939387236",28.9090909090909,733,2016,34.460141446206,FALSE,"2016-2018"
"592","FR4939432663",26.7636363636364,733,2016,34.460141446206,FALSE,"2016-2018"
"593","FR4939549636",22.7888888888889,483,2014,34.460141446206,FALSE,"pre-2016"
"594","FR4944441101",19.21,537,2016,34.460141446206,FALSE,"2016-2018"
"595","FR4944441107",27.8454545454545,665,2016,34.460141446206,FALSE,"2016-2018"
"596","FR4944441117",18.82,600,2016,34.460141446206,FALSE,"2016-2018"
"597","FR4944441121",24.94,600,2016,34.460141446206,FALSE,"2016-2018"
"598","FR4944441128",10.3333333333333,123,2016,34.460141446206,TRUE,"2016-2018"
"599","FR4944441129",26.1333333333333,543,2016,34.460141446206,FALSE,"2016-2018"
"600","FR4944526073",34.5909090909091,1835,2015,34.460141446206,FALSE,"pre-2016"
"601","FR4944526074",29.8432858214554,1526,2015,34.460141446206,FALSE,"pre-2016"
"602","FR4945368325",24.6343794579173,863,2012,34.460141446206,FALSE,"pre-2016"
"603","FR4947438444",24.0952631578947,674,2011,34.460141446206,FALSE,"pre-2016"
"604","FR4947438454",14.6384615384615,25,2011,34.460141446206,TRUE,"pre-2016"
"605","FR4950954269",31.2920152091255,887,2011,34.460141446206,FALSE,"pre-2016"
"606","FR4950954270",23.3046728971963,106,2011,34.460141446206,TRUE,"pre-2016"
"607","FR4954409802",35.2081052631579,1018,2016,34.460141446206,FALSE,"2016-2018"
"608","FR4954409839",38.0500854700855,660,2017,34.460141446206,FALSE,"2016-2018"
"609","FR4954409903",33.2060606060606,476,2017,34.460141446206,FALSE,"2016-2018"
"610","FR4954409905",33.2828571428571,59,2018,34.460141446206,TRUE,"2016-2018"
"611","FR4954409906",39.2771561771562,1514,2018,34.460141446206,FALSE,"2016-2018"
"612","FR4954409920",38.4206487341772,1494,2018,34.460141446206,FALSE,"2016-2018"
"613","FR4954409921",41.2870868562644,1618,2018,34.460141446206,FALSE,"2016-2018"
"614","FR4954615254",24.1714285714286,365,2016,34.460141446206,FALSE,"2016-2018"
"615","FR4954667338",32.1118811881188,562,2012,34.460141446206,FALSE,"pre-2016"
"616","FR4954776463",40.2666666666667,111,2017,34.460141446206,TRUE,"2016-2018"
"617","FR4954776477",36.3,111,2018,34.460141446206,TRUE,"2016-2018"
"618","FR4954776555",26.5,111,2019,34.460141446206,TRUE,"post-2019"
"619","FR4954776577",20.5,111,2019,34.460141446206,TRUE,"post-2019"
"620","FR4954776581",25.5,111,2019,34.460141446206,TRUE,"post-2019"
"621","FR4956691421",21.324024024024,388,2011,34.460141446206,FALSE,"pre-2016"
"622","FR4958829414",34.6,314,2018,34.460141446206,FALSE,"2016-2018"
"623","FR4958880362",29.6733801717408,1387,2012,34.460141446206,FALSE,"pre-2016"
"624","FR4958880363",27.5705463182898,1000,2012,34.460141446206,FALSE,"pre-2016"
"625","FR4958880507",29.1582831325301,1485,2015,34.460141446206,FALSE,"pre-2016"
"626","FR4958880509",21.9969512195122,479,2015,34.460141446206,FALSE,"pre-2016"
"627","FR4963097404",34.4625486922649,2138,2010,34.460141446206,FALSE,"pre-2016"
"628","FR4963720288",34.0333333333333,368,2018,34.460141446206,FALSE,"2016-2018"
"629","FR4964030484",27.9375,489,2018,34.460141446206,FALSE,"2016-2018"
"630","FR4964030485",24.88,246,2018,34.460141446206,TRUE,"2016-2018"
"631","FR4964180046",12.4,0,2014,34.460141446206,TRUE,"pre-2016"
"632","FR4964180227",32.85,190,2018,34.460141446206,TRUE,"2016-2018"
"633","FR4964180265",31.5857142857143,368,2018,34.460141446206,FALSE,"2016-2018"
"634","FR4965313142",14.3666666666667,123,2012,34.460141446206,TRUE,"pre-2016"
"635","FR4968695856",30.9630021141649,528,2013,34.460141446206,FALSE,"pre-2016"
"636","FR4968695919",23.8818181818182,665,2016,34.460141446206,FALSE,"2016-2018"
"637","FR4968695952",10.2,0,2017,34.460141446206,TRUE,"2016-2018"
"638","FR4968915660",30.6272727272727,733,2016,34.460141446206,FALSE,"2016-2018"
"639","FR4968915664",25.96,305,2016,34.460141446206,FALSE,"2016-2018"
"640","FR5345849921",16.8777777777778,537,2015,34.460141446206,FALSE,"pre-2016"
"641","FR5345849942",21.6272727272727,733,2016,34.460141446206,FALSE,"2016-2018"
"642","FR5346756957",12.9666666666667,123,2014,34.460141446206,TRUE,"pre-2016"
"643","FR5346756962",19.37,733,2014,34.460141446206,FALSE,"pre-2016"
"644","FR5371202098",19.25,48,2012,34.460141446206,TRUE,"pre-2016"
"645","FR5639763075",14.1666666666667,123,2013,34.460141446206,TRUE,"pre-2016"
"646","FR5698151341",32.2555555555556,543,2013,34.460141446206,FALSE,"pre-2016"
