AniLifeNumber,avg_early_lactation_yield,avg_mid_lactation_yield,avg_delta_early_mid_yield,avg_daily_yield,avg_total_milk,avg_insem,avg_failed_insem,avg_failed_pregnancies,avg_calving_to_insem,number_lactations,avg_lactation_duration,avg_dry_interval,n_intervals,age_at_first_calving,latest_lactation_date,AniBirthday,AniGenId.x,birth_year,category.x,entry_code,entry_date,exit_code,exit_date,month,year,AniActive,AniGenId.y,age_at_exit,endmilk_to_exit_days,total_insem,total_successes,insem_success_ratio,age_at_first_insem,InsDate,age_first_successful_insem,n_health_problems,recovery_duration,date_last_diagnosis,last_diagnosis,national_number,weight,selling_price,classification,category.y,slaughter_date,cohort,farm
FR1442982480,1059.902897,2798.15531125,1738.2524142500001,43.31649925,16970.169902499998,3.25,2.25,1.5,94.5,4,406.25,69.66666666666667,3,27,2020-07-10,2014-02-09,2,2014,VA,A,2015-11-04,B,2021-12-27,5,2016,TRUE,2,94,218,13,4,0.3076923076923077,18,2016-08-17,18,0,0,NA,NA,FR1442982480,341.8,NA,P-3,D,2021-12-27,2013-2016,farm5
FR4401541485,877.9287893333333,1512.912599,634.9838096666667,32.476546666666664,6222.265371666666,NA,NA,0.3333333333333333,NA,3,200.33333333333334,71.5,2,36,2022-09-06,2017-09-12,NA,2017,NA,NA,NA,NA,NA,NA,NA,NA,NA,NA,NA,0,0,NA,NA,NA,NA,0,0,NA,NA,NA,NA,NA,NA,NA,NA,2016-2019,farm5
FR4401571216,369.223293,0,-369.223293,23.76875,369.2233,NA,NA,0,NA,10,16,NA,0,131,2014-10-06,2003-10-10,NA,2003,NA,NA,NA,NA,NA,NA,NA,NA,NA,NA,NA,0,0,NA,98,2012-12-21,NA,0,0,NA,NA,FR4401571216,324,NA,P-3,D,2015-03-23,pre-2013,farm5
FR4401571239,1097.475716,2579.417444,1481.941728,39.141988,6878.3495140000005,NA,NA,0,NA,8,181,NA,0,116,2014-08-06,2004-11-19,NA,2004,NA,NA,NA,NA,NA,NA,NA,NA,NA,NA,NA,0,0,NA,82,2012-10-15,NA,0,0,NA,NA,FR4401571239,288,NA,P-2,D,2015-02-04,pre-2013,farm5
FR4401571247,1047.087363,3023.980552,1976.893189,40.548753,14211.747572,3,2,0,64,7,361,NA,0,108,2014-08-31,2005-08-18,NA,2005,NA,NA,NA,NA,NA,NA,NA,NA,NA,NA,NA,3,1,0.3333333333333333,70,2012-07-14,NA,0,0,NA,NA,FR4401571247,379.1,NA,P-3,D,2015-08-28,pre-2013,farm5
FR4401571263,926.116489,2100.388318,1174.271829,33.717968,4190.194174,NA,NA,0,NA,7,128,NA,0,106,2014-10-12,2005-12-05,NA,2005,NA,NA,NA,NA,NA,NA,NA,NA,NA,NA,NA,0,0,NA,72,2012-12-10,NA,0,0,NA,NA,FR4401571263,272.5,NA,P-1,D,2015-02-18,pre-2013,farm5
FR4401571276,1465.242701,3427.378612,1962.135911,46.382291,8646.019417,NA,NA,0,NA,6,192,NA,0,91,2014-04-11,2006-09-05,NA,2006,NA,NA,NA,NA,NA,NA,NA,NA,NA,NA,NA,0,0,NA,53,2012-02-06,NA,0,0,NA,NA,NA,NA,NA,NA,NA,NA,pre-2013,farm5
FR4401571277,1059.93526,2804.4012636666666,1744.4660036666667,39.846781,13967.249190333332,1.5,0.5,0.3333333333333333,145.5,7,351,74.5,2,87,2016-08-23,2006-09-17,2,2006,VL,N,2006-09-17,B,2017-04-25,1,2015,FALSE,2,127,0,3,2,0.6666666666666666,62,2012-11-17,80,0,0,NA,NA,FR4401571277,312.8,NA,P-3,D,2017-04-26,pre-2013,farm5
FR4401571288,5.53398,0,-5.53398,5.7,5.53398,NA,NA,0,NA,6,1,NA,0,92,2014-11-06,2007-02-21,NA,2007,NA,NA,NA,NA,NA,NA,NA,NA,NA,NA,NA,0,0,NA,56,2012-11-19,NA,0,0,NA,NA,NA,NA,NA,NA,NA,NA,pre-2013,farm5
FR4401571289,1089.223286,2376.796085,1287.572799,35.074444,12259.029126,NA,NA,0,NA,5,360,NA,0,89,2014-08-02,2007-03-01,NA,2007,NA,NA,NA,NA,NA,NA,NA,NA,NA,NA,NA,0,0,NA,48,2012-03-01,NA,0,0,NA,NA,FR4401571289,306.2,NA,P-3,D,2015-07-30,pre-2013,farm5
FR4401571293,1324.368918,3355.922297,2031.553379,48.935684,11450,1,0,0,107,4,241,NA,0,74,2013-12-11,2007-09-22,NA,2007,NA,NA,NA,NA,NA,NA,NA,NA,NA,NA,NA,1,1,1,39,2012-01-10,NA,0,0,NA,NA,NA,NA,NA,NA,NA,NA,pre-2013,farm5
FR4401572002,1182.42717,2527.572789,1345.145619,39.46307,9233.592233,NA,NA,0,NA,5,241,NA,0,77,2014-06-21,2008-01-07,NA,2008,NA,NA,NA,NA,NA,NA,NA,NA,NA,NA,NA,0,0,NA,42,2012-07-19,NA,0,0,NA,NA,FR4401572002,278.5,NA,P-2,D,2015-02-18,pre-2013,farm5
FR4401572020,1124.466004,958.543682,-165.922322,45.648936,2083.009708,NA,NA,0,NA,4,47,NA,0,63,2013-12-08,2008-09-01,NA,2008,NA,NA,NA,NA,NA,NA,NA,NA,NA,NA,NA,0,0,NA,30,2012-03-14,NA,0,0,NA,NA,NA,NA,NA,NA,NA,NA,pre-2013,farm5
FR4401572023,1136.278303,2867.8964123333335,1731.6181093333335,38.380535333333334,15357.572814666666,3.6666666666666665,2.6666666666666665,2,100,6,411.6666666666667,54.5,2,66,2016-12-20,2008-10-13,2,2008,VL,N,2008-10-13,B,2018-01-16,1,2015,FALSE,2,111,0,11,3,0.2727272727272727,30,2012-04-28,62,0,0,NA,NA,FR4401572023,310.1,NA,P-3,D,2018-01-17,pre-2013,farm5
FR4401572035,1293.106782,2913.883466,1620.776684,40.736712,14435.825242,1,0,0,121,4,365,NA,0,65,2014-09-30,2009-04-22,NA,2009,NA,NA,NA,NA,NA,NA,NA,NA,NA,NA,NA,1,1,1,31,2012-11-30,NA,0,0,NA,NA,FR4401572035,305.6,NA,P-3,D,2015-10-01,pre-2013,farm5
FR4401572036,254.07766,311.165039,57.087379,16.634285,565.242718,NA,NA,0,NA,3,35,NA,0,54,2013-12-03,2009-05-16,NA,2009,NA,NA,NA,NA,NA,NA,NA,NA,NA,NA,NA,0,0,NA,32,2013-02-12,32,0,0,NA,NA,NA,NA,NA,NA,NA,NA,pre-2013,farm5
FR4401572038,1207.410987,2759.2879983333332,1551.8770113333333,35.127581666666664,15219.093850666666,3,2,0.3333333333333333,92,7,443,67.5,2,63,2017-08-04,2009-06-02,2,2009,VL,N,2009-06-02,B,2018-09-11,1,2015,FALSE,2,111,0,6,2,0.3333333333333333,28,2012-10-15,53,0,0,NA,NA,FR4401572038,299.1,NA,P-2,D,2018-09-12,pre-2013,farm5
FR4401572039,1291.456294,2781.941717,1490.485423,40.619487,15380.194174,2,1,0,66,4,390,NA,0,62,2014-09-05,2009-07-04,NA,2009,NA,NA,NA,NA,NA,NA,NA,NA,NA,NA,NA,2,1,0.5,30,2013-01-21,NA,0,0,NA,NA,FR4401572039,307.9,NA,P-3,D,2015-10-01,pre-2013,farm5
FR4401572045,1299.158562,2981.7151773333335,1682.5566153333334,38.029190666666665,13028.349514,1.3333333333333333,0.33333333333333337,0,108,6,350.6666666666667,121,2,63,2017-09-09,2009-09-25,2,2009,VL,N,2009-09-25,B,2018-07-24,1,2015,FALSE,2,105,0,4,3,0.75,28,2013-02-04,56,0,0,NA,NA,FR4401572045,301.3,NA,P-3,D,2018-07-25,pre-2013,farm5
FR4401572046,759.223289,0,-759.223289,41.157894,759.2233,NA,NA,0,NA,3,19,NA,0,52,2014-02-15,2009-10-14,NA,2009,NA,NA,NA,NA,NA,NA,NA,NA,NA,NA,NA,0,0,NA,18,2012-04-19,NA,0,0,NA,NA,NA,NA,NA,NA,NA,NA,pre-2013,farm5
FR4401572053,1132.135907,2715.922301,1583.786394,37.911675,7251.067961,1,0,0,137,3,197,NA,0,59,2015-01-11,2010-02-08,NA,2010,NA,NA,NA,NA,NA,NA,NA,NA,NA,NA,NA,1,1,1,16,2012-06-18,NA,0,0,NA,NA,FR4401572053,365.2,NA,P-3,D,2016-01-28,pre-2013,farm5
FR4401572054,770.58251,2566.504823,1795.922313,36.815441,4861.067961,1,0,0,83,3,136,NA,0,51,2014-06-22,2010-02-25,NA,2010,NA,NA,NA,NA,NA,NA,NA,NA,NA,NA,NA,1,1,1,15,2012-06-18,NA,0,0,NA,NA,FR4401572054,339.1,NA,P-3,D,2015-03-23,pre-2013,farm5
FR4401572055,910.6553245,2387.2087065,1476.553382,35.543952000000004,11582.6941745,1.3333333333333333,0.33333333333333337,0,96,6,334.5,106,3,55,2018-06-21,2010-03-10,2,2010,VL,N,2010-03-10,B,2019-05-07,1,2015,FALSE,2,109,0,4,3,0.75,16,2012-08-07,48,0,0,NA,NA,FR4401572055,289.9,NA,P-3,D,2019-05-09,pre-2013,farm5
FR4401572056,1120.97086,3015.436865,1894.466005,41.796143,14730.097087,2,1,0,77,3,363,NA,0,50,2014-06-26,2010-03-25,NA,2010,NA,NA,NA,NA,NA,NA,NA,NA,NA,NA,NA,2,1,0.5,16,2012-07-28,NA,0,0,NA,NA,FR4401572056,379.8,NA,P-3,D,2015-11-05,pre-2013,farm5
FR4401572059,1039.1261985,2295.5824935,1256.456295,33.1782945,7958.495145000001,1,0,0,150,4,248.5,151,1,50,2015-11-03,2010-06-04,NA,2010,NA,NA,NA,NA,NA,NA,NA,NA,NA,NA,NA,1,1,1,15,2012-09-12,NA,0,0,NA,NA,FR4401572059,325.8,NA,P-3,D,2016-12-21,pre-2013,farm5
FR4401572060,1278.737849,1750.7766785,472.0388295,43.466307,5920.2912615,1,0,0,97,4,140,143,1,49,2015-08-20,2010-07-08,NA,2010,NA,NA,NA,NA,NA,NA,NA,NA,NA,NA,NA,1,1,1,14,2012-09-24,NA,0,0,NA,NA,NA,NA,NA,NA,NA,NA,pre-2013,farm5
FR4401572062,1270.87377,2394.174727,1123.300957,36.376963,6745.631067,1,0,0,109,3,191,NA,0,48,2014-08-10,2010-07-16,NA,2010,NA,NA,NA,NA,NA,NA,NA,NA,NA,NA,NA,1,1,1,15,2012-11-15,NA,0,0,NA,NA,FR4401572062,325.4,NA,P-3,D,2015-02-18,pre-2013,farm5
FR4401572063,1179.563093,2987.3786075,1807.8155145,40.1653695,13196.213592,2.5,1.5,0,83.5,3,339,190,1,40,2015-06-03,2010-07-23,NA,2010,NA,NA,NA,NA,NA,NA,NA,NA,NA,NA,NA,5,2,0.4,18,2013-01-26,NA,0,0,NA,NA,FR4401572063,320.7,NA,P-3,D,2016-04-25,pre-2013,farm5
FR4401572064,766.0517696666667,1778.187683,1012.1359133333334,38.528062500000004,8485.987054333333,2.5,1.5,0.6666666666666666,71,5,227,60,2,49,2016-11-22,2010-08-04,NA,2010,NA,NA,NA,NA,NA,NA,NA,NA,NA,NA,NA,5,2,0.4,17,2013-01-08,NA,0,0,NA,NA,NA,NA,NA,NA,NA,NA,pre-2013,farm5
FR4401572065,457.475716,0,-457.475716,21.418181,457.475728,NA,NA,0,NA,2,22,NA,0,38,2013-11-19,2010-08-22,NA,2010,NA,NA,NA,NA,NA,NA,NA,NA,NA,NA,NA,0,0,NA,17,2013-02-12,17,0,0,NA,NA,NA,NA,NA,NA,NA,NA,pre-2013,farm5
FR4401572066,936.893189,2980.970847,2044.077658,41.325049,20341.553398,5,4,1,128,2,507,NA,0,43,2014-04-07,2010-08-24,NA,2010,NA,NA,NA,NA,NA,NA,NA,NA,NA,NA,NA,5,1,0.2,1,2011-09-26,NA,0,0,NA,NA,FR4401572066,309.3,NA,P-3,D,2015-08-28,pre-2013,farm5
FR4401572068,812.5242575,2029.0776415,1216.5533839999998,32.0336245,5523.058252,1.5,0.5,0.5,90,3,178.5,214,1,39,2015-01-31,2010-09-15,NA,2010,NA,NA,NA,NA,NA,NA,NA,NA,NA,NA,NA,3,2,0.6666666666666666,6,2012-03-24,NA,0,0,NA,NA,NA,NA,NA,NA,NA,NA,pre-2013,farm5
FR4401572069,918.058239,2677.281519,1759.22328,37.803886,10386.893203,NA,NA,0,NA,3,283,NA,0,51,2015-01-24,2010-10-03,NA,2010,NA,NA,NA,NA,NA,NA,NA,NA,NA,NA,NA,0,0,NA,6,2012-04-11,NA,0,0,NA,NA,FR4401572069,323.9,NA,P-3,D,2015-11-05,pre-2013,farm5
FR4401572070,1070.0728005,2516.28637625,1446.21357575,36.370944,10683.47087325,1,0,0,65.25,5,303,50.666666666666664,3,37,2016-11-02,2010-10-20,2,2010,VL,N,2010-10-20,B,2017-09-12,1,2015,FALSE,2,82,0,4,4,1,3,2012-02-16,27,0,0,NA,NA,FR4401572070,371.4,NA,P-3,D,2017-09-13,pre-2013,farm5
FR4401572072,680.809051,1887.0226353333335,1206.2135843333333,28.643082,8562.783171,1,0,0,72,4,209,39,2,36,2015-12-15,2010-12-31,NA,2010,NA,NA,NA,NA,NA,NA,NA,NA,NA,NA,NA,2,2,1,3,2012-04-18,NA,0,0,NA,NA,FR4401572072,351.8,NA,P-3,D,2016-01-28,pre-2013,farm5
FR4401572073,1176.601926,2591.893175,1415.2912489999999,35.983084000000005,12479.902912000001,4.5,3.5,2.5,97.5,3,362,78,1,44,2016-01-12,2010-12-28,NA,2010,NA,NA,NA,NA,NA,NA,NA,NA,NA,NA,NA,9,2,0.2222222222222222,4,2012-05-01,NA,0,0,NA,NA,FR4401572073,316,NA,P-3,D,2016-11-23,pre-2013,farm5
FR4401572077,1037.0388185000002,2628.3980279999996,1591.3592095,39.563216499999996,8906.310679,1,0,0,90.5,3,231.5,112,1,36,2015-02-20,2011-02-17,NA,2011,NA,NA,NA,NA,NA,NA,NA,NA,NA,NA,NA,2,2,1,3,2012-06-16,NA,0,0,NA,NA,FR4401572077,338.9,NA,P-3,D,2015-10-01,pre-2013,farm5
FR4401572079,1269.7087225,2953.6892915,1683.980569,43.211628000000005,15553.4466015,1.5,0.5,0.5,174.5,3,370.5,86,1,38,2015-08-28,2011-03-18,NA,2011,NA,NA,NA,NA,NA,NA,NA,NA,NA,NA,NA,3,2,0.6666666666666666,NA,2014-09-07,NA,0,0,NA,NA,FR4401572079,359.1,NA,P-3,D,2016-09-07,pre-2013,farm5
FR4401572080,1163.7087228,2467.4951172,1303.7863944,33.6773944,10275.902912200001,3.25,2.25,1.6,73.25,6,315.2,94.25,4,38,2018-12-04,2011-04-21,2,2011,VL,N,2011-04-21,B,2019-11-19,1,2015,FALSE,2,102,0,13,4,0.3076923076923077,3,2012-08-01,30,0,0,NA,NA,FR4401572080,312.6,NA,P-2,D,2019-11-20,pre-2013,farm5
FR4401572082,1016.0388204,2523.0485141999998,1507.0096938,34.6650708,11727.5339804,2.75,1.75,1,108.75,6,324.8,109.75,4,37,2019-10-06,2011-05-14,2,2011,VL,N,2011-05-14,B,2020-02-11,1,2015,FALSE,2,104,0,11,4,0.36363636363636365,4,2012-09-28,28,0,0,NA,NA,FR4401572082,303,NA,P-3,D,2020-02-12,pre-2013,farm5
FR4401572083,1145.922313,3018.83492,1872.912607,43.559285,11841.359223,1,0,0,64,2,280,NA,0,34,2014-04-10,2011-05-18,NA,2011,NA,NA,NA,NA,NA,NA,NA,NA,NA,NA,NA,1,1,1,NA,2014-06-12,NA,0,0,NA,NA,NA,NA,NA,NA,NA,NA,pre-2013,farm5
FR4401572086,961.9417325000001,2372.6698745,1410.728142,31.8585805,9541.067961,2,1,0.5,81,3,312,53,1,39,2015-11-20,2011-06-28,2,2011,VL,N,2011-06-28,B,2017-01-31,1,2015,FALSE,2,67,171,2,1,0.5,5,2012-12-15,31,0,0,NA,NA,FR4401572086,345,NA,P-3,D,2017-02-01,pre-2013,farm5
FR4401572087,815.922316,2119.223271,1303.300955,34.864516,11542.524271,7,6,3,83,1,341,NA,0,30,2014-01-18,2011-07-05,NA,2011,NA,NA,NA,NA,NA,NA,NA,NA,NA,NA,NA,7,1,0.14285714285714285,5,2012-12-08,NA,0,0,NA,NA,NA,NA,NA,NA,NA,NA,pre-2013,farm5
FR4401572089,1177.6213426666666,2689.2232713333333,1511.6019286666667,38.75442116666667,14214.466018833333,2.6666666666666665,1.6666666666666665,1.5,89.83333333333333,7,380.3333333333333,66.2,5,34,2020-01-11,2011-07-23,2,2011,VL,NA,NA,B,2021-07-19,1,2015,FALSE,2,119,1,16,6,0.375,24,2014-08-08,24,0,0,NA,NA,FR4401572089,302.6,NA,P-3,D,2021-07-19,pre-2013,farm5
FR4401572090,1146.1488530000001,2463.5922043333335,1317.4433513333333,34.58362966666667,8655.889967333333,2,1,0,104,4,263.6666666666667,133.5,2,37,2017-03-21,2011-08-01,2,2011,VL,N,2011-08-01,B,2018-01-16,1,2015,FALSE,2,77,154,4,2,0.5,4,2012-12-06,28,0,0,NA,NA,FR4401572090,328.3,NA,P-3,D,2018-01-17,pre-2013,farm5
FR4401572091,1261.359209,2767.8640493333332,1506.5048403333333,37.31837766666666,12929.546925,2.6666666666666665,1.6666666666666667,1,96,4,359.3333333333333,43.5,2,36,2016-11-23,2011-08-04,2,2011,VL,N,2011-08-04,B,2017-10-30,1,2015,FALSE,2,74,0,8,3,0.375,3,2012-11-22,28,0,0,NA,NA,FR4401572091,293.6,NA,P-3,D,2017-10-31,pre-2013,farm5
FR4401572092,1018.6407624999999,2751.1164744999996,1732.475712,39.207276500000006,12638.6407765,1,0,0,72,2,332.5,62,1,29,2015-01-15,2011-08-05,NA,2011,NA,NA,NA,NA,NA,NA,NA,NA,NA,NA,NA,2,2,1,3,2012-12-03,NA,0,0,NA,NA,FR4401572092,334.2,NA,P-3,D,2016-01-28,pre-2013,farm5
FR4401572094,1174.110018,2745.5015896666664,1571.3915716666668,38.15324366666667,9653.721682333333,1.3333333333333333,0.33333333333333337,0.3333333333333333,109.33333333333333,4,258.3333333333333,86,2,35,2016-08-27,2011-09-04,2,2011,VL,N,2011-09-04,B,2017-03-21,1,2015,FALSE,2,66,0,4,3,0.75,2,2012-11-22,26,0,0,NA,NA,FR4401572094,315,NA,P-3,D,2017-03-22,pre-2013,farm5
FR4401572095,887.864064,2291.262108,1403.398044,32.234097,10922.038834,3,2,3,221,2,349,NA,0,38,2014-11-28,2011-09-10,NA,2011,NA,NA,NA,NA,NA,NA,NA,NA,NA,NA,NA,3,1,0.3333333333333333,2,2012-11-22,NA,0,0,NA,NA,FR4401572095,344.8,NA,P-3,D,2015-11-12,pre-2013,farm5
FR4401572097,936.504841,2164.951433,1228.446592,37.287598,18390.388349,4,3,2,116,2,508,NA,0,39,2015-02-06,2011-10-18,NA,2011,NA,NA,NA,NA,NA,NA,NA,NA,NA,NA,NA,4,1,0.25,3,2013-01-21,NA,0,0,NA,NA,FR4401572097,318.4,NA,P-3,D,2016-06-29,pre-2013,farm5
FR4401572098,626.50484,1356.893175,730.388335,21.484615,6236.796116,6,5,5,62,1,299,NA,0,24,2013-11-13,2011-10-20,NA,2011,NA,NA,NA,NA,NA,NA,NA,NA,NA,NA,NA,6,1,0.16666666666666666,3,2013-02-05,NA,0,0,NA,NA,NA,NA,NA,NA,NA,NA,pre-2013,farm5
FR4401572099,676.699013,1685.533951,1008.834938,28.202675,8186.990291,3,2,1,71,1,299,NA,0,26,2014-01-31,2011-11-02,NA,2011,NA,NA,NA,NA,NA,NA,NA,NA,NA,NA,NA,3,1,0.3333333333333333,3,2013-02-18,NA,0,0,NA,NA,NA,NA,NA,NA,NA,NA,pre-2013,farm5
FR4401572100,1043.1795965,2662.66987475,1619.49027825,40.6539375,14818.03398,3.5,2.5,1.5,73,4,374.75,108,3,24,2017-08-09,2011-11-03,2,2011,VL,N,2011-11-03,B,2018-11-13,1,2015,FALSE,2,84,0,14,4,0.2857142857142857,3,2013-02-08,17,0,0,NA,NA,FR4401572100,359.7,NA,P-3,D,2018-11-14,pre-2013,farm5
FR4401572101,1111.6504702500001,2505.8737585,1394.22328825,33.459669999999996,9145.3398055,2,1,0.75,64.5,5,289.75,84,3,24,2017-02-24,2011-11-08,2,2011,VL,N,2011-11-08,B,2018-03-14,1,2015,FALSE,2,76,160,8,4,0.5,3,2013-02-20,17,0,0,NA,NA,FR4401572101,330.3,NA,P-3,D,2018-03-14,pre-2013,farm5
FR4401572102,842.1035436666666,2261.5210033333333,1419.4174596666667,32.462883,11393.268607666667,2,1,1,129.66666666666666,4,354.3333333333333,71.5,2,25,2016-09-30,2011-11-18,2,2011,VL,N,2011-11-18,B,2017-07-18,1,2015,FALSE,2,68,74,6,3,0.5,17,2014-05-12,21,0,0,NA,NA,FR4401572102,280.5,NA,P-3,D,2017-07-19,pre-2013,farm5
FR4401572102,842.1035436666666,2261.5210033333333,1419.4174596666667,32.462883,11393.268607666667,2,1,1,129.66666666666666,4,354.3333333333333,71.5,2,25,2016-09-30,2011-11-18,2,2011,VL,N,2011-11-18,B,2017-07-18,1,2015,FALSE,2,68,74,6,3,0.5,17,2014-05-12,21,0,0,NA,NA,FR4401572102,280.5,NA,P-3,D,2017-07-19,pre-2013,farm5
FR4401572103,590.970858,1784.174725,1193.203867,31.434883,11810.970873,4,3,3,76,1,387,NA,0,24,2013-12-03,2011-11-19,NA,2011,NA,NA,NA,NA,NA,NA,NA,NA,NA,NA,NA,4,1,0.25,2,2013-02-05,NA,0,0,NA,NA,NA,NA,NA,NA,NA,NA,pre-2013,farm5
FR4401572104,1032.2815385,2512.402884,1480.1213455,37.717521500000004,9007.81553375,1.25,0.25,0.5,89.75,4,253.5,79,3,24,2017-01-04,2011-12-06,2,2011,VL,N,2011-12-06,B,2018-03-14,1,2015,FALSE,2,75,285,5,4,0.8,15,2014-04-03,16,0,0,NA,NA,FR4401572104,320.1,NA,P-3,D,2018-03-14,pre-2013,farm5
FR4401572105,878.349498,106.699027,-771.650471,31.70625,985.048543,NA,NA,0,NA,1,32,NA,0,36,2014-12-15,2011-12-06,2,2011,VL,N,2011-12-06,E,2015-01-16,1,2015,FALSE,2,37,0,0,0,NA,NA,NA,NA,0,0,NA,NA,NA,NA,NA,NA,NA,NA,pre-2013,farm5
FR4401572106,1103.4951313333333,2623.4303903333334,1519.935259,39.47733866666667,12993.754045,2.5,1.5,1,108,3,339.3333333333333,77.5,2,29,2016-12-28,2012-02-22,2,2012,VL,N,2012-02-22,B,2017-10-30,1,2015,FALSE,2,68,0,5,2,0.4,19,2014-10-12,19,0,0,NA,NA,FR4401572106,348.7,NA,P-3,D,2017-10-30,pre-2013,farm5
FR4401572107,917.0873645,2100.048516,1182.9611515000001,28.775157749999998,7296.4077665,1.25,0.25,0.5,109,4,261.25,100,3,26,2017-09-08,2012-03-24,2,2012,VL,N,2012-03-24,B,2018-02-06,1,2015,FALSE,2,70,0,5,4,0.8,16,2014-08-06,16,0,0,NA,NA,FR4401572107,272.8,NA,P-3,D,2018-02-07,pre-2013,farm5
FR4401572108,1022.2006333333334,2423.203853,1401.0032196666666,35.219174333333335,12007.249190333334,3.5,2.5,1,71.5,3,352.3333333333333,69.5,2,26,2017-01-11,2012-04-12,2,2012,VL,N,2012-04-12,B,2018-03-14,1,2015,FALSE,2,71,149,7,2,0.2857142857142857,17,2014-09-19,17,0,0,NA,NA,FR4401572108,339.5,NA,P-2,D,2018-03-14,pre-2013,farm5
FR4401572109,990.614871,2238.058226,1247.4433549999999,32.78542933333333,10937.799352333333,4,3,2.6666666666666665,109.66666666666667,3,338.6666666666667,113,2,25,2016-10-29,2012-04-14,2,2012,VL,N,2012-04-14,B,2017-10-30,1,2015,FALSE,2,66,0,12,3,0.25,15,2014-08-11,18,0,0,NA,NA,FR4401572109,282.3,NA,P-2,D,2017-10-31,pre-2013,farm5
FR4401572110,19.514562,0,-19.514562,6.7,19.514563,NA,NA,0,NA,1,3,NA,0,32,2015-01-05,2012-04-30,NA,2012,NA,NA,NA,NA,NA,NA,NA,NA,NA,NA,NA,0,0,NA,NA,NA,NA,0,0,NA,NA,FR4401572110,271.5,NA,P-3,D,2015-03-23,pre-2013,farm5
FR4401572111,845.0323505,1884.5307193333333,1039.4983688333334,29.947722166666665,8956.957928333333,1.8,0.8,0.5,77.4,6,269.1666666666667,67.8,5,25,2019-10-12,2012-05-06,2,2012,VL,N,2012-05-06,M,2019-10-27,1,2015,FALSE,2,89,11,9,5,0.5555555555555556,15,2014-08-09,15,0,0,NA,NA,NA,NA,NA,NA,NA,NA,pre-2013,farm5
FR4401572112,634.563095,1461.359192,826.796097,24.871962,2583.786407,NA,NA,0,NA,1,107,NA,0,29,2014-11-02,2012-05-09,NA,2012,NA,NA,NA,NA,NA,NA,NA,NA,NA,NA,NA,0,0,NA,NA,NA,NA,0,0,NA,NA,FR4401572112,286,NA,P-3,D,2015-02-18,pre-2013,farm5
FR4401572113,665.631056,1247.378609,581.747553,25.619197,8680.679611,3,2,2,110,1,349,NA,0,26,2014-08-13,2012-05-28,NA,2012,NA,NA,NA,NA,NA,NA,NA,NA,NA,NA,NA,3,1,0.3333333333333333,NA,2014-12-01,NA,0,0,NA,NA,FR4401572113,252.5,NA,P-3,D,2015-07-30,pre-2013,farm5
FR4401572114,618.155326,641.747562,23.592236,23.594545,1259.902912,NA,NA,0,NA,1,55,NA,0,31,2015-01-03,2012-05-30,NA,2012,NA,NA,NA,NA,NA,NA,NA,NA,NA,NA,NA,0,0,NA,NA,NA,NA,0,0,NA,NA,NA,NA,NA,NA,NA,NA,pre-2013,farm5
FR4401572115,1036.4562965,2329.0776405,1292.621344,33.666345,11629.611649999999,2.5,1.5,0.75,118,4,358.5,119.66666666666667,3,24,2018-09-11,2012-07-08,2,2012,VL,N,2012-07-08,B,2020-11-02,1,2015,FALSE,2,99,503,10,4,0.4,16,2014-11-24,16,0,0,NA,NA,FR4401572115,311.3,NA,P-2,D,2020-11-03,pre-2013,farm5
FR4401572119,946.019402,2649.0776405,1703.0582385,42.003201000000004,13656.941747,3,2,2,59,2,335,44,1,26,2016-01-16,2012-10-21,2,2012,VL,N,2012-10-21,B,2017-07-18,1,2015,FALSE,2,56,216,6,2,0.3333333333333333,16,2015-03-10,17,0,0,NA,NA,FR4401572119,328.7,NA,P-3,D,2017-07-19,pre-2013,farm5
FR4401572120,768.4142256666667,1772.8478656666666,1004.43364,27.677395666666666,7060.841423666667,1.5,0.5,0.3333333333333333,54,5,244.66666666666666,134.5,2,22,2016-07-22,2012-11-03,2,2012,VL,N,2012-11-03,B,2017-06-13,1,2015,FALSE,2,55,0,3,2,0.6666666666666666,12,2014-11-07,12,0,0,NA,NA,FR4401572120,352.8,NA,P-3,D,2017-06-14,pre-2013,farm5
FR4401572121,746.116491,2011.747541,1265.63105,31.261282,11836.796116,7,6,6,105,1,390,NA,0,22,2014-10-18,2012-11-20,NA,2012,NA,NA,NA,NA,NA,NA,NA,NA,NA,NA,NA,7,1,0.14285714285714285,NA,2015-01-31,NA,0,0,NA,NA,FR4401572121,253.4,NA,P-3,D,2015-11-12,pre-2013,farm5
FR4401572122,844.7572680000001,1455.7281345000001,610.9708664999999,32.5660335,9144.2718445,7,6,3,122,2,266.5,64,1,26,2016-07-28,2012-11-24,2,2012,VL,N,2012-11-24,B,2017-01-31,1,2015,FALSE,2,50,135,7,1,0.14285714285714285,18,2015-05-31,23,0,0,NA,NA,FR4401572122,313,NA,P-3,D,2017-02-01,pre-2013,farm5
FR4401572123,786.504839,1217.281532,430.776693,29.069014,2003.786407,NA,NA,0,NA,1,71,NA,0,26,2015-02-17,2012-11-27,NA,2012,NA,NA,NA,NA,NA,NA,NA,NA,NA,NA,NA,0,0,NA,NA,NA,NA,0,0,NA,NA,NA,NA,NA,NA,NA,NA,pre-2013,farm5
FR4401572124,944.271831,245.43689,-698.834941,34.038888,1189.708737,NA,NA,0,NA,1,36,NA,0,24,2014-12-23,2012-12-06,2,2012,VL,N,2012-12-06,E,2015-01-28,1,2015,FALSE,2,25,0,0,0,NA,NA,NA,NA,0,0,NA,NA,NA,NA,NA,NA,NA,NA,pre-2013,farm5
FR4401572125,433.883483,0,-433.883483,16.551851,433.883495,NA,NA,0,NA,1,27,NA,0,24,2015-01-03,2012-12-11,NA,2012,NA,NA,NA,NA,NA,NA,NA,NA,NA,NA,NA,0,0,NA,NA,NA,NA,0,0,NA,NA,NA,NA,NA,NA,NA,NA,pre-2013,farm5
FR4401572126,626.019406,197.864074,-428.155332,24.245714,823.883495,NA,NA,0,NA,1,35,NA,0,27,2015-03-25,2012-12-23,NA,2012,NA,NA,NA,NA,NA,NA,NA,NA,NA,NA,NA,0,0,NA,NA,NA,NA,0,0,NA,NA,NA,NA,NA,NA,NA,NA,pre-2013,farm5
FR4401572128,889.6116345,1959.32036525,1069.70873075,30.538972,10017.30582475,3,2,1.25,97.66666666666667,4,315.25,51.666666666666664,3,27,2018-12-21,2012-12-26,2,2012,VL,N,2012-12-26,B,2020-01-28,3,2015,FALSE,2,85,345,9,3,0.3333333333333333,17,2015-06-24,22,0,0,NA,NA,FR4401572128,365.4,NA,P-3,D,2020-01-29,pre-2013,farm5
FR4401572129,875.97086125,1706.1892995,830.21843825,33.047369,10204.85436875,3.3333333333333335,2.3333333333333335,1.25,130.66666666666666,5,322.5,77.33333333333333,3,23,2019-03-23,2013-02-05,2,2013,VL,N,2013-02-05,B,2019-11-19,1,2015,FALSE,2,81,233,10,3,0.3,16,2015-06-24,18,0,0,NA,NA,FR4401572129,345,NA,P-3,D,2019-11-20,2013-2016,farm5
FR4401572131,900.0242565,2023.39803025,1123.37377375,31.5418015,6785.50970825,1,0,0,65.66666666666667,4,225.25,71.66666666666667,3,25,2018-01-29,2013-03-05,2,2013,VL,N,2013-03-05,M,2018-05-06,4,2015,FALSE,2,62,9,3,3,1,15,2015-06-14,15,0,0,NA,NA,NA,NA,NA,NA,NA,NA,2013-2016,farm5
FR4401572132,865.825227,1955.6795785,1089.8543515000001,30.159532499999997,10007.6699025,3,2,0,145,2,342.5,163,1,24,2016-09-07,2013-03-09,2,2013,VL,N,2013-03-09,B,2017-08-01,4,2015,FALSE,2,52,0,3,1,0.3333333333333333,17,2015-08-29,17,0,0,NA,NA,FR4401572132,275.4,NA,P-3,D,2017-08-02,2013-2016,farm5
FR4401572134,735.242705,2168.349487,1433.106782,31.640334,12871.165048,4,3,1,211,1,419,NA,0,31,2015-12-09,2013-04-19,2,2013,VL,N,2013-04-19,B,2017-01-31,12,2015,FALSE,2,45,0,4,1,0.25,26,2016-07-06,26,0,0,NA,NA,FR4401572134,350.3,NA,P-3,D,2017-02-01,2013-2016,farm5
FR4401572135,956.7313768888889,2220.302019888889,1263.570643,31.894544888888888,8496.040992,1.7777777777777777,0.7777777777777778,0.6666666666666666,80.22222222222223,10,277.3333333333333,95.375,8,23,2023-10-30,2013-04-19,2,2013,VL,N,2013-04-19,B,2024-12-23,4,2015,TRUE,2,140,292,16,9,0.5625,13,2015-06-12,13,0,0,NA,NA,FR4401572135,329.1,NA,P-3,D,2024-12-24,2013-2016,farm5
FR4401572136,939.9611492,2241.2426874,1301.2815382000001,31.6560706,9700.8932034,2.75,1.75,1.2,72.5,5,312,77.75,4,23,2019-11-08,2013-05-04,2,2013,VL,N,2013-05-04,B,2020-05-25,4,2015,FALSE,2,84,0,11,4,0.36363636363636365,13,2015-06-21,13,0,0,NA,NA,FR4401572136,323,NA,P-3,D,2020-05-26,2013-2016,farm5
FR4401572137,958.54367425,2373.349486,1414.80581175,35.326052,13119.077669499999,3.5,2.5,2.5,88.5,5,382.5,78.66666666666667,3,28,2019-05-12,2013-06-23,2,2013,VL,P,2015-06-11,B,2020-09-07,6,2015,FALSE,2,86,0,14,4,0.2857142857142857,18,2016-01-13,18,0,0,NA,NA,FR4401572137,336.4,NA,P-3,D,2020-09-08,2013-2016,farm5
FR4401572138,797.961153,2099.514532,1301.553379,31.569387,10512.912621,4,3,2,58,1,343,NA,0,24,2015-07-03,2013-07-01,NA,2013,NA,NA,NA,NA,NA,NA,NA,NA,NA,NA,NA,4,1,0.25,NA,2015-08-29,NA,0,0,NA,NA,NA,NA,NA,NA,NA,NA,2013-2016,farm5
FR4401572139,896.1164893333333,2041.1973816666666,1145.0808923333334,29.760212,8873.656957666666,2.3333333333333335,1.3333333333333333,1,109,3,288.3333333333333,151,2,26,2018-01-15,2013-08-18,2,2013,VL,N,2013-08-18,B,2019-01-14,11,2015,FALSE,2,64,0,7,3,0.42857142857142855,16,2016-01-16,17,0,0,NA,NA,FR4401572139,327.5,NA,P-3,D,2019-01-15,2013-2016,farm5
FR4401572140,1059.2926341428572,2604.438251,1545.1456168571428,36.07781785714286,11218.557558571429,1.3333333333333333,0.33333333333333337,0.14285714285714285,104.5,7,325.57142857142856,48.333333333333336,6,23,2021-12-27,2013-08-22,2,2013,VL,N,2013-08-22,B,2022-12-26,7,2015,FALSE,2,112,144,8,6,0.75,13,2015-10-19,13,0,0,NA,NA,FR4401572140,311.6,NA,P-3,D,2022-12-26,2013-2016,farm5
FR4401572141,309.320374,0,-309.320374,12.744,309.320388,NA,NA,0,NA,1,25,NA,0,24,2015-09-08,2013-08-27,NA,2013,NA,NA,NA,NA,NA,NA,NA,NA,NA,NA,NA,0,0,NA,NA,NA,NA,0,0,NA,NA,FR4401572141,292.4,NA,P-3,D,2016-03-17,2013-2016,farm5
FR4401572142,971.3009554,2164.6407492,1193.3397937999998,36.2413772,9588.3689316,2,1,1.2,71.2,5,286,46,4,23,2019-11-09,2013-08-29,2,2013,VL,N,2013-08-29,B,2020-11-02,8,2015,FALSE,2,86,287,10,5,0.5,13,2015-10-12,14,0,0,NA,NA,FR4401572142,342,NA,P-3,D,2020-11-03,2013-2016,farm5
FR4401572143,588.3495,1417.864048,829.514548,23.135211,3189.514563,2,1,1,58,1,142,NA,0,22,2015-07-25,2013-09-04,NA,2013,NA,NA,NA,NA,NA,NA,NA,NA,NA,NA,NA,2,1,0.5,NA,2015-09-20,NA,0,0,NA,NA,FR4401572143,259.7,NA,P-3,D,2015-12-15,2013-2016,farm5
FR4401572144,1064.660179,2257.8834662,1193.2232872,31.0770224,9593.9611646,2.2,1.2,0.8,78,5,316.4,70.25,4,25,2019-12-04,2013-09-04,2,2013,VL,N,2013-09-04,B,2020-11-24,10,2015,FALSE,2,86,1,11,5,0.45454545454545453,15,2015-12-08,15,0,0,NA,NA,FR4401572144,341.3,NA,P-3,D,2020-11-24,2013-2016,farm5
FR4401572145,925.792867,2189.4821723333334,1263.6893053333333,32.48532633333333,7818.543689,1.6666666666666667,0.6666666666666666,0.6666666666666666,68.66666666666667,3,258.3333333333333,51.5,2,26,2017-11-17,2013-09-13,2,2013,VL,N,2013-09-13,B,2018-11-13,11,2015,FALSE,2,62,214,5,3,0.6,16,2016-01-31,16,0,0,NA,NA,FR4401572145,315.3,NA,P-3,D,2018-11-14,2013-2016,farm5
FR4401572148,1056.9708584,2582.8737556,1525.9028972,35.8098898,12778.3106792,3.2,2.2,2,100.6,5,368.6,50.25,4,30,2021-01-14,2013-10-04,2,2013,VL,N,2013-10-04,B,2021-11-22,4,2016,FALSE,2,97,0,16,5,0.3125,22,2016-08-26,22,0,0,NA,NA,FR4401572148,365,NA,P-3,D,2021-11-23,2013-2016,farm5
FR4401572149,953.0744196666667,2293.8187406666666,1340.744321,33.882249,11490.420711666668,2.6666666666666665,1.6666666666666667,1.3333333333333333,82,3,349.3333333333333,52.5,2,23,2017-11-01,2013-10-06,2,2013,VL,N,2013-10-06,B,2020-01-28,9,2015,FALSE,2,75,444,8,3,0.375,13,2015-11-15,15,0,0,NA,NA,FR4401572149,305.6,NA,P-3,D,2020-01-28,2013-2016,farm5
FR4401572150,753.0096975,1546.69900675,793.68930925,26.906571500000002,6091.21359175,1,0,0,74.66666666666667,4,206.5,78,3,23,2018-08-08,2013-10-07,2,2013,VL,N,2013-10-07,B,2019-03-05,9,2015,FALSE,2,64,206,3,3,1,13,2015-11-14,13,0,0,NA,NA,FR4401572150,351.8,NA,P-3,D,2019-03-06,2013-2016,farm5
FR4401572151,1063.8252286,2507.6504556,1443.825227,36.6903372,12144.3300966,2.5,1.5,1,102.25,6,340.4,96.25,4,28,2020-11-23,2013-10-08,2,2013,VL,N,2013-10-08,B,2021-12-27,2,2016,FALSE,2,98,60,10,4,0.4,19,2016-05-23,19,0,0,NA,NA,FR4401572151,371.2,NA,P-3,D,2021-12-27,2013-2016,farm5
FR4401572152,976.0194012500001,2401.820358,1425.80095675,35.18423475,12077.621358749999,2,1,0.75,84.25,4,350.5,47,3,26,2018-11-19,2013-10-17,2,2013,VL,N,2013-10-17,B,2020-03-17,12,2015,FALSE,2,77,0,8,4,0.5,16,2016-02-23,16,0,0,NA,NA,FR4401572152,328.7,NA,P-3,D,2020-03-18,2013-2016,farm5
FR4401572153,1003.3203736,2244.2718176,1240.951444,31.6839476,9253.8834946,2,1,0.6,67.25,5,299.4,83.5,4,27,2020-06-05,2013-10-27,2,2013,VL,N,2013-10-27,B,2021-03-01,2,2016,FALSE,2,88,0,8,4,0.5,17,2016-04-18,17,0,0,NA,NA,FR4401572153,306.4,NA,P-2,D,2021-03-02,2013-2016,farm5
FR4401572154,970.1132534999999,2173.964373,1203.8511195,32.31218366666667,9140.857604666666,2.2,1.2,0.8333333333333334,96.4,6,301,73.6,5,22,2021-06-25,2013-11-18,2,2013,VL,N,2013-11-18,B,2021-12-27,10,2015,FALSE,2,97,98,11,5,0.45454545454545453,12,2015-12-16,13,0,0,NA,NA,FR4401572154,356.7,NA,P-3,D,2021-12-27,2013-2016,farm5
FR4401572155,1069.7410846666667,2278.8349213333336,1209.0938366666667,31.258571,11053.009708,4,3,1.3333333333333333,73,3,363.6666666666667,119.5,2,26,2018-09-26,2013-11-24,2,2013,VL,N,2013-11-24,B,2019-10-01,2,2016,FALSE,2,70,0,8,2,0.25,16,2016-04-21,16,0,0,NA,NA,FR4401572155,356.2,NA,P-3,D,2019-10-02,2013-2016,farm5
FR4401572156,928.6731235,2272.8640498333334,1344.1909263333332,32.909951,11406.472491333334,1.6,0.6,0.16666666666666666,118.4,6,356.5,59,5,26,2022-02-23,2013-12-08,2,2013,VL,N,2013-12-08,B,2022-10-24,2,2016,FALSE,2,106,0,8,5,0.625,18,2016-06-09,18,0,0,NA,NA,FR4401572156,328.1,NA,P-2,D,2022-10-25,2013-2016,farm5
FR4401572157,1033.6893057500001,2081.237834,1047.54852825,29.757669,7324.5145625000005,2.3333333333333335,1.3333333333333333,0.25,148,5,265.75,182,3,28,2020-06-16,2013-12-11,2,2013,VL,N,2013-12-11,B,2021-03-01,11,2017,FALSE,2,86,174,7,3,0.42857142857142855,21,2016-09-13,22,0,0,NA,NA,FR4401572157,326.6,NA,P-3,D,2021-03-02,2013-2016,farm5
FR4401572158,1019.53882,2320.097058,1300.558238,32.97431425,12377.572815,2.75,1.75,1.5,98.5,4,385,76,3,26,2019-12-12,2014-01-08,2,2014,VL,N,2014-01-08,B,2021-01-11,3,2016,FALSE,2,84,0,11,4,0.36363636363636365,17,2016-07-06,17,0,0,NA,NA,FR4401572158,340.3,NA,P-2,D,2021-01-12,2013-2016,farm5
FR4401572159,904.68444975,2062.597057,1157.91260725,29.207893249999998,10556.45631025,2.75,1.75,1.25,102.75,4,373.5,61.333333333333336,3,27,2020-05-11,2014-01-31,2,2014,VL,N,2014-01-31,B,2021-06-09,5,2016,FALSE,2,88,162,11,4,0.36363636363636365,17,2016-07-26,17,0,0,NA,NA,FR4401572159,338.3,NA,P-3,D,2021-06-10,2013-2016,farm5
FR4401572160,1108.0582378,2556.1941452,1448.1359074,37.1699256,13065.126213,2.8,1.8,1.6,66.6,5,367,49.5,4,24,2020-11-20,2014-05-23,2,2014,VL,N,2014-05-23,B,2022-03-21,5,2016,TRUE,2,93,91,14,5,0.35714285714285715,13,2016-07-12,18,0,0,NA,NA,FR4401572160,348.7,NA,O-3,D,2022-03-21,2013-2016,farm5
FR4401572163,766.0517671666667,2058.5113023333333,1292.4595351666667,34.1802402,11218.899675833334,3,2,1,83.8,6,337.1666666666667,63,5,26,2022-01-30,2014-07-21,2,2014,VL,A,2016-04-22,B,2023-03-06,4,2016,FALSE,2,103,0,15,5,0.3333333333333333,16,2016-12-15,16,0,0,NA,NA,FR4401572163,342,NA,P-2,D,2023-03-07,2013-2016,farm5
FR4401572164,233.980576,0,-233.980576,18.538461,233.980582,NA,NA,0,NA,1,13,NA,0,29,2017-01-14,2014-08-05,2,2014,VL,N,2014-08-05,E,2017-01-27,1,2017,FALSE,2,29,0,0,0,NA,NA,NA,NA,0,0,NA,NA,NA,NA,NA,NA,NA,NA,2013-2016,farm5
FR4401572165,43.689317,0,-43.689317,11.25,43.68932,NA,NA,0,NA,1,4,NA,0,38,2017-11-06,2014-08-10,2,2014,VL,N,2014-08-10,E,2017-11-10,11,2017,FALSE,2,39,0,0,0,NA,NA,NA,NA,0,0,NA,NA,NA,NA,NA,NA,NA,NA,2013-2016,farm5
FR4401572166,986.62619925,2305.43686225,1318.810663,35.905105750000004,10156.092232500001,2.75,1.75,1.5,59.75,4,308.5,44.666666666666664,3,23,2020-02-09,2014-08-30,2,2014,VL,N,2014-08-30,M,2020-05-13,8,2017,FALSE,2,68,1,11,4,0.36363636363636365,13,2016-10-01,14,0,0,NA,NA,NA,NA,NA,NA,NA,NA,2013-2016,farm5
FR4401572167,753.5922185000001,704.1747415,-49.41747699999996,31.557273,4562.2815525000005,2,1,0,75,2,194,95,1,25,2018-01-28,2014-09-08,2,2014,VL,N,2014-09-08,E,2018-02-28,1,2018,FALSE,2,41,0,2,1,0.5,16,2017-01-16,16,0,0,NA,NA,NA,NA,NA,NA,NA,NA,2013-2016,farm5
FR4401572168,319.029112,330.970864,11.941752,14.24468,650,NA,NA,0,NA,1,47,NA,0,26,2016-12-11,2014-09-12,2,2014,VL,N,2014-09-12,E,2017-01-27,12,2016,FALSE,2,28,0,0,0,NA,NA,NA,NA,0,0,NA,NA,NA,NA,NA,NA,NA,NA,2013-2016,farm5
FR4401572169,842.7831573333334,2232.5889683333335,1389.805811,32.00149933333333,9775.889967,3,2,2.3333333333333335,78.66666666666667,3,312.3333333333333,79,2,30,2019-03-11,2014-09-13,2,2014,VL,N,2014-09-13,B,2020-03-17,3,2017,FALSE,2,66,0,9,3,0.3333333333333333,21,2017-07-07,21,0,0,NA,NA,FR4401572169,330.3,NA,P-3,D,2020-03-18,2013-2016,farm5
FR4401572170,1075.6849906666666,2456.731361888889,1381.0463712222222,36.572592666666665,9331.456310222222,1.3333333333333333,0.33333333333333337,0.3333333333333333,61.111111111111114,9,266.22222222222223,66.5,8,29,2024-09-19,2014-09-14,2,2014,VL,N,2014-09-14,NA,NA,3,2017,TRUE,2,NA,NA,12,9,0.75,20,2017-05-14,20,0,0,NA,NA,NA,NA,NA,NA,NA,NA,2013-2016,farm5
FR4401572171,677.621345,1484.9514304999998,807.3300855,28.054090000000002,4357.135922,1,0,0.5,64,2,185,58,1,26,2017-12-10,2014-10-06,2,2014,VL,N,2014-10-06,E,2018-02-23,12,2016,FALSE,2,40,0,2,2,1,16,2017-02-28,16,0,0,NA,NA,NA,NA,NA,NA,NA,NA,2013-2016,farm5
FR4401572172,492.13591,0,-492.13591,22.03913,492.135922,NA,NA,0,NA,1,23,NA,0,26,2016-12-14,2014-10-06,2,2014,VL,N,2014-10-06,E,2017-01-06,12,2016,FALSE,2,27,0,0,0,NA,NA,NA,NA,0,0,NA,NA,NA,NA,NA,NA,NA,NA,2013-2016,farm5
FR4401572173,968.7572654,2299.7863776,1331.0291122,32.901314,9967.8640772,2.2,1.2,1.2,98.2,5,316.2,87.25,4,27,2021-11-08,2014-11-01,2,2014,VL,N,2014-11-01,B,2022-05-30,2,2017,FALSE,2,90,0,11,5,0.45454545454545453,18,2017-05-24,19,0,0,NA,NA,FR4401572173,294.6,NA,P-2,D,2022-05-31,2013-2016,farm5
FR4401572174,542.2329975,823.3494995,281.116502,28.1353565,3803.2524265,1,0,0,72,2,147,72,1,27,2018-02-14,2014-11-06,2,2014,VL,N,2014-11-06,E,2018-02-28,2,2017,FALSE,2,39,0,1,1,1,18,2017-05-09,18,0,0,NA,NA,NA,NA,NA,NA,NA,NA,2013-2016,farm5
FR4401572175,999.271829,2144.3203614999998,1145.0485325,31.470667749999997,9921.86893175,1.5,0.5,0.5,112.75,4,327.75,76.66666666666667,3,26,2020-09-29,2014-11-14,2,2014,VL,N,2014-11-14,B,2021-04-26,4,2018,FALSE,2,77,0,6,4,0.6666666666666666,19,2017-07-13,19,0,0,NA,NA,FR4401572175,340.5,NA,P-3,D,2021-04-27,2013-2016,farm5
FR4401572176,574.951445,483.39805,-91.553395,23.697826,1058.349514,NA,NA,0,NA,1,46,NA,0,28,2017-04-03,2014-11-28,2,2014,VL,N,2014-11-28,E,2017-05-24,4,2017,FALSE,2,29,5,0,0,NA,NA,NA,NA,0,0,NA,NA,NA,NA,NA,NA,NA,NA,2013-2016,farm5
FR4401572177,903.4304070000001,2040.4854066666667,1137.0549996666666,32.198596333333334,8276.925566,1.6666666666666667,0.6666666666666666,0.6666666666666666,94.66666666666667,3,278.6666666666667,64.5,2,28,2019-09-22,2014-12-23,2,2014,VL,N,2014-12-23,B,2020-12-07,5,2017,FALSE,2,71,347,5,3,0.6,20,2017-09-14,20,0,0,NA,NA,FR4401572177,331.8,NA,P-3,D,2020-12-08,2013-2016,farm5
FR4401572178,672.03882,0,-672.03882,23.868965,672.038834,NA,NA,0,NA,1,29,NA,0,27,2017-04-20,2014-12-25,2,2014,VL,N,2014-12-25,E,2017-05-24,4,2017,FALSE,2,28,5,0,0,NA,NA,NA,NA,0,0,NA,NA,NA,NA,NA,NA,NA,NA,2013-2016,farm5
FR4401572180,832.524256,2199.514539,1366.990283,33.008163,10992.038834,1,0,0,109,1,343,NA,0,40,2018-05-25,2015-01-15,2,2015,VL,N,2015-01-15,B,2019-06-25,5,2018,FALSE,2,53,53,1,1,1,31,2018-09-11,31,0,0,NA,NA,FR4401572180,380.1,NA,P-3,D,2019-06-26,2013-2016,farm5
FR4401572181,819.773448,2013.4303916666668,1193.6569436666666,29.993907999999998,10479.967637,1.3333333333333333,0.33333333333333337,0.3333333333333333,178,3,358.3333333333333,81.5,2,30,2020-01-21,2015-01-29,2,2015,VL,N,2015-01-29,B,2021-01-11,8,2017,FALSE,2,71,0,4,3,0.75,20,2017-10-23,21,0,0,NA,NA,FR4401572181,310.1,NA,P-2,D,2021-01-12,2013-2016,farm5
FR4401572182,1023.320374,2593.6310362,1570.3106622,38.579396,12660.466019,2.2,1.2,1,88.8,5,337.2,54,4,29,2021-11-25,2015-01-29,2,2015,VL,N,2015-01-29,B,2022-12-26,7,2017,FALSE,2,94,97,11,5,0.45454545454545453,19,2017-09-26,19,0,0,NA,NA,FR4401572182,303.2,NA,P-2,D,2022-12-26,2013-2016,farm5
FR4401572184,889.4902764999999,2036.650456,1147.1601795000001,31.22971325,9423.9320385,1.75,0.75,1,80,4,312.5,55.666666666666664,3,31,2020-09-11,2015-01-31,2,2015,VL,N,2015-01-31,B,2021-07-19,8,2017,FALSE,2,77,1,7,4,0.5714285714285714,21,2017-11-22,23,0,0,NA,NA,FR4401572184,320.9,NA,P-3,D,2021-07-19,2013-2016,farm5
FR4401572185,943.0096945,1319.2718290000003,376.2621345,32.8171555,6620.145630500001,3,2,1,156,2,242.5,74,1,29,2018-12-18,2015-02-16,2,2015,VL,N,2015-02-16,E,2019-01-29,7,2017,FALSE,2,47,0,3,1,0.3333333333333333,22,2017-12-22,24,0,0,NA,NA,NA,NA,NA,NA,NA,NA,2013-2016,farm5
FR4401572186,539.223285,69.417474,-469.805811,20.896666,608.640776,NA,NA,0,NA,1,30,NA,0,35,2018-01-29,2015-02-20,2,2015,VL,N,2015-02-20,E,2018-02-28,1,2018,FALSE,2,36,0,0,0,NA,NA,NA,NA,0,0,NA,NA,NA,NA,NA,NA,NA,NA,2013-2016,farm5
FR4401572187,532.912607,1399.41745,866.504843,23.653191,6475.92233,1,0,0,64,1,282,NA,0,31,2017-10-12,2015-03-02,2,2015,VL,N,2015-03-02,M,2018-09-30,10,2017,FALSE,2,42,71,1,1,1,21,2017-12-15,21,0,0,NA,NA,NA,NA,NA,NA,NA,NA,2013-2016,farm5
FR4401572189,293.203875,0,-293.203875,16.777777,293.203883,NA,NA,0,NA,1,18,NA,0,31,2017-10-23,2015-03-18,2,2015,VL,N,2015-03-18,E,2017-11-10,10,2017,FALSE,2,31,0,0,0,NA,NA,NA,NA,0,0,NA,NA,NA,NA,NA,NA,NA,NA,2013-2016,farm5
FR4401572191,852.888335,1611.3349277500001,758.44659275,30.192573250000002,8016.91747525,1.6666666666666667,0.6666666666666666,0.5,103,4,263.5,46.333333333333336,3,27,2020-10-07,2015-04-04,2,2015,VL,N,2015-04-04,B,2021-04-26,7,2017,FALSE,2,72,172,5,3,0.6,18,2017-10-18,19,0,0,NA,NA,FR4401572191,358.7,NA,P-3,D,2021-04-27,2013-2016,farm5
FR4401572192,796.7766856000001,2514.2523982,1717.4757126,38.0009164,11873.1456304,2.2,1.2,1,65.4,5,325.8,60.5,4,30,2022-02-10,2015-04-07,2,2015,VL,NA,NA,M,2023-08-26,10,2017,FALSE,2,100,269,11,5,0.45454545454545453,20,2017-12-11,20,0,0,NA,NA,NA,NA,NA,NA,NA,NA,2013-2016,farm5
FR4401572193,486.50484,1303.009678,816.504838,21.842672,4919.902912,NA,NA,0,NA,1,232,NA,0,30,2017-12-04,2015-05-13,2,2015,VL,N,2015-05-13,B,2018-07-24,12,2017,FALSE,2,38,0,0,0,NA,NA,NA,NA,0,0,NA,NA,FR4401572193,334.6,NA,P-3,D,2018-07-25,2013-2016,farm5
FR4401572195,144.077665,0,-144.077665,16.488888,144.077669,NA,NA,0,NA,1,9,NA,0,29,2017-11-01,2015-05-29,2,2015,VL,N,2015-05-29,E,2017-11-10,11,2017,FALSE,2,29,0,0,0,NA,NA,NA,NA,0,0,NA,NA,NA,NA,NA,NA,NA,NA,2013-2016,farm5
FR4401572197,384.417466,926.7961005,542.3786345000001,22.8918855,4332.3786405,1,0,0,50,2,144.5,39,1,27,2018-09-17,2015-07-14,2,2015,VL,N,2015-07-14,B,2019-03-05,10,2017,FALSE,2,43,165,1,1,1,17,2017-12-17,17,0,0,NA,NA,FR4401572197,350.5,NA,P-3,D,2019-03-06,2013-2016,farm5
FR4401572198,1056.6504705,2463.6892935,1407.038823,33.2085675,11704.9999995,4,3,2.5,71.5,3,368,84,1,27,2019-04-02,2015-08-10,2,2015,VL,N,2015-08-10,B,2020-02-11,11,2017,FALSE,2,54,0,8,2,0.25,17,2018-01-20,17,0,0,NA,NA,FR4401572198,340.3,NA,P-3,D,2020-02-12,2013-2016,farm5
FR4401572199,745.7863954,1772.0582282,1026.2718327999999,28.3144626,7846.2135918,2.5,1.5,1.2,67.75,5,250.8,51.5,4,26,2021-10-30,2015-08-11,2,2015,VL,N,2015-08-11,B,2022-05-16,11,2017,FALSE,2,81,195,10,4,0.4,16,2017-12-26,16,0,0,NA,NA,FR4401572199,322.8,NA,P-3,D,2022-05-17,2013-2016,farm5
FR4401572201,572.330081,1414.757252,842.427171,25.079418,10883.980582,4,3,1,65,1,447,NA,0,21,2017-06-21,2015-08-29,2,2015,VL,N,2015-08-29,B,2018-09-11,7,2017,FALSE,2,36,0,4,1,0.25,11,2017-08-25,11,0,0,NA,NA,FR4401572201,306.4,NA,P-3,D,2018-09-12,2013-2016,farm5
FR4401572202,544.174747,0,-544.174747,24.369565,544.174757,NA,NA,0,NA,1,23,NA,0,29,2018-02-05,2015-09-02,2,2015,VL,N,2015-09-02,E,2018-02-28,2,2018,FALSE,2,29,0,0,0,NA,NA,NA,NA,0,0,NA,NA,NA,NA,NA,NA,NA,NA,2013-2016,farm5
FR4401572203,418.543676,1204.368905,785.825229,20.322265,5050.970873,1,0,0,55,1,256,NA,0,25,2017-10-30,2015-09-14,2,2015,VL,N,2015-09-14,M,2018-07-16,10,2017,FALSE,2,34,3,1,1,1,15,2017-12-24,15,0,0,NA,NA,NA,NA,NA,NA,NA,NA,2013-2016,farm5
FR4401572204,649.56309625,2193.56793075,1544.0048345,33.2268035,9533.25242675,2,1,0.75,62,4,297,74.33333333333333,3,25,2021-01-28,2015-09-16,2,2015,VL,N,2015-09-16,B,2021-09-06,10,2017,FALSE,2,71,0,8,4,0.5,15,2017-12-16,15,0,0,NA,NA,FR4401572204,301.6,NA,P-3,D,2021-09-07,2013-2016,farm5
FR4401572205,875.0485285,2333.106768,1458.0582395000001,33.332366,10513.1067955,1.5,0.5,0.5,79.5,2,325,41,1,31,2019-08-04,2015-12-09,2,2015,VL,N,2015-12-09,B,2020-06-22,7,2018,FALSE,2,54,0,3,2,0.6666666666666666,22,2018-11-01,22,0,0,NA,NA,FR4401572205,326.4,NA,P-3,D,2020-06-23,2013-2016,farm5
FR4401572207,777.087362,1031.165034,254.077672,30.040322,1808.252427,NA,NA,0,NA,1,62,NA,0,34,2018-11-28,2016-01-14,2,2016,VL,N,2016-01-14,E,2019-01-29,11,2018,FALSE,2,36,0,0,0,NA,NA,NA,NA,0,0,NA,NA,NA,NA,NA,NA,NA,NA,2013-2016,farm5
FR4401572208,697.572802,1280.776681,583.203879,30.413432,1978.349514,NA,NA,0,NA,1,67,NA,0,34,2018-11-23,2016-01-16,2,2016,VL,N,2016-01-16,E,2019-01-29,11,2018,FALSE,2,36,0,0,0,NA,NA,NA,NA,0,0,NA,NA,NA,NA,NA,NA,NA,NA,2013-2016,farm5
FR4401572209,611.359208,1409.417449,798.058241,23.668345,6388.155339,1,0,0,67,1,278,NA,0,29,2018-08-12,2016-02-22,2,2016,VL,N,2016-02-22,M,2019-07-22,8,2018,FALSE,2,41,66,1,1,1,19,2018-10-17,19,0,0,NA,NA,NA,NA,NA,NA,NA,NA,2013-2016,farm5
FR4401572210,985.792865,2339.223274,1353.430409,35.78338266666667,11713.786407333333,1.5,0.5,0.3333333333333333,69,3,334.3333333333333,55.5,2,29,2020-09-07,2016-02-24,2,2016,VL,N,2016-02-24,B,2021-08-24,8,2018,FALSE,2,66,0,3,2,0.6666666666666666,19,2018-10-09,19,0,0,NA,NA,FR4401572210,290.1,NA,P-1,D,2021-08-25,2013-2016,farm5
FR4401572211,1076.5372026666666,2483.1229476666667,1406.585745,36.32870166666667,11629.854368333334,2.5,1.5,1.3333333333333333,63.833333333333336,6,330.6666666666667,68,5,31,2024-08-10,2016-03-10,2,2016,VL,A,2018-04-19,NA,NA,10,2018,TRUE,2,NA,NA,15,6,0.4,22,2019-01-10,23,0,0,NA,NA,NA,NA,NA,NA,NA,NA,2013-2016,farm5
FR4401572212,502.96114850000004,1492.8640485,989.9029,23.147154,5166.6990285,3,2,2.5,91.5,2,246,50,1,31,2020-01-01,2016-03-22,2,2016,VL,N,2016-03-22,M,2020-05-09,11,2018,FALSE,2,49,6,6,2,0.3333333333333333,23,2019-02-27,24,0,0,NA,NA,NA,NA,NA,NA,NA,NA,2013-2016,farm5
FR4401572214,750.776685,210.388346,-540.388339,28.285714,961.165048,NA,NA,0,NA,1,35,NA,0,25,2018-07-12,2016-05-15,2,2016,VL,N,2016-05-15,B,2019-03-05,7,2018,FALSE,2,33,201,0,0,NA,NA,NA,NA,0,0,NA,NA,FR4401572214,302.6,NA,P-3,D,2019-03-06,2013-2016,farm5
FR4401572215,638.0096955,1713.3494845,1075.339789,27.765659,9725,3,2,1,93.5,2,358,31,1,26,2019-08-15,2016-05-27,2,2016,VL,N,2016-05-27,B,2020-09-07,8,2018,FALSE,2,51,0,6,2,0.3333333333333333,17,2018-11-21,17,0,0,NA,NA,FR4401572215,342.5,NA,P-3,D,2020-09-08,2013-2016,farm5
FR4401572217,722.7346133333333,1709.4336273333333,986.699014,24.856330166666666,5658.55987,1.4,0.4,0.3333333333333333,96.4,6,226.66666666666666,132,5,25,2023-11-13,2016-07-18,2,2016,VL,N,2016-07-18,B,2024-03-18,9,2018,FALSE,2,92,1,7,5,0.7142857142857143,15,2018-11-16,15,0,0,NA,NA,FR4401572217,256.8,NA,P-1,D,2024-03-19,2013-2016,farm5
FR4401572218,374.271835,0,-374.271835,22.67647,374.271844,NA,NA,0,NA,1,17,NA,0,27,2018-11-06,2016-07-22,2,2016,VL,N,2016-07-22,E,2018-11-23,11,2018,FALSE,2,28,0,0,0,NA,NA,NA,NA,11,105,2022-11-13,Mastitis with isolation of Sc. uberis (ScE),NA,NA,NA,NA,NA,NA,2013-2016,farm5
FR4401572219,275.825236,0,-275.825236,18.94,275.825242,NA,NA,0,NA,1,15,NA,0,27,2018-11-08,2016-07-23,2,2016,VL,N,2016-07-23,E,2018-11-23,11,2018,FALSE,2,28,0,0,0,NA,NA,NA,NA,8,119,2024-04-19,Other disturbances of female fertility,NA,NA,NA,NA,NA,NA,2013-2016,farm5
FR4401572220,760.3106656,2073.8834656,1313.5728,32.247822,8840.0776696,NA,NA,0,NA,5,278.2,82,4,26,2023-02-05,2016-08-04,2,2016,VL,N,2016-08-04,B,2023-07-10,10,2018,FALSE,2,83,0,0,0,NA,NA,NA,NA,0,0,NA,NA,FR4401572220,343.9,NA,P-3,D,2023-07-11,2013-2016,farm5
FR4401572222,640.194161,481.844649,-158.349512,25.682222,1122.038834,NA,NA,0,NA,1,45,NA,0,25,2018-10-09,2016-08-25,2,2016,VL,N,2016-08-25,E,2018-11-23,10,2018,FALSE,2,26,0,0,0,NA,NA,NA,NA,8,119,2022-11-08,Other disturbances of female fertility,NA,NA,NA,NA,NA,NA,2013-2016,farm5
FR4401572223,638.446587,364.17475,-274.271837,24.016279,1002.621359,NA,NA,0,NA,1,43,NA,0,25,2018-10-11,2016-08-26,2,2016,VL,N,2016-08-26,E,2018-11-23,10,2018,FALSE,2,26,0,0,0,NA,NA,NA,NA,2,14,2022-11-24,Parage Curatif,NA,NA,NA,NA,NA,NA,2013-2016,farm5
FR4401572224,1093.7863942857143,2653.217723857143,1559.4313295714285,39.77168842857143,11172.926490428572,1.8571428571428572,0.8571428571428571,0.8571428571428571,66.85714285714286,7,293,46.666666666666664,6,25,2024-09-16,2016-08-30,2,2016,VL,N,2016-08-30,NA,NA,10,2018,TRUE,2,NA,NA,13,7,0.5384615384615384,15,2018-12-15,15,0,0,NA,NA,NA,NA,NA,NA,NA,NA,2013-2016,farm5
FR4401572225,849.514549,2076.116472,1226.601923,27.873446,9579.805825,6,5,4,79,1,354,NA,0,29,2019-02-22,2016-09-20,2,2016,VL,N,2016-09-20,B,2020-02-11,2,2019,FALSE,2,40,0,6,1,0.16666666666666666,19,2019-05-11,19,0,0,NA,NA,FR4401572225,269.7,NA,P-2,D,2020-02-12,2013-2016,farm5
FR4401572226,819.8058085,1899.174727,1079.3689185,29.1273825,10648.3980575,4.5,3.5,3,93.5,2,376.5,59,1,24,2019-12-31,2016-10-10,2,2016,VL,N,2016-10-10,B,2021-01-11,10,2018,FALSE,2,51,0,9,2,0.2222222222222222,15,2019-02-09,17,0,0,NA,NA,FR4401572226,262.2,NA,P-1,D,2021-01-12,2013-2016,farm5
FR4401572227,868.851118,1978.0258605,1109.1747425,30.37836683333333,8031.100323000001,1,0,0,79.4,6,269.3333333333333,67.4,5,24,2023-10-09,2016-10-15,2,2016,VL,N,2016-10-15,B,2024-03-18,11,2018,FALSE,2,89,0,5,5,1,16,2019-03-07,16,0,0,NA,NA,FR4401572227,331.4,NA,P-3,D,2024-03-19,2013-2016,farm5
FR4401572228,992.9449686666667,2459.07764,1466.1326713333333,35.291273333333336,9988.495145333334,1.6,0.6,0.3333333333333333,108.8,6,305.5,90.2,5,24,2024-12-12,2016-11-11,2,2016,VL,N,2016-11-11,NA,NA,12,2018,TRUE,2,NA,NA,8,5,0.625,15,2019-03-05,15,0,0,NA,NA,NA,NA,NA,NA,NA,NA,2013-2016,farm5
FR4401572230,820.19416,35.242718000000004,-784.951442,29.37,855.436893,NA,NA,0,NA,1,30,NA,0,29,2019-05-20,2016-11-23,2,2016,VL,N,2016-11-23,E,2019-06-19,5,2019,FALSE,2,30,0,0,0,NA,NA,NA,NA,0,0,NA,NA,NA,NA,NA,NA,NA,NA,2013-2016,farm5
FR4401572231,725.631052,29.514563,-696.116489,25.926666,755.145631,NA,NA,0,NA,1,30,NA,0,25,2019-01-09,2016-11-25,2,2016,VL,N,2016-11-25,E,2019-02-08,1,2019,FALSE,2,26,0,0,0,NA,NA,NA,NA,0,0,NA,NA,NA,NA,NA,NA,NA,NA,2013-2016,farm5
FR4401572232,669.708724,299.514558,-370.194166,24.9575,969.2233,NA,NA,0,NA,1,40,NA,0,24,2018-12-20,2016-11-30,2,2016,VL,N,2016-11-30,E,2019-01-29,12,2018,FALSE,2,25,0,0,0,NA,NA,NA,NA,0,0,NA,NA,NA,NA,NA,NA,NA,NA,2013-2016,farm5
FR4401572233,844.4174599999999,2158.3980285,1313.9805685000001,31.259191,11003.4466015,2.5,1.5,1.5,99.5,2,356.5,49,1,25,2020-01-31,2016-12-04,2,2016,VL,N,2016-12-04,M,2021-03-10,1,2019,FALSE,2,51,3,5,2,0.4,16,2019-04-24,16,0,0,NA,NA,NA,NA,NA,NA,NA,NA,2013-2016,farm5
FR4401572234,919.6439986666667,2177.216797666667,1257.572799,31.856136666666668,10088.608414,2,1,1,88.66666666666667,3,325.3333333333333,51.5,2,27,2021-04-24,2016-12-13,2,2016,VL,N,2016-12-13,M,2022-04-25,3,2019,FALSE,2,64,52,6,3,0.5,17,2019-05-20,18,0,0,NA,NA,NA,NA,NA,NA,NA,NA,2013-2016,farm5
FR4401572235,740.8737706,1850.6795814,1109.8058108,30.517042,8966.0776696,1.25,0.25,0.2,57.25,5,302.6,51.75,4,24,2022-09-18,2016-12-20,2,2016,VL,N,2016-12-20,B,2023-09-25,1,2019,FALSE,2,81,0,5,4,0.8,14,2019-03-15,14,0,0,NA,NA,FR4401572235,269.5,NA,P-3,D,2023-09-26,2013-2016,farm5
FR4401572236,980.16988775,2404.95142725,1424.7815395,36.483418,9502.694174,2,1,0.75,143,4,276.25,103,3,24,2022-08-08,2016-12-22,2,2016,VL,N,2016-12-22,B,2024-01-17,1,2019,FALSE,2,84,415,6,3,0.5,15,2019-04-15,16,0,0,NA,NA,FR4401572236,321.3,NA,P-3,D,2024-01-19,2013-2016,farm5
FR4401572237,832.038821,1508.058227,676.019406,33.476388,2340.097087,NA,NA,0,NA,1,72,NA,0,27,2019-04-03,2016-12-27,2,2016,VL,N,2016-12-27,E,2019-06-14,4,2019,FALSE,2,29,0,0,0,NA,NA,NA,NA,0,0,NA,NA,NA,NA,NA,NA,NA,NA,2013-2016,farm5
FR4401572239,1055.8252286666666,2794.7248913333333,1738.8996626666667,41.278303333333334,11790.097087,2.3333333333333335,1.3333333333333333,1.6666666666666667,108,3,300,57.5,2,34,2022-02-10,2017-01-15,2,2017,VL,N,2017-01-15,B,2022-11-21,12,2019,FALSE,2,70,65,7,3,0.42857142857142855,24,2020-02-08,25,0,0,NA,NA,FR4401572239,320.1,NA,P-3,D,2022-11-21,2016-2019,farm5
FR4401572240,799.029113,0,-799.029113,29.392857,799.029126,NA,NA,0,NA,1,28,NA,0,27,2019-05-17,2017-01-22,2,2017,VL,N,2017-01-22,E,2019-06-14,5,2019,FALSE,2,28,0,0,0,NA,NA,NA,NA,0,0,NA,NA,NA,NA,NA,NA,NA,NA,2016-2019,farm5
FR4401572241,660.679596,1713.203855,1052.524259,27.041958,3754.368932,7,6,7,65,1,143,NA,0,32,2019-10-29,2017-02-13,2,2017,VL,N,2017-02-13,B,2020-11-02,10,2019,TRUE,2,44,227,7,1,0.14285714285714285,22,2020-01-02,NA,0,0,NA,NA,FR4401572241,305.4,NA,P-3,D,2020-11-03,2016-2019,farm5
FR4401572242,803.1553260000001,2003.6892885,1200.5339625,28.829971999999998,9927.718445999999,5.5,4.5,4,78.5,2,363.5,129,1,31,2021-04-19,2017-02-14,2,2017,VL,N,2017-02-14,B,2022-02-07,10,2019,FALSE,2,59,0,11,2,0.18181818181818182,21,2019-11-26,21,0,0,NA,NA,FR4401572242,345.2,NA,P-3,D,2022-02-08,2016-2019,farm5
FR4401572243,810.2427045,2019.126185,1208.8834805000001,29.984251,8943.6165045,2,1,0.5,67.66666666666667,4,307.75,75.33333333333333,3,23,2022-05-27,2017-02-26,2,2017,VL,N,2017-02-26,B,2023-02-13,2,2019,FALSE,2,71,0,6,3,0.5,13,2019-04-23,13,0,0,NA,NA,FR4401572243,293,NA,P-3,D,2023-02-14,2016-2019,farm5
FR4401572244,916.0776554,2136.85434,1220.7766846,32.6754344,8856.504854,2,1,1,57,5,277.8,71.75,4,29,2023-07-16,2017-03-18,2,2017,VL,N,2017-03-18,B,2024-04-02,8,2019,FALSE,2,84,1,10,5,0.5,18,2019-10-14,18,0,0,NA,NA,FR4401572244,343,NA,P-3,D,2024-04-03,2016-2019,farm5
FR4401572246,151.262132,0,-151.262132,12.983333,151.262135,NA,NA,0,NA,1,12,NA,0,32,2020-03-21,2017-07-06,2,2017,VL,N,2017-07-06,E,2020-04-02,3,2020,FALSE,2,32,0,0,0,NA,NA,NA,NA,0,0,NA,NA,NA,NA,NA,NA,NA,NA,2016-2019,farm5
FR4401572247,836.8284646666666,2092.427153,1255.5986883333333,31.972062333333334,12885.177993000001,3.5,2.5,1.3333333333333333,110,3,409,51,2,32,2022-07-21,2017-07-06,2,2017,VL,N,2017-07-06,B,2023-10-30,3,2020,FALSE,2,75,0,7,2,0.2857142857142857,22,2020-06-05,22,0,0,NA,NA,FR4401572247,310.9,NA,P-3,D,2023-10-31,2016-2019,farm5
FR4401572248,985.53396525,2293.00968125,1307.475716,34.60961475,10954.296116,2,1,0.5,101.66666666666667,4,319.75,61.333333333333336,3,31,2023-08-30,2017-07-19,2,2017,VL,N,2017-07-19,B,2024-03-18,3,2020,FALSE,2,79,0,6,3,0.5,22,2020-05-28,22,0,0,NA,NA,FR4401572248,272.3,NA,P-1,D,2024-03-19,2016-2019,farm5
FR4401572249,872.888334,1960.21841875,1087.33008475,29.85993,8854.41747525,1.6666666666666667,0.6666666666666666,0.5,56.666666666666664,4,303.5,59.333333333333336,3,25,2022-07-25,2017-07-31,2,2017,VL,N,2017-07-31,B,2023-07-10,9,2019,FALSE,2,71,0,5,3,0.6,15,2019-11-12,15,0,0,NA,NA,FR4401572249,287,NA,P-3,D,2023-07-11,2016-2019,farm5
FR4401572250,925.5339657999999,2462.9514262000002,1537.4174604,35.99935,11675.844659800001,3.6,2.6,2.6,67.8,5,332.4,58.5,4,24,2023-11-21,2017-08-18,2,2017,VL,N,2017-08-18,NA,NA,9,2019,TRUE,2,NA,NA,18,5,0.2777777777777778,14,2019-11-09,15,0,0,NA,NA,NA,NA,NA,NA,NA,NA,2016-2019,farm5
FR4401572251,586.699014,1719.417446,1132.718432,28.797169,8890.776699,2,1,1,85,1,318,NA,0,27,2019-12-17,2017-08-27,2,2017,VL,N,2017-08-27,B,2020-12-07,12,2019,TRUE,2,39,38,2,1,0.5,18,2020-03-11,18,0,0,NA,NA,FR4401572251,285.5,NA,P-2,D,2020-12-08,2016-2019,farm5
FR4401572252,45.922326,0,-45.922326,5.9125,45.92233,NA,NA,0,NA,1,8,NA,0,30,2020-03-25,2017-08-31,2,2017,VL,N,2017-08-31,E,2020-04-02,3,2020,FALSE,2,31,0,0,0,NA,NA,NA,NA,0,0,NA,NA,NA,NA,NA,NA,NA,NA,2016-2019,farm5
FR4401572253,644.9190836666667,1618.996743,974.0776593333333,25.92365733333333,9338.834951,3,2,1,85,3,261.3333333333333,44,2,29,2022-07-27,2017-09-20,2,2017,VL,N,2017-09-20,M,2022-07-31,3,2020,FALSE,2,58,2,6,2,0.3333333333333333,20,2020-06-05,20,0,0,NA,NA,NA,NA,NA,NA,NA,NA,2016-2019,farm5
FR4401572254,1053.4951296,2640.5824936,1587.087364,37.641718,12494.6019414,2.4,1.4,1.2,63.8,5,339.8,50.5,4,27,2023-12-14,2017-09-24,2,2017,VL,N,2017-09-24,NA,NA,12,2019,TRUE,2,NA,NA,12,5,0.4166666666666667,17,2020-03-16,17,0,0,NA,NA,NA,NA,NA,NA,NA,NA,2016-2019,farm5
FR4401572255,754.6601806666666,1845.8575743333333,1091.1973936666666,29.189467999999998,7259.3527503333335,1.6666666666666667,0.6666666666666666,0.6666666666666666,70.66666666666667,3,260.6666666666667,57,2,34,2022-08-04,2017-10-12,2,2017,VL,N,2017-10-12,B,2023-02-13,8,2020,FALSE,2,64,0,5,3,0.6,24,2020-11-05,24,0,0,NA,NA,FR4401572255,303.4,NA,P-2,D,2023-02-14,2016-2019,farm5
FR4401572256,692.0388195,1976.3591925,1284.320373,32.271035500000004,10295.7766985,3,2,2,53.5,2,326.5,47,1,25,2020-11-30,2017-10-16,2,2017,VL,N,2017-10-16,B,2021-12-27,12,2019,FALSE,2,50,49,6,2,0.3333333333333333,15,2020-02-01,16,0,0,NA,NA,FR4401572256,363.2,NA,O-3,D,2021-12-27,2016-2019,farm5
FR4401572257,310.873777,0,-310.873777,20.0125,310.873786,NA,NA,0,NA,1,16,NA,0,28,2020-03-17,2017-10-25,2,2017,VL,N,2017-10-25,E,2020-04-02,3,2020,FALSE,2,29,0,0,0,NA,NA,NA,NA,0,0,NA,NA,NA,NA,NA,NA,NA,NA,2016-2019,farm5
FR4401572258,739.708724,1694.174729,954.466005,30.152256,12324.368932,8,7,7,109,1,421,NA,0,30,2020-05-23,2017-10-28,2,2017,VL,N,2017-10-28,B,2021-07-19,5,2020,FALSE,2,44,1,8,1,0.125,22,2020-09-09,27,0,0,NA,NA,FR4401572258,314.6,NA,P-3,D,2021-07-19,2016-2019,farm5
FR4401572259,797.556622,2040.2912366666665,1242.7346146666666,35.6958092,8896.229772833334,1.4,0.4,0.3333333333333333,73.4,6,257.1666666666667,58.4,5,25,2024-12-19,2017-11-01,2,2017,VL,N,2017-11-01,M,2024-12-20,12,2019,FALSE,2,85,1,7,5,0.7142857142857143,16,2020-03-10,16,0,0,NA,NA,NA,NA,NA,NA,NA,NA,2016-2019,farm5
FR4401572260,1078.9077525,2595.7038537500002,1516.79610125,35.336453,12781.3834945,5,4,3.5,87,4,377,96,3,26,2024-01-24,2017-11-05,2,2017,VL,N,2017-11-05,B,2024-12-23,1,2020,FALSE,2,85,0,20,4,0.2,16,2020-03-19,17,0,0,NA,NA,FR4401572260,319.9,NA,P-3,D,2024-12-24,2016-2019,farm5
FR4401572261,1034.5436750000001,2603.1261838,1568.5825088000001,37.1582834,10320.6990286,3,2,1.6,82,5,285.2,102,4,27,2024-06-28,2017-11-12,2,2017,VL,N,2017-11-12,NA,NA,3,2020,TRUE,2,NA,NA,12,4,0.3333333333333333,17,2020-05-09,19,0,0,NA,NA,NA,NA,NA,NA,NA,NA,2016-2019,farm5
FR4401572263,859.563091,1581.359201,721.79611,31.060965500000002,5254.417475,4,3,1.5,50,2,183.5,43,1,25,2020-12-22,2017-12-04,2,2017,VL,N,2017-12-04,B,2021-06-09,1,2020,FALSE,2,42,94,4,1,0.25,15,2020-03-12,15,0,0,NA,NA,FR4401572263,298.7,NA,P-3,D,2021-06-10,2016-2019,farm5
FR4401572264,1073.689306,2665.275054333333,1591.5857483333332,38.12769633333333,11227.63754,3.6666666666666665,2.6666666666666665,2.6666666666666665,84.66666666666667,3,300.6666666666667,56.5,2,25,2022-01-30,2017-12-29,2,2017,VL,N,2017-12-29,B,2022-12-26,2,2020,FALSE,2,59,28,11,3,0.2727272727272727,15,2020-04-11,15,0,0,NA,NA,FR4401572264,295,NA,P-3,D,2022-12-26,2016-2019,farm5
FR4401572265,1054.1553266,2493.8834659999998,1439.7281394,36.7838624,10912.912621,2,1,0.8,95.6,5,310.6,75.25,4,24,2024-08-30,2018-01-27,2,2018,VL,N,2018-01-27,NA,NA,2,2020,TRUE,2,NA,NA,10,5,0.5,14,2020-04-09,14,0,0,NA,NA,NA,NA,NA,NA,NA,NA,2016-2019,farm5
FR4401572266,1019.3527356666666,2162.621328,1143.2685923333333,32.742437,11928.187702,2.3333333333333335,1.3333333333333333,1.3333333333333333,85.66666666666667,3,369.6666666666667,64,2,28,2022-07-31,2018-01-28,2,2018,VL,N,2018-01-28,B,2023-10-30,6,2020,FALSE,2,69,0,7,3,0.42857142857142855,19,2020-09-01,19,0,0,NA,NA,FR4401572266,289.7,NA,P-3,D,2023-10-31,2016-2019,farm5
FR4401572267,944.8155188000001,2441.6310382,1496.8155194,35.4449696,10992.9320384,2.4,1.4,1,83,5,327,52.75,4,23,2024-08-12,2018-02-23,2,2018,VL,N,2018-02-23,NA,NA,2,2020,TRUE,2,NA,NA,12,5,0.4166666666666667,13,2020-04-18,13,0,0,NA,NA,NA,NA,NA,NA,NA,NA,2016-2019,farm5
FR4401572268,1057.6116368,2486.7572516,1429.1456148,36.4254966,9083.5533978,2.4,1.4,1.6,84.8,5,267.4,93.25,4,27,2024-11-16,2018-03-17,2,2018,VL,N,2018-03-17,NA,NA,7,2020,TRUE,2,NA,NA,12,5,0.4166666666666667,17,2020-09-12,17,0,0,NA,NA,NA,NA,NA,NA,NA,NA,2016-2019,farm5
FR4401572269,954.466005,2669.6116202499998,1715.14561525,39.61097875,13820.097087,2.5,1.5,1.5,81.75,4,354,61.666666666666664,3,30,2024-02-29,2018-04-05,2,2018,VL,N,2018-04-05,B,2025-03-10,10,2020,FALSE,2,83,0,10,4,0.4,20,2020-12-14,20,0,0,NA,NA,FR4401572269,345.9,NA,P-3,D,2025-03-10,2016-2019,farm5
FR4401572270,918.7378490000001,2124.805793,1206.067944,31.4818955,11211.504853999999,4,3,2,58.5,2,378.5,57,1,25,2021-11-10,2018-04-28,2,2018,VL,N,2018-04-28,B,2022-11-21,6,2020,FALSE,2,54,75,8,2,0.25,15,2020-08-19,17,0,0,NA,NA,FR4401572270,323.6,NA,P-3,D,2022-11-21,2016-2019,farm5
FR4401572271,928.7378496,2345.475698,1416.7378484,36.6765824,10631.4368928,NA,NA,0,NA,5,303,36.25,4,27,2024-09-19,2018-05-08,2,2018,VL,NA,NA,NA,NA,8,2020,FALSE,2,NA,NA,0,0,NA,NA,NA,NA,0,0,NA,NA,NA,NA,NA,NA,NA,NA,2016-2019,farm5
FR4401572272,777.4109883333333,2046.1811976666668,1268.7702093333332,29.514369000000002,9795.825242,4,3,3,72.33333333333333,3,345.6666666666667,65.5,2,28,2023-02-18,2018-05-21,2,2018,VL,N,2018-05-21,B,2024-01-02,10,2020,FALSE,2,67,0,12,3,0.25,18,2020-12-15,22,0,0,NA,NA,FR4401572272,286,NA,P-3,D,2024-01-02,2016-2019,farm5
FR4401572273,691.2297586666666,1980.355953,1289.1261943333334,28.966230000000003,7863.656957666666,2,1,1,89.33333333333333,3,266.3333333333333,155,2,27,2022-12-09,2018-06-21,2,2018,VL,N,2018-06-21,B,2023-10-30,10,2020,FALSE,2,64,0,6,3,0.5,17,2020-12-12,18,0,0,NA,NA,FR4401572273,273.8,NA,P-2,D,2023-10-31,2016-2019,farm5
FR4401572274,684.4336430000001,1742.2653433333332,1057.8317003333334,28.728729666666666,9670.129449666667,2,1,0.6666666666666666,62.5,3,347.3333333333333,46,2,27,2022-09-03,2018-06-21,2,2018,VL,N,2018-06-21,B,2023-10-30,9,2020,FALSE,2,64,0,4,2,0.5,17,2020-11-28,17,0,0,NA,NA,FR4401572274,276,NA,P-3,D,2023-10-31,2016-2019,farm5
FR4401572275,510.194158,1375.436866,865.242708,24.336986,8624.271844,4,3,2,74,1,365,NA,0,25,2020-08-24,2018-07-02,2,2018,VL,N,2018-07-02,B,2021-08-24,8,2020,FALSE,2,37,0,4,1,0.25,16,2020-11-06,16,0,0,NA,NA,FR4401572275,318.5,NA,P-3,D,2021-08-25,2016-2019,farm5
FR4401572276,727.702252,2122.038803666667,1394.3365516666668,32.91159566666667,9038.996763,2,1,1,100.33333333333333,3,291.6666666666667,112.5,2,24,2022-12-17,2018-07-31,2,2018,VL,N,2018-07-31,B,2024-01-17,8,2020,FALSE,2,65,163,6,3,0.5,17,2021-01-05,18,0,0,NA,NA,FR4401572276,304.8,NA,P-3,D,2024-01-19,2016-2019,farm5
FR4401572277,1052.79124775,2545.461134,1492.66988625,34.8042,10962.4999995,2,1,1,95.25,4,322.5,60.333333333333336,3,23,2023-10-11,2018-08-08,2,2018,VL,N,2018-08-08,B,2024-08-07,7,2020,FALSE,2,71,0,8,4,0.5,13,2020-09-25,13,0,0,NA,NA,FR4401572277,415.3,NA,P-3,D,2024-08-09,2016-2019,farm5
FR4401572278,884.5630933333333,2715.5339506666664,1830.9708573333332,38.854684666666664,10276.181229333333,1.3333333333333333,0.33333333333333337,0.3333333333333333,71.33333333333333,3,275.3333333333333,47,2,31,2023-03-11,2018-08-11,2,2018,VL,N,2018-08-11,B,2024-01-02,3,2021,FALSE,2,64,96,4,3,0.75,22,2021-06-12,22,0,0,NA,NA,FR4401572278,332.6,NA,P-3,D,2024-01-02,2016-2019,farm5
FR4401572280,776.084126,1807.1844373333333,1031.1003113333334,28.128112333333334,7212.880258333334,3.5,2.5,1.6666666666666667,47,3,258.6666666666667,59,2,23,2022-10-18,2018-09-05,2,2018,VL,N,2018-09-05,B,2023-02-13,9,2020,FALSE,2,53,0,7,2,0.2857142857142857,13,2020-10-15,15,0,0,NA,NA,FR4401572280,280.5,NA,P-3,D,2023-02-14,2016-2019,farm5
FR4401572283,391.553383,356.990277,-34.563106,14.018181,748.543689,NA,NA,0,NA,1,55,NA,0,25,2020-12-02,2018-10-08,2,2018,VL,NA,NA,B,2021-06-09,12,2020,FALSE,2,32,134,0,0,NA,NA,NA,NA,0,0,NA,NA,FR4401572283,319.1,NA,P-3,D,2021-06-10,2016-2019,farm5
FR4401572284,993.44658775,2488.5922032500002,1495.1456155,37.21637475,11665.87378575,2.25,1.25,1.25,67.75,4,321.25,52.666666666666664,3,29,2024-03-18,2018-10-10,2,2018,VL,N,2018-10-10,B,2025-03-10,3,2021,FALSE,2,77,0,9,4,0.4444444444444444,19,2021-05-24,19,0,0,NA,NA,FR4401572284,311.4,NA,P-3,D,2025-03-10,2016-2019,farm5
FR4401572285,706.9902776,2070.9514262,1363.9611486,33.3293764,8785.611649800001,1.5,0.5,0.4,65,5,274.4,55.5,4,24,2024-10-28,2018-10-21,2,2018,VL,N,2018-10-21,NA,NA,10,2020,TRUE,2,NA,NA,6,4,0.6666666666666666,14,2020-12-26,14,0,0,NA,NA,NA,NA,NA,NA,NA,NA,2016-2019,farm5
FR4401572286,313.786401,0,-313.786401,21.546666,313.786407,NA,NA,0,NA,1,15,NA,0,26,2021-01-05,2018-10-23,2,2018,VL,N,2018-10-23,E,2021-01-20,1,2021,FALSE,2,26,0,0,0,NA,NA,NA,NA,0,0,NA,NA,NA,NA,NA,NA,NA,NA,2016-2019,farm5
FR4401572287,691.165036,1917.961135,1226.796099,29.144776,9479.126213,5,4,4,50,1,335,NA,0,36,2021-11-04,2018-10-24,2,2018,VL,N,2018-10-24,B,2023-07-10,11,2021,FALSE,2,56,278,5,1,0.2,25,2021-12-23,28,0,0,NA,NA,FR4401572287,311.4,NA,P-3,D,2023-07-11,2016-2019,farm5
FR4401572288,739.0776555,1074.4660005,335.388345,27.461145000000002,4869.368932,2,1,0.5,136,2,185,102,1,28,2022-05-13,2018-10-31,2,2018,VL,A,2020-08-18,M,2022-06-28,3,2021,FALSE,2,43,1,2,1,0.5,20,2021-07-25,21,0,0,NA,NA,NA,NA,NA,NA,NA,NA,2016-2019,farm5
FR4401572289,1015.2815390000001,2641.6116216,1626.3300826,40.483174,10114.0582516,1.6,0.6,0.8,65.4,6,266,52.5,4,25,2024-12-04,2018-11-07,2,2018,VL,N,2018-11-07,NA,NA,12,2020,TRUE,2,NA,NA,8,5,0.625,15,2021-02-22,15,0,0,NA,NA,NA,NA,NA,NA,NA,NA,2016-2019,farm5
FR4401572290,133.009704,0,-133.009704,17.125,133.009708,NA,NA,0,NA,1,8,NA,0,26,2021-01-12,2018-11-10,2,2018,VA,N,2018-11-10,E,2021-01-20,1,2021,FALSE,2,26,0,0,0,NA,NA,NA,NA,0,0,NA,NA,NA,NA,NA,NA,NA,NA,2016-2019,farm5
FR4401572291,787.572799,1920.582494,1133.009695,34.442857,7958.640776,NA,NA,0,NA,1,238,NA,0,35,2021-11-16,2018-11-27,2,2018,VL,N,2018-11-27,B,2022-11-21,11,2021,FALSE,2,47,132,0,0,NA,NA,NA,NA,0,0,NA,NA,FR4401572291,323,NA,P-3,D,2022-11-21,2016-2019,farm5
FR4401572293,724.563094,1408.640759,684.077665,33.290909,2133.203883,1,0,1,57,1,66,NA,0,25,2021-02-03,2018-12-20,2,2018,VL,N,2018-12-20,E,2021-04-10,2,2021,FALSE,2,27,0,1,1,1,15,2021-03-31,NA,0,0,NA,NA,NA,NA,NA,NA,NA,NA,2016-2019,farm5
FR4401572295,246.3592165,762.378627,516.0194105,29.120518,5998.495145499999,5,4,2,73,2,212,38,1,22,2022-02-19,2019-01-08,2,2019,VL,N,2019-01-08,B,2022-05-16,11,2020,FALSE,2,40,86,5,1,0.2,12,2021-01-25,16,0,0,NA,NA,FR4401572295,351.1,NA,P-3,D,2022-05-17,2016-2019,farm5
FR4401572295,246.3592165,762.378627,516.0194105,29.120518,5998.495145499999,5,4,2,73,2,212,38,1,22,2022-02-19,2019-01-08,2,2019,VL,N,2019-01-08,B,2022-05-16,11,2020,TRUE,2,40,86,5,1,0.2,12,2021-01-25,16,0,0,NA,NA,FR4401572295,351.1,NA,P-3,D,2022-05-17,2016-2019,farm5
FR4401572296,440.970864,0,-440.970864,23.905263,440.970873,NA,NA,0,NA,1,19,NA,0,26,2021-03-22,2019-01-09,2,2019,VL,N,2019-01-09,E,2021-04-10,3,2021,FALSE,2,27,0,0,0,NA,NA,NA,NA,0,0,NA,NA,NA,NA,NA,NA,NA,NA,2016-2019,farm5
FR4401572297,790.388334,806.116496,15.728162,31.026415,1596.504854,NA,NA,0,NA,1,53,NA,0,25,2021-02-16,2019-01-13,2,2019,VL,N,2019-01-13,E,2021-04-10,2,2021,FALSE,2,26,0,0,0,NA,NA,NA,NA,0,0,NA,NA,NA,NA,NA,NA,NA,NA,2016-2019,farm5
FR4401572298,570.2912515,1278.9805685,708.689317,23.881477,4853.834951,2,1,0.5,202,1,145.5,NA,0,24,2022-02-02,2019-01-21,2,2019,VL,N,2019-01-21,B,2022-11-21,2,2021,FALSE,2,46,637,2,1,0.5,31,2022-08-23,31,0,0,NA,NA,FR4401572298,304.6,NA,P-3,D,2022-11-21,2016-2019,farm5
FR4401572298,570.2912515,1278.9805685,708.689317,23.881477,4853.834951,2,1,0.5,202,1,145.5,NA,0,24,2022-02-02,2019-01-21,2,2019,VL,N,2019-01-21,B,2022-11-21,2,2021,FALSE,2,46,637,2,1,0.5,31,2022-08-23,31,0,0,NA,NA,FR4401572298,304.6,NA,P-3,D,2022-11-21,2016-2019,farm5
FR4401572300,969.1261986666666,2418.0905846666665,1448.964386,33.123969333333335,11282.071197,5,4,4.333333333333333,121,3,354.6666666666667,114.5,2,30,2024-04-09,2019-02-21,2,2019,VL,N,2019-02-21,NA,NA,8,2021,TRUE,2,NA,NA,15,3,0.2,21,2021-11-29,26,0,0,NA,NA,NA,NA,NA,NA,NA,NA,2016-2019,farm5
FR4401572301,871.723286,2247.62132975,1375.89804375,35.95829325,9450.679611,2,1,1.25,73,4,280.5,55.333333333333336,3,29,2024-12-02,2019-03-19,2,2019,VL,N,2019-03-19,NA,NA,8,2021,TRUE,2,NA,NA,8,4,0.5,19,2021-11-09,19,0,0,NA,NA,NA,NA,NA,NA,NA,NA,2016-2019,farm5
FR4401572302,601.165035,1194.563087,593.398052,26.422857,1795.728155,NA,NA,0,NA,1,70,NA,0,24,2021-06-04,2019-05-16,2,2019,VL,N,2019-05-16,E,2021-08-14,6,2021,FALSE,2,26,1,0,0,NA,NA,NA,NA,0,0,NA,NA,NA,NA,NA,NA,NA,NA,2016-2019,farm5
FR4401572303,1131.359209,2654.0776373333333,1522.7184283333333,40.20771766666667,14360.776698333333,2.3333333333333335,1.3333333333333333,1.3333333333333333,94.33333333333333,3,372.3333333333333,50.5,2,25,2024-01-18,2019-07-13,2,2019,VL,N,2019-07-13,M,2025-01-28,9,2021,FALSE,2,66,19,7,3,0.42857142857142855,16,2021-12-09,20,0,0,NA,NA,NA,NA,NA,NA,NA,NA,2016-2019,farm5
FR4401572304,903.567946,2379.8057952500003,1476.23784925,35.812352249999996,8842.20873775,1.3333333333333333,0.33333333333333337,0.25,99,4,254.75,77.66666666666667,3,26,2024-11-30,2019-08-01,2,2019,VL,N,2019-08-01,NA,NA,10,2021,TRUE,2,NA,NA,4,3,0.75,16,2021-12-25,16,0,0,NA,NA,NA,NA,NA,NA,NA,NA,2016-2019,farm5
FR4401572305,778.5436745,2095.3397765,1316.796102,31.9755125,9570.873786,1.5,0.5,0.5,75,2,307.5,45,1,24,2022-08-22,2019-08-15,2,2019,VL,N,2019-08-15,M,2023-12-02,9,2021,FALSE,2,51,149,3,2,0.6666666666666666,15,2021-11-18,15,0,0,NA,NA,NA,NA,NA,NA,NA,NA,2016-2019,farm5
FR4401572306,720.679595,1676.456281,955.7766859999999,26.4157275,8115.339805,NA,NA,0,NA,2,316,45,1,24,2022-08-05,2019-08-15,2,2019,VL,N,2019-08-15,B,2023-07-10,8,2021,FALSE,2,46,0,0,0,NA,NA,NA,NA,0,0,NA,NA,FR4401572306,316.3,NA,P-2,D,2023-07-11,2016-2019,farm5
FR4401572307,821.7475576666667,2077.5727866666666,1255.825229,33.622461333333334,11419.838187333333,1.5,0.5,0.3333333333333333,110.5,3,350.3333333333333,41.5,2,24,2023-11-02,2019-08-16,2,2019,VL,N,2019-08-16,B,2024-10-07,8,2021,FALSE,2,61,0,3,2,0.6666666666666666,16,2021-12-16,16,0,0,NA,NA,FR4401572307,342.4,NA,P-3,D,2024-10-08,2016-2019,farm5
FR4401572308,861.77182975,2157.0873475,1295.31551775,32.2778525,6412.52427125,2,1,1,84.75,4,209.5,148.33333333333334,3,24,2024-10-07,2019-08-23,2,2019,VA,N,2019-08-23,B,2025-04-01,9,2021,TRUE,2,67,20,8,4,0.5,14,2021-11-09,14,0,0,NA,NA,FR4401572308,414.2,NA,O-3,D,2025-04-01,2016-2019,farm5
FR4401572309,916.310665,2197.20870775,1280.89804275,34.3949425,9139.61165,2,1,1,60.5,4,279.75,52,3,24,2024-09-06,2019-08-30,2,2019,VL,N,2019-08-30,NA,NA,9,2021,TRUE,2,NA,NA,8,4,0.5,14,2021-11-06,14,0,0,NA,NA,NA,NA,NA,NA,NA,NA,2016-2019,farm5
FR4401572310,999.0291126666667,2648.284760666667,1649.2556479999998,42.097852,8854.368931666666,2,1,1,72.66666666666667,3,223.66666666666666,101.5,2,26,2023-12-19,2019-10-12,2,2019,VL,N,2019-10-12,B,2025-01-21,12,2021,TRUE,2,63,253,6,3,0.5,16,2022-02-22,17,0,0,NA,NA,FR4401572310,335.2,NA,P-3,D,2025-01-21,2016-2019,farm5
FR4401572311,1003.9805683333333,2438.0582243333333,1434.077656,37.31783866666667,10600.485436666668,1.3333333333333333,0.33333333333333337,0.3333333333333333,67,3,295,64.5,2,26,2023-12-18,2019-10-29,2,2019,VL,N,2019-10-29,M,2024-12-18,12,2021,FALSE,2,61,68,4,3,0.75,15,2022-02-20,17,0,0,NA,NA,NA,NA,NA,NA,NA,NA,2016-2019,farm5
FR4401572312,0.970872,0,-0.970872,0.5,0.970873,NA,NA,0,NA,1,2,NA,0,32,2022-07-04,2019-11-03,2,2019,VL,N,2019-11-03,B,2022-12-26,7,2022,FALSE,2,37,173,0,0,NA,NA,NA,NA,0,0,NA,NA,FR4401572312,292,NA,P-3,D,2022-12-26,2016-2019,farm5
FR4401572314,1132.4918953333333,2586.860814,1454.3689186666666,41.29942466666667,9042.394821333333,2.5,1.5,1,68,3,242,69,2,30,2024-08-13,2019-11-24,2,2019,VL,N,2019-11-24,M,2024-11-08,6,2022,FALSE,2,59,4,5,2,0.4,20,2022-08-14,21,0,0,NA,NA,NA,NA,NA,NA,NA,NA,2016-2019,farm5
FR4401572315,289.417464,1143.883467,854.466003,16.99829,1930.873786,1,0,1,70,1,117,NA,0,24,2021-12-17,2019-12-06,2,2019,VL,N,2019-12-06,B,2022-04-13,12,2021,FALSE,2,28,0,1,1,1,14,2022-02-24,NA,0,0,NA,NA,FR4401572315,250.3,NA,P-3,D,2022-04-14,2016-2019,farm5
FR4401572316,629.951442,1854.8057939999999,1224.8543519999998,31.3553055,9943.5922325,2.5,1.5,1,57,2,324.5,51,1,23,2022-10-31,2019-12-09,2,2019,VL,N,2019-12-09,B,2023-10-30,11,2021,FALSE,2,46,0,5,2,0.4,13,2022-01-18,13,0,0,NA,NA,FR4401572316,321.8,NA,P-3,D,2023-10-31,2016-2019,farm5
FR4401572318,1019.635909,1939.975704,920.3397950000001,39.244462,8353.20388325,1.3333333333333333,0.33333333333333337,0.25,76.66666666666667,4,232.25,57.333333333333336,3,26,2025-02-06,2019-12-11,2,2019,VL,N,2019-12-11,NA,NA,3,2022,TRUE,2,NA,NA,4,3,0.75,17,2022-05-24,17,0,0,NA,NA,NA,NA,NA,NA,NA,NA,2016-2019,farm5
FR4401572319,978.5436763333333,2371.4886423333332,1392.944966,31.79266966666667,10382.556633666667,2.3333333333333335,1.3333333333333333,1.3333333333333333,89.66666666666667,3,336,78,2,24,2024-04-09,2019-12-13,2,2019,VL,N,2019-12-13,B,2025-03-10,1,2022,FALSE,2,62,0,7,3,0.42857142857142855,14,2022-02-25,14,0,0,NA,NA,FR4401572319,342.5,NA,P-3,D,2025-03-10,2016-2019,farm5
FR4401572320,1087.83979175,2241.6504615,1153.81066975,39.78961075,8720.09708675,2,1,0.75,56.333333333333336,4,238.75,63.666666666666664,3,25,2025-01-15,2019-12-16,2,2019,VL,N,2019-12-16,NA,NA,1,2022,TRUE,2,NA,NA,6,3,0.5,15,2022-03-24,16,0,0,NA,NA,NA,NA,NA,NA,NA,NA,2016-2019,farm5
FR4401572323,893.59221875,1890.75240575,997.160187,38.322689249999996,7920.43689275,1.6666666666666667,0.6666666666666666,0.5,60,4,219.75,68.66666666666667,3,25,2025-02-17,2020-01-21,2,2020,VL,N,2020-01-21,NA,NA,3,2022,TRUE,2,NA,NA,5,3,0.6,15,2022-05-18,15,0,0,NA,NA,NA,NA,NA,NA,NA,NA,2019+,farm5
FR4401572324,991.3915716666667,2489.06146,1497.6698883333333,36.96966666666667,11063.074433333333,1.6666666666666667,0.6666666666666666,0.6666666666666666,123.33333333333333,3,311,65.5,2,26,2024-07-15,2020-01-30,2,2020,VL,N,2020-01-30,NA,NA,4,2022,TRUE,2,NA,NA,5,3,0.6,18,2022-08-12,18,0,0,NA,NA,NA,NA,NA,NA,NA,NA,2019+,farm5
FR4401572325,854.271832,1984.983788,1130.7119559999999,33.017646,6768.317151666667,1.3333333333333333,0.33333333333333337,0.3333333333333333,96.66666666666667,3,226.33333333333334,151.5,2,28,2024-12-23,2020-02-13,2,2020,VL,N,2020-02-13,NA,NA,7,2022,TRUE,2,NA,NA,4,3,0.75,18,2022-08-21,18,0,0,NA,NA,NA,NA,NA,NA,NA,NA,2019+,farm5
FR4401572326,1160.266975,2465.655315,1305.38834,42.7178335,9106.99029075,1.25,0.25,0.5,73,4,233.75,62.333333333333336,3,23,2025-01-08,2020-02-16,2,2020,VL,N,2020-02-16,NA,NA,2,2022,TRUE,2,NA,NA,5,4,0.8,13,2022-04-06,13,0,0,NA,NA,NA,NA,NA,NA,NA,NA,2019+,farm5
FR4401572327,770.6795970000001,2196.8446329999997,1426.1650359999999,37.4259635,7627.76699,2,1,0.5,121,2,224.5,78,1,31,2023-12-26,2020-03-03,2,2020,VL,N,2020-03-03,M,2024-03-18,10,2022,FALSE,2,48,3,2,1,0.5,22,2023-02-02,24,0,0,NA,NA,NA,NA,NA,NA,NA,NA,2019+,farm5
FR4401572328,869.9999846666667,2133.365666333333,1263.3656816666667,33.461372,8698.8996760000009,4,3,3,62,3,273,77,2,28,2024-09-10,2020-03-06,2,2020,VL,N,2020-03-06,NA,NA,7,2022,TRUE,2,NA,NA,12,3,0.25,17,2022-09-05,18,0,0,NA,NA,NA,NA,NA,NA,NA,NA,2019+,farm5
FR4401572329,608.640763,1846.504823,1237.86406,26.356,5117.669902,2,1,1,80,1,200,NA,0,24,2022-03-11,2020-03-09,2,2020,VL,N,2020-03-09,B,2023-05-09,3,2022,FALSE,2,38,224,2,1,0.5,14,2022-05-28,15,0,0,NA,NA,FR4401572329,328.9,NA,O-3,D,2023-05-10,2019+,farm5
FR4401572330,722.912608,645.436879,-77.475729,26.1,1368.349514,NA,NA,0,NA,1,54,NA,0,26,2022-05-21,2020-03-15,2,2020,VL,N,2020-03-15,M,2022-10-13,5,2022,FALSE,2,30,91,0,0,NA,NA,NA,NA,0,0,NA,NA,NA,NA,NA,NA,NA,NA,2019+,farm5
FR4401572331,944.0776553333334,2358.867285,1414.7896296666665,35.86309766666667,10683.81877,3,2,1.3333333333333333,61,3,317.6666666666667,74.5,2,23,2024-07-28,2020-03-20,2,2020,VL,N,2020-03-20,NA,NA,3,2022,TRUE,2,NA,NA,9,3,0.3333333333333333,13,2022-05-03,13,0,0,NA,NA,NA,NA,NA,NA,NA,NA,2019+,farm5
FR4401572332,976.893189,2223.527478,1246.634289,32.16819133333333,7913.203883,1,0,0,80.33333333333333,3,246.66666666666666,102.5,2,24,2024-05-13,2020-07-06,2,2020,VL,N,2020-07-06,NA,NA,7,2022,TRUE,2,NA,NA,3,3,1,14,2022-09-06,14,0,0,NA,NA,NA,NA,NA,NA,NA,NA,2019+,farm5
FR4401572333,856.3430286666667,2062.686053666667,1206.343025,30.458348,7804.854368666667,3,2,2,63.666666666666664,3,265.3333333333333,120,2,21,2024-07-11,2020-07-15,2,2020,VL,N,2020-07-15,NA,NA,5,2022,TRUE,2,NA,NA,9,3,0.3333333333333333,11,2022-07-14,13,0,0,NA,NA,NA,NA,NA,NA,NA,NA,2019+,farm5
FR4401572334,972.8640635,2603.640747,1630.7766835,40.2188475,16363.30097,2,1,1,148,2,423,51,1,25,2024-02-22,2020-08-23,2,2020,VL,N,2020-08-23,NA,NA,9,2022,TRUE,2,NA,NA,4,2,0.5,19,2023-04-01,20,0,0,NA,NA,NA,NA,NA,NA,NA,NA,2019+,farm5
FR4401572335,808.0258756666667,1893.3333033333333,1085.3074276666666,29.622564,5946.213591666667,1,0,0,71.5,4,208.66666666666666,117.5,2,26,2024-10-05,2020-08-24,2,2020,VL,N,2020-08-24,NA,NA,11,2022,TRUE,2,NA,NA,2,2,1,16,2023-01-13,16,0,0,NA,NA,NA,NA,NA,NA,NA,NA,2019+,farm5
FR4401572336,954.1100176666667,2479.029098,1524.9190803333333,40.06966466666667,11011.132685333334,2,1,1,73.66666666666667,3,297.3333333333333,39,2,22,2024-08-25,2020-08-26,2,2020,VL,N,2020-08-26,NA,NA,7,2022,TRUE,2,NA,NA,6,3,0.5,12,2022-09-04,15,0,0,NA,NA,NA,NA,NA,NA,NA,NA,2019+,farm5
FR4401572337,801.7475593333334,2172.9449553333334,1371.197396,34.131884666666664,7766.051779333333,2.3333333333333335,1.3333333333333333,1.3333333333333333,73.66666666666667,3,241.33333333333334,106.5,2,23,2024-10-16,2020-08-31,2,2020,VL,N,2020-08-31,NA,NA,8,2022,TRUE,2,NA,NA,7,3,0.42857142857142855,13,2022-10-07,13,0,0,NA,NA,NA,NA,NA,NA,NA,NA,2019+,farm5
FR4401572338,946.6019279999999,2378.2523985,1431.6504705,36.9111915,12895.922329500001,4,3,2.5,94,2,376.5,87,1,26,2024-07-01,2020-08-31,2,2020,VL,N,2020-08-31,NA,NA,11,2022,TRUE,2,NA,NA,8,2,0.25,18,2023-03-22,19,0,0,NA,NA,NA,NA,NA,NA,NA,NA,2019+,farm5
FR4401572339,702.006457,1869.1909093333334,1167.1844523333334,29.850908,6050.776698666667,1,0,0,71.33333333333333,3,213,117.5,2,25,2024-09-12,2020-09-01,2,2020,VL,N,2020-09-01,NA,NA,10,2022,TRUE,2,NA,NA,3,3,1,16,2023-01-01,16,0,0,NA,NA,NA,NA,NA,NA,NA,NA,2019+,farm5
FR4401572340,723.7216703333333,1959.9352456666666,1236.2135753333334,30.680898,7121.197410666667,2.3333333333333335,1.3333333333333333,1.6666666666666667,89.33333333333333,3,239,129,2,22,2024-09-24,2020-09-06,2,2020,VL,N,2020-09-06,NA,NA,7,2022,TRUE,2,NA,NA,7,3,0.42857142857142855,12,2022-09-26,15,0,0,NA,NA,NA,NA,NA,NA,NA,NA,2019+,farm5
FR4401572341,644.7572663333333,1722.3624323333333,1077.605166,26.740668333333332,6053.818769666666,2.3333333333333335,1.3333333333333333,1.6666666666666667,63,3,237.33333333333334,83.5,2,25,2024-09-17,2020-09-11,2,2020,VL,N,2020-09-11,NA,NA,10,2022,TRUE,2,NA,NA,7,3,0.42857142857142855,14,2022-12-06,15,0,0,NA,NA,NA,NA,NA,NA,NA,NA,2019+,farm5
FR4401572342,873.1067820000001,1954.2232715,1081.1164895000002,31.56936,10126.4077665,3,2,2,65.5,2,340.5,45,1,26,2024-01-29,2020-09-14,2,2020,VL,N,2020-09-14,B,2024-11-13,11,2022,FALSE,2,49,0,6,2,0.3333333333333333,15,2023-01-07,19,0,0,NA,NA,FR4401572342,347.9,NA,O-3,D,2024-11-13,2019+,farm5
FR4401572343,717.03882,2126.5533705,1409.5145505,31.9626955,9553.398057999999,3,2,2,81,3,307,78,1,26,2023-12-27,2020-10-12,2,2020,VL,N,2020-10-12,B,2024-11-13,12,2022,FALSE,2,49,0,6,2,0.3333333333333333,16,2023-02-27,17,0,0,NA,NA,FR4401572343,335.6,NA,P-3,D,2024-11-13,2019+,farm5
FR4401572345,8.932037,0,-8.932037,4.6,8.932038,NA,NA,0,NA,1,2,NA,0,23,2022-10-24,2020-11-13,2,2020,VL,N,2020-11-13,B,2022-12-26,10,2022,FALSE,2,25,61,0,0,NA,NA,NA,NA,0,0,NA,NA,FR4401572345,289.5,NA,P-3,D,2022-12-26,2019+,farm5
FR4401572346,530.485423,1622.427151,1091.941728,28.227428,9591.84466,2,1,1,101,1,350,NA,0,24,2022-11-21,2020-11-13,2,2020,VL,N,2020-11-13,B,2024-01-02,11,2022,FALSE,2,37,57,2,1,0.5,15,2023-02-27,16,0,0,NA,NA,FR4401572346,303,NA,P-3,D,2024-01-02,2019+,farm5
FR4401572347,877.572802,2015.0161523333334,1137.4433503333335,30.361288666666667,5878.025889666666,1.3333333333333333,0.33333333333333337,0.3333333333333333,69.66666666666667,3,205.66666666666666,113,2,23,2024-10-03,2020-12-12,2,2020,VL,N,2020-12-12,NA,NA,11,2022,TRUE,2,NA,NA,4,3,0.75,13,2023-01-13,13,0,0,NA,NA,NA,NA,NA,NA,NA,NA,2019+,farm5
FR4401572349,175.922324,0,-175.922324,11.325,175.92233,NA,NA,0,NA,2,16,NA,0,22,2022-11-02,2020-12-21,2,2020,VL,N,2020-12-21,B,2024-01-02,11,2022,FALSE,2,36,410,0,0,NA,NA,NA,NA,0,0,NA,NA,FR4401572349,304.2,NA,P-3,D,2024-01-02,2019+,farm5
FR4401572351,720.5339665,2055.582493,1335.0485265,29.279684000000003,9784.368931500001,2,1,0,78,2,332.5,81,1,25,2024-02-02,2020-12-23,2,2020,VL,N,2020-12-23,B,2025-04-01,2,2023,TRUE,2,51,20,4,2,0.5,16,2023-05-02,16,0,0,NA,NA,FR4401572351,285.6,NA,P-3,D,2025-04-01,2019+,farm5
FR4401572352,0,0,0,NA,0,NA,NA,0,NA,1,0,NA,0,23,2023-01-09,2021-01-12,2,2021,VL,N,2021-01-12,M,2023-01-17,1,2023,FALSE,2,24,8,0,0,NA,NA,NA,NA,0,0,NA,NA,NA,NA,NA,NA,NA,NA,2019+,farm5
FR4401572355,907.135908,2481.7475409999997,1574.611633,33.6101285,9281.8932035,4,3,3,64.5,2,284,48,1,23,2023-12-24,2021-02-16,2,2021,VL,N,2021-02-16,B,2024-10-07,1,2023,FALSE,2,43,0,8,2,0.25,13,2023-03-23,13,0,0,NA,NA,FR4401572355,293.2,NA,P-2,D,2024-10-08,2019+,farm5
FR4401572356,778.88348,2013.058225,1234.1747449999998,30.7147075,8631.019417,NA,NA,0,NA,2,294.5,173,1,23,2024-07-09,2021-02-24,2,2021,VL,N,2021-02-24,NA,NA,2,2023,FALSE,2,NA,NA,0,0,NA,NA,NA,NA,0,0,NA,NA,NA,NA,NA,NA,NA,NA,2019+,farm5
FR4401572357,969.708723,2598.106767,1628.398044,37.5731265,11031.8932035,2.5,1.5,1.5,93,2,307.5,38,1,26,2024-07-26,2021-03-06,2,2021,VL,N,2021-03-06,NA,NA,5,2023,TRUE,2,NA,NA,5,2,0.4,18,2023-09-30,19,0,0,NA,NA,NA,NA,NA,NA,NA,NA,2019+,farm5
FR4401572358,981.3106639999999,2429.611623,1448.300959,36.1997765,10683.155339500001,2.5,1.5,1.5,60.5,2,305.5,70,1,23,2024-03-20,2021-03-10,2,2021,VL,N,2021-03-10,NA,NA,2,2023,TRUE,2,NA,NA,5,2,0.4,13,2023-05-08,15,0,0,NA,NA,NA,NA,NA,NA,NA,NA,2019+,farm5
FR4401572359,607.1844524999999,1770.2426894999999,1163.058237,27.3493115,6354.320388,2,1,1,74.5,2,240,170,1,26,2024-07-24,2021-03-20,2,2021,VL,N,2021-03-20,NA,NA,5,2023,TRUE,2,NA,NA,4,2,0.5,17,2023-08-21,19,0,0,NA,NA,NA,NA,NA,NA,NA,NA,2019+,farm5
FR4401572360,794.5630945,2238.8349200000002,1444.2718255,35.294233,8390.6310675,3,2,1.5,85,2,270,112,1,25,2024-10-21,2021-03-22,2,2021,VL,N,2021-03-22,NA,NA,5,2023,TRUE,2,NA,NA,6,2,0.3333333333333333,17,2023-08-24,18,0,0,NA,NA,NA,NA,NA,NA,NA,NA,2019+,farm5
FR4401572361,1002.5728005,2335.4854065,1332.912606,36.0756205,9662.281553,1.5,0.5,0.5,96.5,2,277,51,1,26,2024-05-10,2021-03-22,2,2021,VL,N,2021-03-22,NA,NA,5,2023,TRUE,2,NA,NA,3,2,0.6666666666666666,16,2023-08-05,16,0,0,NA,NA,NA,NA,NA,NA,NA,NA,2019+,farm5
FR4401572362,785.04853,1933.1067675,1148.0582375,30.814418500000002,7280.7281545,NA,NA,0,NA,2,242,146,1,26,2024-07-04,2021-03-25,2,2021,VL,N,2021-03-25,NA,NA,6,2023,FALSE,2,NA,NA,0,0,NA,NA,NA,NA,0,0,NA,NA,NA,NA,NA,NA,NA,NA,2019+,farm5
FR4401572363,643.9320285,2128.3494840000003,1484.4174555,33.7641355,6033.058252000001,6,5,2.5,56,2,215.5,157,1,26,2024-11-25,2021-04-21,2,2021,VL,N,2021-04-21,NA,NA,7,2023,TRUE,2,NA,NA,6,1,0.16666666666666666,16,2023-09-07,21,0,0,NA,NA,NA,NA,NA,NA,NA,NA,2019+,farm5
FR4401572364,824.8543545,1942.4271555,1117.572801,32.1461625,7018.9320385,NA,NA,0,NA,2,248.5,77,1,26,2024-11-21,2021-06-02,2,2021,VL,N,2021-06-02,NA,NA,8,2023,FALSE,2,NA,NA,0,0,NA,NA,NA,NA,0,0,NA,NA,NA,NA,NA,NA,NA,NA,2019+,farm5
FR4401572364,824.8543545,1942.4271555,1117.572801,32.1461625,7018.9320385,NA,NA,0,NA,2,248.5,77,1,26,2024-11-21,2021-06-02,2,2021,VL,N,2021-06-02,NA,NA,8,2023,FALSE,2,NA,NA,0,0,NA,NA,NA,NA,0,0,NA,NA,NA,NA,NA,NA,NA,NA,2019+,farm5
FR4401572365,944.6601795,1364.07765,419.4174705,36.528043999999994,5011.165048000001,1,0,0,67,2,159,75,1,24,2024-06-03,2021-06-21,2,2021,VL,N,2021-06-21,M,2024-07-29,6,2023,FALSE,2,37,9,1,1,1,14,2023-08-28,14,0,0,NA,NA,NA,NA,NA,NA,NA,NA,2019+,farm5
FR4401572366,451.067948,1336.504825,885.436877,20.599038,2079.902912,NA,NA,0,NA,1,104,NA,0,31,2024-02-05,2021-06-24,2,2021,VL,N,2021-06-24,M,2024-07-20,2,2024,FALSE,2,36,62,0,0,NA,NA,NA,NA,0,0,NA,NA,NA,NA,NA,NA,NA,NA,2019+,farm5
FR4401572366,451.067948,1336.504825,885.436877,20.599038,2079.902912,NA,NA,0,NA,1,104,NA,0,31,2024-02-05,2021-06-24,2,2021,VL,N,2021-06-24,M,2024-07-20,2,2024,FALSE,2,36,62,0,0,NA,NA,NA,NA,0,0,NA,NA,NA,NA,NA,NA,NA,NA,2019+,farm5
FR4401572367,672.330083,1719.999973,1047.66989,28.274914,7988.3495140000005,4,3,3,54,1,291,NA,0,29,2023-12-25,2021-07-24,2,2021,VL,N,2021-07-24,NA,NA,12,2023,TRUE,2,NA,NA,4,1,0.25,18,2024-02-16,22,0,0,NA,NA,NA,NA,NA,NA,NA,NA,2019+,farm5
FR4401572368,770.970857,2088.9805525,1318.0096955,35.591898,7887.815533499999,2.5,1.5,2,55,2,246,49,1,25,2024-12-12,2021-07-31,2,2021,VL,N,2021-07-31,NA,NA,9,2023,TRUE,2,NA,NA,5,2,0.4,15,2023-11-08,19,0,0,NA,NA,NA,NA,NA,NA,NA,NA,2019+,farm5
FR4401572369,585.825231,1396.6019125,810.7766815,22.9668565,3274.0291255,1.5,0.5,1.5,84.5,2,142,257,1,24,2024-10-07,2021-08-29,2,2021,VL,N,2021-08-29,NA,NA,9,2023,TRUE,2,NA,NA,3,2,0.6666666666666666,16,2023-12-31,NA,0,0,NA,NA,NA,NA,NA,NA,NA,NA,2019+,farm5
FR4401572370,705.242707,1704.077641,998.834934,27.310256,4136.310679,NA,NA,0,NA,2,156,NA,0,37,2024-10-07,2021-08-31,2,2021,VL,N,2021-08-31,B,2025-05-12,11,2023,FALSE,2,44,61,0,0,NA,NA,NA,NA,0,0,NA,NA,FR4401572370,310.8,NA,P-3,D,2025-05-13,2019+,farm5
FR4401572371,653.495127,1767.184439,1113.689312,28.337078,2448.543689,1,0,1,65,1,89,NA,0,28,2024-01-12,2021-09-06,2,2021,VL,N,2021-09-06,M,2024-04-14,1,2024,FALSE,2,31,4,1,1,1,18,2024-03-16,NA,0,0,NA,NA,NA,NA,NA,NA,NA,NA,2019+,farm5
FR4401572372,558.543677,1853.68929,1295.145613,30.264462,3555.339805,2,1,0,69,1,121,NA,0,27,2024-01-08,2021-09-07,2,2021,VL,N,2021-09-07,B,2025-01-21,1,2024,TRUE,2,40,258,2,1,0.5,18,2024-03-15,18,0,0,NA,NA,FR4401572372,314.2,NA,P-3,D,2025-01-21,2019+,farm5
FR4401572373,569.0291139999999,858.9320245,289.9029105000001,30.514571500000002,5051.699028999999,3,2,1,91,2,186,123,1,25,2025-02-24,2021-09-12,2,2021,VL,N,2021-09-12,NA,NA,11,2023,TRUE,2,NA,NA,3,1,0.3333333333333333,16,2024-02-02,20,0,0,NA,NA,NA,NA,NA,NA,NA,NA,2019+,farm5
FR4401572374,837.766975,2230.291235,1392.52426,39.153372,12962.427184,2,1,0,69,1,341,NA,0,30,2024-04-05,2021-09-13,2,2021,VL,N,2021-09-13,NA,NA,4,2024,TRUE,2,NA,NA,2,1,0.5,20,2024-06-12,20,0,0,NA,NA,NA,NA,NA,NA,NA,NA,2019+,farm5
FR4401572375,853.932025,1633.009688,779.0776629999999,38.652721,5922.6699025,1,0,0.5,68,2,182,49,1,28,2025-01-10,2021-09-14,2,2021,VL,N,2021-09-14,NA,NA,1,2024,TRUE,2,NA,NA,2,2,1,18,2024-04-09,18,0,0,NA,NA,NA,NA,NA,NA,NA,NA,2019+,farm5
FR4401572376,731.5533855,789.417461,57.864075499999956,35.9424695,5581.5048535000005,5,4,2,71,2,195.5,104,1,24,2025-02-10,2021-10-05,2,2021,VL,N,2021-10-05,NA,NA,11,2023,TRUE,2,NA,NA,5,1,0.2,15,2024-01-11,19,0,0,NA,NA,NA,NA,NA,NA,NA,NA,2019+,farm5
FR4401572377,771.16503,2123.495114,1352.330084,34.742814,11266.116504,5,4,3,63,1,334,NA,0,30,2024-04-12,2021-10-07,2,2021,VL,N,2021-10-07,NA,NA,4,2024,TRUE,2,NA,NA,5,1,0.2,20,2024-06-14,20,0,0,NA,NA,NA,NA,NA,NA,NA,NA,2019+,farm5
FR4401572379,372.330083,855.631041,483.300958,14.28764,1234.563106,1,0,0,66,1,89,NA,0,25,2023-12-14,2021-11-03,2,2021,VL,N,2021-11-03,B,2024-08-07,12,2023,FALSE,2,33,148,1,1,1,15,2024-02-17,15,0,0,NA,NA,FR4401572379,298.1,NA,P-3,D,2024-08-09,2019+,farm5
FR4401572380,698.932025,1758.543656,1059.611631,26.209505,6692.330097,1,0,0,86,1,263,NA,0,31,2024-06-19,2021-11-15,2,2021,VL,N,2021-11-15,NA,NA,6,2024,TRUE,2,NA,NA,1,1,1,21,2024-09-13,21,0,0,NA,NA,NA,NA,NA,NA,NA,NA,2019+,farm5
FR4401572382,719.417459,1729.029099,1009.61164,28.017747,7970.097087,2,1,1,113,1,293,NA,0,29,2024-05-23,2021-11-26,2,2021,VL,N,2021-11-26,NA,NA,5,2024,TRUE,2,NA,NA,2,1,0.5,21,2024-09-12,22,0,0,NA,NA,NA,NA,NA,NA,NA,NA,2019+,farm5
FR4401572383,343.68931150000003,968.1067815,624.4174700000001,30.243524999999998,4249.8543685,1,0,0,66,2,139.5,64,1,27,2025-03-11,2021-12-20,2,2021,VL,N,2021-12-20,NA,NA,4,2024,TRUE,2,NA,NA,1,1,1,17,2024-06-07,17,0,0,NA,NA,NA,NA,NA,NA,NA,NA,2019+,farm5
FR4401572385,693.106782,1996.893179,1303.786397,28.932238,9410,4,3,3,77,1,335,NA,0,25,2024-04-11,2022-02-12,2,2022,VL,N,2022-02-12,NA,NA,4,2024,TRUE,2,NA,NA,4,1,0.25,16,2024-06-26,19,0,0,NA,NA,NA,NA,NA,NA,NA,NA,2019+,farm5
FR4401572387,548.058239,1634.660166,1086.601927,25.132885,3635.728155,1,0,0,64,1,149,NA,0,26,2024-05-22,2022-03-05,2,2022,VL,N,2022-03-05,NA,NA,5,2024,TRUE,2,NA,NA,1,1,1,16,2024-07-24,16,0,0,NA,NA,NA,NA,NA,NA,NA,NA,2019+,farm5
FR4401572388,868.834936,2283.689292,1414.854356,36.001132,9262.427184,1,0,0,78,1,265,NA,0,27,2024-06-20,2022-03-09,2,2022,VL,N,2022-03-09,NA,NA,6,2024,TRUE,2,NA,NA,1,1,1,17,2024-09-05,17,0,0,NA,NA,NA,NA,NA,NA,NA,NA,2019+,farm5
FR4401572391,659.708721,1339.902885,680.194164,22.937373,4409.320388,2,1,1,66,1,198,NA,0,26,2024-08-25,2022-06-23,2,2022,VL,N,2022-06-23,NA,NA,8,2024,TRUE,2,NA,NA,2,1,0.5,16,2024-10-29,16,0,0,NA,NA,NA,NA,NA,NA,NA,NA,2019+,farm5
FR4401572392,486.796102,1300.485413,813.689311,20.432631,3769.126213,1,0,0,55,1,190,NA,0,25,2024-08-19,2022-07-03,2,2022,VL,N,2022-07-03,NA,NA,8,2024,TRUE,2,NA,NA,1,1,1,15,2024-10-11,15,0,0,NA,NA,NA,NA,NA,NA,NA,NA,2019+,farm5
FR4401572393,622.232995,1476.699002,854.466007,24.626896,3466.893203,1,0,0,84,1,145,NA,0,27,2024-10-17,2022-07-03,2,2022,VL,N,2022-07-03,NA,NA,10,2024,TRUE,2,NA,NA,1,1,1,18,2025-01-08,18,0,0,NA,NA,NA,NA,NA,NA,NA,NA,2019+,farm5
FR4401572394,646.699015,1486.019391,839.320376,25.905851,4728.446601,2,1,1,87,1,188,NA,0,25,2024-09-05,2022-07-15,2,2022,VL,N,2022-07-15,NA,NA,9,2024,TRUE,2,NA,NA,2,1,0.5,16,2024-11-30,17,0,0,NA,NA,NA,NA,NA,NA,NA,NA,2019+,farm5
FR4401572395,626.213577,1321.747543,695.533966,20.698019,4059.2233,1,0,0,61,1,202,NA,0,25,2024-08-22,2022-07-17,2,2022,VL,N,2022-07-17,NA,NA,8,2024,TRUE,2,NA,NA,1,1,1,15,2024-10-21,15,0,0,NA,NA,NA,NA,NA,NA,NA,NA,2019+,farm5
FR4401572398,573.980569,1486.504828,912.524259,24.5,2188.349514,1,0,1,57,1,92,NA,0,27,2024-12-10,2022-08-14,2,2022,VL,N,2022-08-14,NA,NA,12,2024,TRUE,2,NA,NA,1,1,1,17,2025-02-03,NA,0,0,NA,NA,NA,NA,NA,NA,NA,NA,2019+,farm5
FR4401572399,649.51455,1590.873753,941.359203,26.05,5513.495145,1,0,0,64,1,218,NA,0,23,2024-08-06,2022-08-20,2,2022,VL,N,2022-08-20,NA,NA,8,2024,TRUE,2,NA,NA,1,1,1,13,2024-10-08,13,0,0,NA,NA,NA,NA,NA,NA,NA,NA,2019+,farm5
FR4401572400,490.970859,1407.281522,916.310663,22.672661,3059.708737,1,0,0,74,1,139,NA,0,25,2024-10-24,2022-09-20,2,2022,VL,N,2022-09-20,NA,NA,10,2024,TRUE,2,NA,NA,1,1,1,15,2025-01-05,15,0,0,NA,NA,NA,NA,NA,NA,NA,NA,2019+,farm5
FR4401572402,709.223287,1985.728124,1276.504837,32.951127,4254.854368,1,0,1,78,1,133,NA,0,24,2024-10-30,2022-10-14,2,2022,VL,N,2022-10-14,NA,NA,10,2024,TRUE,2,NA,NA,1,1,1,15,2025-01-15,NA,0,0,NA,NA,NA,NA,NA,NA,NA,NA,2019+,farm5
FR4401572403,618.15532700000006,1142.524254,524.368927,27.9,1760.679611,NA,NA,0,NA,1,65,NA,0,26,2025-01-06,2022-10-16,2,2022,GL,N,2022-10-16,NA,NA,10,2022,TRUE,2,NA,NA,0,0,NA,NA,NA,NA,0,0,NA,NA,NA,NA,NA,NA,NA,NA,2019+,farm5
FR4401572404,584.466004,488.058244,-96.40776,25.690697,1072.524271,NA,NA,0,NA,1,43,NA,0,27,2025-01-28,2022-10-19,2,2022,GL,N,2022-10-19,NA,NA,10,2022,TRUE,2,NA,NA,0,0,NA,NA,NA,NA,0,0,NA,NA,NA,NA,NA,NA,NA,NA,2019+,farm5
FR4401572405,23.689319,0,-23.689319,12.2,23.68932,NA,NA,0,NA,1,2,NA,0,28,2025-03-10,2022-10-23,2,2022,GL,N,2022-10-23,NA,NA,10,2022,TRUE,2,NA,NA,0,0,NA,NA,NA,NA,0,0,NA,NA,NA,NA,NA,NA,NA,NA,2019+,farm5
FR4401572406,755.728142,483.689312,-272.03883,29.688372,1239.417475,NA,NA,0,NA,1,43,NA,0,26,2025-01-28,2022-11-01,2,2022,GL,N,2022-11-01,NA,NA,11,2022,TRUE,2,NA,NA,0,0,NA,NA,NA,NA,0,0,NA,NA,NA,NA,NA,NA,NA,NA,2019+,farm5
FR4401572407,553.980568,704.368917,150.388349,22.346551,1258.349514,NA,NA,0,NA,1,58,NA,0,26,2025-01-13,2022-11-11,2,2022,GL,N,2022-11-11,NA,NA,11,2022,TRUE,2,NA,NA,0,0,NA,NA,NA,NA,0,0,NA,NA,NA,NA,NA,NA,NA,NA,2019+,farm5
FR4401572416,23.786406,0,-23.786406,12.25,23.786407,NA,NA,0,NA,1,2,NA,0,24,2025-03-10,2023-02-09,2,2023,GL,N,2023-02-09,NA,NA,2,2023,TRUE,2,NA,NA,0,0,NA,NA,NA,NA,0,0,NA,NA,NA,NA,NA,NA,NA,NA,2019+,farm5
FR4403902667,1200.097073,2989.029098,1788.932025,44,7176.699029,NA,NA,0,NA,5,168,NA,0,99,2015-03-09,2006-11-22,NA,2006,NA,NA,NA,NA,NA,NA,NA,NA,NA,NA,NA,0,0,NA,58,2012-10-13,NA,0,0,NA,NA,FR4403902667,314.8,NA,P-3,D,2016-03-17,pre-2013,farm5
FR4404288196,1279.708719,2855.145604,1575.436885,36.497734,23457.76699,NA,NA,3,NA,2,662,NA,0,-4,2014-11-14,2015-04-12,NA,2015,NA,NA,NA,NA,NA,NA,NA,NA,NA,NA,NA,0,0,NA,NA,NA,NA,0,0,NA,NA,NA,NA,NA,NA,NA,NA,2013-2016,farm5
FR4404288312,960.9708585000001,2404.6278028333336,1443.6569443333333,36.586533,10713.8025885,NA,NA,0.8333333333333334,NA,6,304.3333333333333,44.8,5,-14,2021-08-02,2017-10-09,NA,2017,NA,NA,NA,NA,NA,NA,NA,NA,NA,NA,NA,0,0,NA,NA,NA,NA,0,0,NA,NA,NA,NA,NA,NA,NA,NA,2016-2019,farm5
FR4404288379,522.961149,1345.145602,822.184453,21.274625,3398.7864074999998,NA,NA,1.5,NA,2,171.5,130,1,24009,2020-10-13,0019-01-31,NA,19,NA,NA,NA,NA,NA,NA,NA,NA,NA,NA,NA,0,0,NA,NA,NA,NA,0,0,NA,NA,NA,NA,NA,NA,NA,NA,pre-2013,farm5
FR4439733676,917.815517,2462.5242435,1544.7087265,35.804925,12559.223300500002,3.5,2.5,2.5,70,2,364.5,46,1,28,2023-02-17,2019-07-11,2,2019,VL,A,2019-11-15,M,2024-02-21,11,2021,FALSE,2,55,50,7,2,0.2857142857142857,18,2022-02-02,21,0,0,NA,NA,NA,NA,NA,NA,NA,NA,2016-2019,farm5
FR4439733677,525.72814,1744.951429,1219.223289,30.646105,9550.873786,6,5,6,157,1,321,NA,0,28,2021-12-07,2019-07-18,2,2019,VL,A,2019-11-15,B,2022-10-24,12,2021,FALSE,2,39,0,6,1,0.16666666666666666,21,2022-05-13,NA,0,0,NA,NA,FR4439733677,305.2,NA,P-3,D,2022-10-25,2016-2019,farm5
FR4460332589,1060.1132528333333,2327.2653426666666,1267.1520898333333,32.933133,8655.113267833334,1.2,0.2,0.16666666666666666,74.4,7,273.5,61,5,25,2023-01-22,2016-01-01,2,2016,VL,A,2016-02-16,B,2024-01-02,2,2018,FALSE,2,96,193,6,5,0.8333333333333334,17,2018-06-13,17,0,0,NA,NA,FR4460332589,338.1,NA,P-3,D,2024-01-02,2013-2016,farm5
FR4460332596,599.611635,1565.922305,966.31067,27.201219,2165.53398,NA,NA,0,NA,1,82,NA,0,26,2018-03-17,2016-01-05,2,2016,VL,A,2016-02-16,E,2018-06-07,3,2018,FALSE,2,29,0,0,0,NA,NA,NA,NA,0,0,NA,NA,NA,NA,NA,NA,NA,NA,2013-2016,farm5
FR4460332597,936.699011,36.407766,-900.291245,33.41,973.106796,NA,NA,0,NA,1,30,NA,0,27,2018-05-08,2016-01-09,2,2016,VL,A,2016-02-16,E,2018-06-07,5,2018,FALSE,2,28,0,0,0,NA,NA,NA,NA,0,0,NA,NA,NA,NA,NA,NA,NA,NA,2013-2016,farm5
FR4460604189,630.485424,1787.572787,1157.087363,30.570568,8874.368932,1,0,0,97,1,299,NA,0,27,2024-03-13,2021-12-13,2,2021,VL,A,2022-06-23,NA,NA,3,2024,TRUE,2,NA,NA,1,1,1,18,2024-06-18,18,0,0,NA,NA,NA,NA,NA,NA,NA,NA,2019+,farm5
FR4460604191,694.854353,2027.961137,1333.106784,29.797552,8273.883495,6,5,6,82,1,286,NA,0,26,2024-04-04,2022-01-10,2,2022,VL,A,2022-06-23,B,2025-02-03,4,2024,TRUE,2,36,19,6,1,0.16666666666666666,17,2024-06-25,NA,0,0,NA,NA,FR4460604191,298.5,NA,P-3,D,2025-02-04,2019+,farm5
FR4460604192,334.5145545,886.456295,551.9417404999999,28.398713,3442.912621,1,0,0,86,2,137,90,1,26,2025-03-10,2022-01-11,2,2022,VL,A,2022-06-23,NA,NA,3,2024,TRUE,2,NA,NA,1,1,1,16,2024-06-07,16,0,0,NA,NA,NA,NA,NA,NA,NA,NA,2019+,farm5
FR4460604195,594.36892,1705.436863,1111.067943,26.371118,8244.174757,3,2,1,56,1,322,NA,0,26,2024-03-21,2022-01-18,2,2022,VL,A,2022-06-23,NA,NA,3,2024,TRUE,2,NA,NA,3,1,0.3333333333333333,15,2024-05-15,17,0,0,NA,NA,NA,NA,NA,NA,NA,NA,2019+,farm5
FR4913260364,751.941735,1797.184439,1045.242704,29.315596,3102.330097,1,0,1,66,1,109,NA,0,27,2016-09-21,2014-06-07,2,2014,VL,A,2014-07-03,M,2017-01-15,9,2016,FALSE,2,31,7,1,1,1,17,2016-11-25,NA,0,0,NA,NA,NA,NA,NA,NA,NA,NA,2013-2016,farm5
FR4913260365,649.999983,843.398043,193.39806,27.467857,1493.398058,NA,NA,0,NA,1,56,NA,0,29,2016-11-11,2014-06-08,2,2014,VL,A,2014-07-03,E,2017-01-06,11,2016,FALSE,2,30,0,0,0,NA,NA,NA,NA,0,0,NA,NA,NA,NA,NA,NA,NA,NA,2013-2016,farm5
FR4916869232,991.7475583333332,2186.8931746666667,1195.1456163333332,32.34730333333333,9822.815533666668,2.6666666666666665,1.6666666666666665,1.3333333333333333,79,3,312.6666666666667,59,2,30,2019-09-05,2015-01-29,2,2015,VL,A,2015-03-11,B,2020-07-20,8,2017,FALSE,2,65,0,8,3,0.375,21,2017-11-24,21,0,0,NA,NA,FR4916869232,306.6,NA,P-3,D,2020-07-21,2013-2016,farm5
FR4916869235,1065.5825105000001,2463.47084325,1397.88833275,36.431768,11973.1310675,1.3333333333333333,0.33333333333333337,0,108.33333333333333,4,336,115.66666666666667,3,30,2021-03-01,2015-02-04,2,2015,VL,A,2015-03-11,B,2022-04-13,8,2017,FALSE,2,86,0,4,3,0.75,22,2017-12-19,22,0,0,NA,NA,FR4916869235,311.3,NA,P-3,D,2022-04-14,2013-2016,farm5
FR4969340199,877.28154,0,-877.28154,32.271428,877.281553,NA,NA,0,NA,1,28,NA,0,28,2016-12-30,2014-08-03,2,2014,VL,A,2014-09-02,E,2017-01-27,12,2016,FALSE,2,29,0,0,0,NA,NA,NA,NA,0,0,NA,NA,NA,NA,NA,NA,NA,NA,2013-2016,farm5
FR7947950550,749.514547,2026.844631,1277.330084,30.3383945,9720.9708735,7,6,2.5,88,2,346.5,150,1,25,2018-06-04,2014-07-16,2,2014,VL,A,2014-07-29,B,2019-11-19,8,2016,FALSE,2,64,333,7,1,0.14285714285714285,16,2016-11-26,19,0,0,NA,NA,FR7947950550,425.1,NA,P-3,D,2019-11-20,2013-2016,farm5
FR7947950551,727.378624,1798.349485,1070.970861,28.803603,3104.077669,1,0,0,72,1,111,NA,0,28,2016-11-30,2014-07-23,2,2014,VL,A,2014-08-05,B,2017-03-21,11,2016,FALSE,2,31,0,1,1,1,18,2017-02-10,18,0,0,NA,NA,FR7947950551,263.2,NA,P-2,D,2017-03-22,2013-2016,farm5
FR7947950552,983.1715093333333,2372.2006176666664,1389.0291083333334,34.26638766666667,13496.278316666667,2.6666666666666665,1.6666666666666667,1.3333333333333333,128.66666666666666,3,404,48.5,2,24,2018-12-09,2014-07-29,2,2014,VL,A,2014-08-11,B,2020-05-25,8,2016,FALSE,2,69,80,8,3,0.375,14,2016-10-07,14,0,0,NA,NA,FR7947950552,350.5,NA,P-3,D,2020-05-26,2013-2016,farm5
